:020000040800F2
:10000000E0D4012051680008890300088B03000830
:100010008D0300088F030008910300080000000012
:10002000000000000000000000000000B101000816
:1000300093030008000000000D020008A9950008C5
:100040006B6800086B6800086B6800086B68000844
:100050006B6800086B6800086B6800086B68000834
:100060006B6800086B6800086B6800086B68000824
:100070006B6800086B6800086B6800086B68000814
:100080006B6800086B6800086B6800086B68000804
:100090006B6800086B6800086B6800086B680008F4
:1000A000DD4E00086B6800086B6800086B6800088C
:1000B0006B680008550300086B6800086B6800084F
:1000C0006B6800086B6800086B6800086B680008C4
:1000D0006B680008D5530008A9670008755500082B
:1000E0006B6800086B6800086B6800086B680008A4
:1000F0006B6800086B6800086B6800086B68000894
:100100006B6800086B6800086B6800086B68000883
:100110006B680008A95600086B6800086B68000847
:100120006B6800086B6800086B6800086B68000863
:100130006B6800086B6800086B6800086B68000853
:10014000D55900086B6800086B680008098E030821
:100150006B6800086B6800086B680008415D000868
:100160006B6800086B6800086B6800086B68000823
:100170006B6800086B6800086B6800086B68000813
:100180006B6800086B680008DFF80CD039F0E4FEFB
:100190000048004729030008E0D4012030BF72B6B0
:1001A000704762B6704780F30888704768467047AA
:1001B0002C4B19680868B0E8F04F80F30988BFF34A
:1001C0006F8F4FF0000080F311887047000000002F
:1001D00008480068006880F308884FF0000080F34A
:1001E000148862B661B6BFF34F8FBFF36F8F00DF25
:1001F00000BF00BF08ED00E0DFF80C00016841F42B
:1002000070010160704700BF88ED00E0EFF30980E6
:10021000BFF36F8F134B1A681EF0100F08BF20ED4D
:10022000108A20E9F04F106009B44FF0100080F3FD
:100230001188BFF34F8FBFF36F8F08F086FA4FF02E
:10024000000080F3118809BC19680868B0E8F04F15
:100250001EF0100F08BFB0EC108A80F30988BFF3BE
:100260006F8F70476C000020EFF30580704700002F
:100270007FB50C4605460121022007F01AF80195CA
:10028000ADF8004000243A4DADF80240ADF808400A
:100290006946284607F000FB01221146284607F070
:1002A00084FE0121284607F06FFB1D208DF80C000D
:1002B0008DF80D4002208DF80E0001208DF80F0002
:1002C00003A806F0DCFA7FBD4FF4A06006F0D2FA76
:1002D0004FF4FA6033F01AFA00F03BFE04F067FCCA
:1002E000012000F077FC0BF086FE09F0B2F909F06E
:1002F00026FA532140F2CF70FFF7BAFF32F024FB09
:1003000033F05AFD34F044FE0021012009F0C4F915
:1003100027F0A6FD022033F0F9F9F5E7154800684B
:100320000168491C016070470EB5A82006F028F846
:1003300006F08AF8032002A9CDE9000100234FF45A
:1003400080520DA1AFF27F0007F0ADFF08F039FB3E
:1003500000200EBD10B5064C10342088C00702D016
:10036000022024F023FE4FF6FE70208010BD000016
:1003700000040040000000204F7574736964655FDD
:100380006D6F746F720000007047FEE7FEE7FEE7D6
:10039000FEE770470CB500205449019000900A68B0
:1003A00042F480320A604FF4A0430A6802F400323B
:1003B0000092019A521C0192009A12B9019A9A4233
:1003C000F3D10A68920334D50120009047484030A9
:1003D000026842F0805202604548026842F440429E
:1003E00002604248083002680260026842F400423B
:1003F0000260026842F4A0520260031F3D4A1A6084
:100400000A6842F080720A600A689201FCD53A4A92
:1004100040F205711160016821F00301016001687B
:1004200041F0020101600168C1F381010229FAD1A2
:100430000CBD00900CBD314810B5016841F470014D
:1004400001602A48016841F001010160274A00214A
:100450000832116002682A4B1A400260031D294AC3
:100460001A60026822F48022026020480C30016089
:10047000FFF790FF21494FF000608039086010BD00
:1004800070B51A4C083420681F4A10F00C011F4840
:1004900004D05510042903D0082903D002601BE0C2
:1004A000056019E01149091D0B68C3F380560B68FC
:1004B00003F03F0316B1B5FBF3F201E0B2FBF3F238
:1004C0000B680968C3F388135A43C1F30141491CFF
:1004D0004900B2FBF1F1016021680C4AC1F303113C
:1004E000121D515C0268CA40026070BD00380240B3
:1004F0000070004008544007003C024088ED00E0D6
:10050000FFFFF6FE103000240024F4000400002059
:1005100001B5BDF80000ADF80000BDF800004FF0D7
:10052000D841A1F87E0008BD01B5BDF80000ADF8C6
:100530000000BDF800004FF0D841A1F8800008BDD0
:1005400008B54FF0D840B0F88000ADF80000BDF815
:10055000000008BD4FF0D84222F87E0F518070474E
:1005600010B5FFF7D5FF052005F010FFBDE81040DE
:10057000E6E7FE484FF0D8410089A1F87E007047B9
:100580004FF0D841A1F880007047C0F34511C20A6E
:10059000C00200EB4110104480B27047401EC0B250
:1005A000FCD27047F0B5F14E02463346B0880C4697
:1005B0004FEA112C150A5B89A0F5134141391AD075
:1005C000A0F5A641103916D0B646B1793688A0F507
:1005D000D047B61A761E043F18D07746A0F5C85EFD
:1005E000BEF1630E27D0A0F5A04EBEF5A26E5BD083
:1005F000012974D074E01846FFF78AFF2846FFF7F8
:1006000093FFD0B2FFF790FFB0890DE07546012946
:1006100000D1B2B21846FFF77BFF100AFFF784FF44
:10062000D0B2FFF781FFA889FFF772FF6046FFF79E
:100630007BFFE0B226E041B31846FFF769FF28468A
:10064000FFF772FFD0B2FFF76FFF3888401EC0F38C
:100650000F20FFF769FF3878401EC0B2FFF764FF34
:10066000B889FFF755FF6046FFF75EFFE0B2FFF77E
:100670005BFF7888401EC0F30F20FFF755FFB87866
:10068000401EC0B2BDE8F0404EE7B2B21846FFF7D8
:100690003FFF0020FFF748FF0020FFF745FF100A4B
:1006A000FFF742FFD0B2D9E71846FFF731FF2846DF
:1006B000FFF73AFF7889401C80B2FFF729FFD0B2DC
:1006C000FFF732FFB889FFF723FF6046FFF72CFFE3
:1006D000B889401C80B2FFF71BFFAAE7FFE7B2B260
:1006E00011461846FFF736FFB8892146BDE8F040AD
:1006F00030E72DE9F0419D4C0026354622888242A4
:1007000002D962888A4202D80020BDE8F081FFF752
:1007100049FFA08849F2413841F6631C45F2103286
:1007200045F21057404507D0A0F5D041043903D019
:10073000904201D0604501D12E2005E0B84202D19F
:100740004FF4385000E02220FFF7E2FEA088A0F529
:100750001341203903D10120401EC0B2FCD2FFF763
:10076000EFFEA1886145D0D00120401EC0B2FCD26E
:10077000FFF7E6FE0146A088C446604503D09042DC
:1007800001D0B8420BD10120401EC0B2FCD2FFF70D
:10079000D7FE0546C8B24FF6FF7303EA0026A088CD
:1007A000A0F51343253B1AD0A0F58A43353B16D05C
:1007B0001B1D14D0A0F53543053B10D0B3F5805375
:1007C0000DD0604503D0904201D0B84209D1C80A8B
:1007D000C002B10A40EA411040EAD52095E7084638
:1007E00093E7BDE8F0410846CFE660488088A0F571
:1007F0001341413913D0A0F5D04104390FD0A0F5F1
:10080000A64110390BD0A0F5C851633907D0A0F527
:10081000AA41103905D040F2731107209AE6292029
:1008200001E04FF4245073E650488088A0F513414E
:10083000413912D0A0F5D04104390ED0A0F5A6411F
:1008400010390AD0A0F5C851633906D0A0F5AA41E5
:10085000103904D0002107207CE6282001E04FF465
:10086000205055E6F0B5414C00232146A5798988F2
:1008700046F6040241F66316012D01D02DB11DE0AC
:1008800091421BD0B14202D118E0B14216D10828E2
:1008900014D2DFE800F00406080A0C0E101206203D
:1008A0000CE007200AE0042008E0052006E0012013
:1008B00004E0002002E0032000E00220A1F5134C38
:1008C00045F2103745F21055BCF1410C07D091426A
:1008D00005D0B94203D0A94201D0B1427ED1082847
:1008E00012D2DFE800F0110406080A0C0E10802373
:1008F0000AE0402308E0C02306E0202304E0602350
:1009000002E0A02300E0E023A94202D14FF45850B6
:1009100000E03620B94205D0A94203D0B14201D04F
:1009200043F00803914201D143F002031946FFF757
:1009300011FEA188B1420AD098062088628802D5AB
:10094000904202D303E0904201D922806080608906
:10095000A94244D1FFF7DCFD0020FFF7E5FD6089E7
:10096000401C80B2FFF7D4FD002001E014050020F8
:10097000FFF7DAFD6089801C80B2FFF7C9FD20888F
:10098000401EC0F30F20FFF7CFFD6089C01C80B26E
:10099000FFF7BEFD2078401EC0B2FFF7C5FDA0895D
:1009A000FFF7B6FD0020FFF7BFFDA089401C80B215
:1009B000FFF7AEFD0020FFF7B7FDA089801C80B2D5
:1009C000FFF7A6FD6088401EC0F30F20FFF7ACFDC7
:1009D000A089C01C80B2FFF79BFD22E027E0FFF753
:1009E00097FD0020FFF7A0FD0020FFF79DFD208868
:1009F000401EC0F30F20FFF797FD2078401EC0B2C5
:100A0000FFF792FDA089FFF783FD0020FFF78CFD23
:100A10000020FFF789FD6088401EC0F30F20FFF71C
:100A200083FDA078BDE8F040401EC0B27CE50828F8
:100A300012D2DFE800F0040608110A0C0E10302371
:100A40000AE0102308E0202306E0382304E02823EE
:100A500002E0182300E00823BDE8F040032043F43F
:100A6000805177E500B5FFF79DFDFFF782FDFE4859
:100A70004FF0D8410088A1F8800000BD2DE9F04179
:100A8000FA4C90460246A08823460D464FEA112CA8
:100A9000160A5B89A0F51341413916D0A0F5A6418D
:100AA000103912D0B1F5007114D02646A0F5C85700
:100AB000B1793688B61A761E633F25D0A0F5D047A7
:100AC000043F3DD0012951D051E01846FFF720FDE9
:100AD00030463CE01846FFF71BFD3046FFF724FD8B
:100AE0006089401C80B2FFF713FDD0B2FFF71CFDF8
:100AF000A089FFF70DFD6046FFF716FDA089401C99
:100B000080B2FFF705FD2DE001B9B2B21846FFF73C
:100B1000FFFC160A3046FFF707FDD0B2FFF704FDD1
:100B20003046FFF701FDD0B2FFF7FEFCA089FFF7CA
:100B3000EFFC6046FFF7F8FCE8B2FFF7F5FC0EE0CB
:100B4000012900D1B2B21846FFF7E2FC100AFFF704
:100B5000EBFCD0B2FFF7E8FCA089FFF7D9FC6046B8
:100B6000FFF7E2FCE8B2FFF7DFFC08E0B2B21146A3
:100B70001846FFF7EFFCA0892946FFF7EBFC4FF082
:100B8000D840218920F87E1FA0F80280BDE510B56D
:100B90000246BE20FFF7BCFC0520FFF7C5FC10464F
:100BA00038F00CFE9FEDB21B53EC112B38F014FD06
:100BB00038F030FE80B2FFF7B7FC0120FFF7B4FC3D
:100BC000FF20FFF7B1FC0020FFF7AEFCBDE81040AE
:100BD0000020A9E42DE9F04FA4492A242B25898877
:100BE00045F2105A4FF4305B4FF4285E4FF44876CC
:100BF0004FF0F00C49F241394FF4A07345F2103731
:100C00004FF4F07280B199484FF00108494580F8DF
:100C100006800380A0F802C001D0B9423ED12C2644
:100C200006814481858157E090484FF0000849458E
:100C300080F80680A0F800C0438006D0A1F5D04C13
:100C4000BCF1040C01D0B9420CD12C2606814481A0
:100C5000A1F5D0448581043C01D0B94244D1038040
:100C6000428041E0514507D1A0F808B0A0F80AE061
:100C70004FF42C5181810EE0A1F5C853633B06D09F
:100C80002221018120214181212181812CE02C21FF
:100C90000181458184810280468025E0A1F5D04C08
:100CA000BCF1040C09D051450BD1A0F808B0A0F854
:100CB0000AE04FF42C54848120E02C2606814581E3
:100CC00009E0A1F5C85CBCF1630C11D022240481B9
:100CD0002124448120248481A1F5D044043C01D006
:100CE000B94201D102804380BDE8F04F0020B9E550
:100CF0004FF02C0CA0F808C044818581068042800A
:100D0000EAE72DE9FE4F0446104401EB0308DFF843
:100D10005C91401EA8F1010887B2B9F80400C8F33D
:100D2000072302930B0A0093A3185B1EC3F3072348
:100D300001934B460D465B89A0F513411FFA88F6D7
:100D40004FEA142B413912D0A0F5A04CBCF5447CDD
:100D50000DD0A0F5D04CBCF1040C08D099F806A039
:100D600041F6631CBAF1010F1ED160451CD14A4601
:100D70001846FFF7CDFB5846FFF7D6FBE0B2FFF76A
:100D8000D3FB0198FFF7D0FBF8B2FFF7CDFB9089BA
:100D9000FFF7BEFB0098FFF7C7FBE8B2FFF7C4FB05
:100DA0000298FFF7C1FB95E030496045098825D1DD
:100DB000881A001B84B24E461FFA88F71846FFF7C0
:100DC000A7FB200AFFF7B0FBE0B2FFF7ADFB224420
:100DD000521EC2F30F20FFF7A7FBD0B2FFF7A4FB10
:100DE000B089FFF795FB0098FFF79EFBE8B2FFF78D
:100DF0009BFB380AFFF798FBF8B26CE0A0F5A04C1B
:100E00004A46BCF5A26C23D0BAF1010F67D03B462D
:100E100020462F46502201464FF051094FF052080C
:100E20004FF0530C1046FFF795FB19464846FFF765
:100E300091FB39464046FFF78DFB31466046FFF790
:100E400089FB03B029462046BDE8F04FFFF7AABB57
:100E50001846FFF75DFB5846FFF766FB5089401CBC
:100E600080B2FFF755FB07E01800002014050020B2
:100E70006666666666660440E0B2FFF755FB508919
:100E8000801C80B2FFF744FB0198FFF74DFB5089AF
:100E9000C01C80B2FFF73CFBF8B2FFF745FB90891E
:100EA000FFF736FB0098FFF73FFB9089401C80B2AC
:100EB000FFF72EFBE8B2FFF737FB9089801C80B26A
:100EC000FFF726FB0298FFF72FFB9089C01C80B22A
:100ED000FFF71EFBF0B2BDE8FE4FFFF725BBCA1BB4
:100EE000521E091B3346491E284697B28EB291E71F
:100EF0002DE9F043FF4C8146002520886688464353
:100F0000A088A0F5D041043902D1A079012808D0E9
:100F100000210846FFF746FBFFF72BFB4FF0D840B8
:100F200013E00020A0712A2767814FF02B08A4F856
:100F30000C800146FFF736FB0120A071A4F80A805F
:100F4000A781E9E7A0F880906D1CB542FAD3BDE80F
:100F5000F0832DE9F04FA1B0002401217A201194F3
:100F600006F089F90121084606F099F901208DF86B
:100F700004008DF8064002208DF8050001200825A8
:100F80008DF8070000956946DB4805F037FD4CF207
:100F90003370009002208DF804008DF80640032085
:100FA0008DF8050001208DF807006946D34805F04B
:100FB00025FD4FF68070009002208DF804008DF81A
:100FC000064003208DF805000120CD4E8DF8070066
:100FD0006946304605F012FD6802009002208DF847
:100FE00004008DF8064003208DF805000120C54F50
:100FF0008DF807006946384605F000FD680200904C
:1010000002208DF804008DF8064003208DF80500BD
:1010100001208DF807006946B74805F0EFFC0C2267
:101020000021B64805F073FD0C220121B34805F0FC
:101030006EFD0C220421B14805F069FD0C2205214A
:10104000AE4805F064FD0C220821AC4805F05FFDB8
:101050000C220921A94805F05AFD0C220A21A748B3
:1010600005F055FD0C220E21A44805F050FD0C2280
:101070000F21A24805F04BFD0C220721304605F058
:1010800046FD0C220821304605F041FD0C220921C5
:10109000304605F03CFD0C220A21304605F037FDB4
:1010A0000C220B21304605F032FD0C221146304651
:1010B00005F02DFD0C220D21304605F028FD0C22F7
:1010C0000E21304605F023FD0C220F21304605F09D
:1010D0001EFD0C221146384605F019FD0C22114662
:1010E000854805F014FD0F20CDE91A043C20CDE918
:1010F0001C0413A91E941F940920209481E8310038
:10110000169417940620CDE902041894199410201F
:10111000CDE9044006940002CDE90A400894079402
:101120008000CDE90C4009941AA8CDE90E4013A81F
:10113000109002A805F026FD0121062005F09BFD78
:101140006D4C18342580012005F03CF9A01C058069
:10115000012005F037F92580322005F033F901210F
:101160000020FFF7F7F9322005F02CF90020FFF7F7
:10117000F7F9DFF880C14FF020494FF6FF78ACF85F
:10118000040049F2413545F2103645F2105441F65B
:10119000631246F60407FF2804D3404502D0B0F599
:1011A000134F7DD1D320FFF7B3F9FFF7C9F9ACF89E
:1011B0000400FFF7C5F9ACF80400FFF7C1F908EA2D
:1011C0000020ACF80400FFF7BBF9BCF8041008439A
:1011D000ACF80400A84273D0BF20FFF799F9FFF7DD
:1011E000AFF9ACF80400FFF7ABF9ACF80400FFF777
:1011F000A7F9ACF80400FFF7A3F908EA0020ACF85F
:101200000400FFF79DF9BCF804100843ACF8040093
:10121000B84255D0D420FFF77BF9FFF791F9ACF82D
:101220000400FFF78DF9ACF80400FFF789F908EA2C
:101230000020ACF80400FFF783F9BCF80410084361
:10124000ACF80400B0423BD04FF45A40FFF760F9CD
:10125000FFF776F9ACF804004FF45B40FFF758F95C
:10126000FFF76EF908EA0020ACF804004FF45C4088
:10127000FFF74EF9FFF764F9BCF804100843ACF827
:101280000400B0F5004F4BD0A04219D0A120FFF7C9
:101290003FF9FFF755F9ACF80400FFF751F900E00A
:1012A0000EE008EA0020ACF80400FFF749F9BCF8AA
:1012B00004100843A0F5AE41ACF8040061392CD00D
:1012C00080B2A84205D0B04203D0A04201D09042E3
:1012D00029D1D9F81C11484621F00F01C9F81C1179
:1012E000D9F81C1121F47061C9F81C11D9F81C112E
:1012F0000AE000001405002000180240000C024023
:10130000001002400014024041F00301C9F81C1112
:10131000D9F81C1141F4007122E0ACF80420D8E7A0
:10132000ACF80440D5E7B84203D0A0F545410539F3
:1013300018D1D9F81C11484621F00F01C9F81C1129
:10134000D9F81C1121F47061C9F81C11D9F81C11CD
:1013500041F00A01C9F81C11D9F81C1141F440618F
:10136000C0F81C11BCF80400A8427CD1CF20FFF7C4
:10137000CFF80020FFF7D8F8C120FFF7D5F83020CC
:10138000FFF7D2F8ED20FFF7C3F86420FFF7CCF8A1
:101390000320FFF7C9F81220FFF7C6F88120FFF7F6
:1013A000C3F8E820FFF7B4F88520FFF7BDF8102058
:1013B000FFF7BAF87A20FFF7B7F8CB20FFF7A8F8C5
:1013C0003920FFF7B1F82C20FFF7AEF80020FFF727
:1013D000ABF83420FFF7A8F80220FFF7A5F8F720B4
:1013E000FFF796F82020FFF79FF8EA20FFF790F824
:1013F0000020FFF799F80020FFF796F8C020FFF7CC
:1014000087F81B20FFF790F8C120FFF781F8012033
:10141000FFF78AF8C520FFF77BF83020FFF784F844
:101420003020FFF781F8C720FFF772F8B720FFF7E9
:101430007BF83620FFF76CF84820FFF775F83A2064
:10144000FFF766F85520FFF76FF8B120FFF760F857
:101450000020FFF769F81A20FFF766F8B620FFF7BB
:1014600057F80A2000E092E0FFF75EF8A220FFF7AD
:101470005BF8F220FFF74CF80020FFF755F8262024
:10148000FFF746F80120FFF74FF8E020FFF740F89C
:101490000F20FFF749F82A20FFF746F82820FFF72A
:1014A00043F80820FFF740F80E20FFF73DF808202A
:1014B000FFF73AF85420FFF737F8A920FFF734F880
:1014C0004320FFF731F80A20FFF72EF80F20FFF72F
:1014D0002BF80020FFF728F80020FFF725F8002060
:1014E000FFF722F80020FFF71FF8E120FFF710F8C0
:1014F0000020FFF719F81520FFF716F81720FFF75F
:1015000013F80720FFF710F81120FFF70DF8062059
:10151000FFF70AF82B20FFF707F85620FFF704F82B
:101520003C20FFF701F80520FEF7FEFF1020FEF734
:10153000FBFF0F20FEF7F8FF3F20FEF7F5FF3F20EF
:10154000FEF7F2FF0F20FEF7EFFF2B20FEF7E0FF84
:101550000020FEF7E9FF0020FEF7E6FF0120FEF77E
:10156000E3FF3F20FEF7E0FF2A20FEF7D1FF002037
:10157000FEF7DAFF0020FEF7D7FF0020FEF7D4FFCA
:10158000EF20FEF7D1FF1120FEF7C2FFA5E0B84221
:101590007ED11120FEF7BCFF142004F013FFD020F1
:1015A000FEF7B6FF0720FEF7BFFF4220FEF7BCFFA5
:1015B0001D20FEF7B9FFD120FEF7AAFF0020FEF79D
:1015C000B3FF1A20FEF7B0FF0920FEF7ADFFD220CF
:1015D000FEF79EFF0120FEF7A7FF2220FEF7A4FFE3
:1015E000C020FEF795FF1020FEF79EFF3B20FEF780
:1015F0009BFF0020FEF798FF0220FEF795FF1120C9
:10160000FEF792FFC520FEF783FF0320FEF78CFF55
:10161000C820FEF77DFF0020FEF786FF2520FEF79D
:1016200083FF2120FEF780FF0520FEF77DFF0020CD
:10163000FEF77AFF0A20FEF777FF6520FEF774FFBA
:101640002520FEF771FF7720FEF76EFF5020FEF792
:101650006BFF0F20FEF768FF0020FEF765FFF82004
:10166000FEF756FF0120FEF75FFFFE20FEF750FF5A
:101670000020FEF759FF0220FEF756FF2020FEF75C
:1016800047FF3620FEF744FF0820FEF74DFF00E03D
:1016900029E03A20FEF73CFF5520FEF745FF2B20BE
:1016A000FEF736FF0020FEF73FFF0020FEF73CFF6D
:1016B0000120FEF739FF3F20FEF736FF2A20FEF714
:1016C00027FF0020FEF730FF0020FEF72DFF01204E
:1016D000FEF72AFFDF20FEF727FF782004F072FED6
:1016E000292001F0FBBEB0427ED1ED20FEF710FFB5
:1016F0000120FEF719FFFE20FEF716FFEE20FEF791
:1017000007FFDE20FEF710FF2120FEF70DFFF1207E
:10171000FEF7FEFE0120FEF707FFDF20FEF7F8FED2
:101720001020FEF701FFC420FEF7F2FE8F20FEF727
:10173000FBFEC620FEF7ECFE0020FEF7F5FEE220E1
:10174000FEF7F2FEE220FEF7EFFEE220FEF7ECFEEF
:10175000BF20FEF7DDFEAA20FEF7E6FEB020FEF772
:10176000D7FE0D20FEF7E0FE0020FEF7DDFE0D2087
:10177000FEF7DAFE0020FEF7D7FE1120FEF7D4FEBA
:101780000020FEF7D1FE1920FEF7CEFE0020FEF766
:10179000CBFE2120FEF7C8FE0020FEF7C5FE2D205F
:1017A000FEF7C2FE0020FEF7BFFE3D20FEF7BCFEA6
:1017B0000020FEF7B9FE5D20FEF7B6FE0020FEF722
:1017C000B3FE5D20FEF7B0FE0020FEF7ADFEB120B7
:1017D000FEF79EFE8020FEF7A7FE0020FEF7A4FE87
:1017E0008B20FEF7A1FE00E0FDE30020FEF79CFE4B
:1017F0009620FEF799FE0020FEF796FEB220FEF737
:1018000087FE0020FEF790FE0020FEF78DFE0220EE
:10181000FEF78AFE0020FEF787FE0320FEF784FE17
:101820000020FEF781FEB320FEF772FE0020FEF7D7
:101830007BFE0020FEF778FE0020FEF775FE0020FC
:10184000FEF772FE0020FEF76FFE0020FEF76CFE32
:101850000020FEF769FE0020FEF766FE0020FEF77E
:1018600063FE0020FEF760FE0020FEF75DFE002014
:10187000FEF75AFE0020FEF757FE0020FEF754FE4A
:101880000020FEF751FE0020FEF74EFE0020FEF77E
:101890004BFE0020FEF748FE0020FEF745FE00202C
:1018A000FEF742FE0020FEF73FFE0020FEF73CFE62
:1018B0000020FEF739FE0020FEF736FEB420FEF7CA
:1018C00027FE8B20FEF730FE0020FEF72DFE96202F
:1018D000FEF72AFE0020FEF727FEA120FEF724FED9
:1018E0000020FEF721FEB520FEF712FE0220FEF7D3
:1018F0001BFE0020FEF718FE0320FEF715FE002059
:10190000FEF712FE0420FEF70FFE0020FEF70CFE8D
:10191000B620FEF7FDFD0020FEF706FE0020FEF7D4
:1019200003FEB720FEF7F4FD0020FEF7FDFD0020CA
:10193000FEF7FAFD3F20FEF7F7FD0020FEF7F4FD6D
:101940005E20FEF7F1FD0020FEF7EEFD6420FEF7BD
:10195000EBFD0020FEF7E8FD8C20FEF7E5FD002002
:10196000FEF7E2FDAC20FEF7DFFD0020FEF7DCFD18
:10197000DC20FEF7D9FD0020FEF7D6FD7020FEF733
:10198000D3FD0020FEF7D0FD9020FEF7CDFD002016
:10199000FEF7CAFDEB20FEF7C7FD0020FEF7C4FDF1
:1019A000DC20FEF7C1FD0020FEF7BEFDB820FEF7EB
:1019B000AFFD0020FEF7B8FD0020FEF7B5FD0020CA
:1019C000FEF7B2FD0020FEF7AFFD0020FEF7ACFDF4
:1019D0000020FEF7A9FD0020FEF7A6FD0020FEF77F
:1019E000A3FDBA20FEF794FD2420FEF79DFD002004
:1019F000FEF79AFD0020FEF797FD0020FEF794FD0C
:101A0000C120FEF785FD2020FEF78EFD0020FEF7A9
:101A10008BFD5420FEF788FD0020FEF785FDFF209A
:101A2000FEF782FD0020FEF77FFDC220FEF770FD6D
:101A30000A20FEF779FD0020FEF776FD0420FEF770
:101A400073FD0020FEF770FDC320FEF761FD3C2012
:101A5000FEF76AFD0020FEF767FD3A20FEF764FD01
:101A60000020FEF761FD3920FEF75EFD0020FEF745
:101A70005BFD3720FEF758FD0020FEF755FD3C20AA
:101A8000FEF752FD0020FEF74FFD3620FEF74CFD1D
:101A90000020FEF749FD3220FEF746FD0020FEF74C
:101AA00043FD2F20FEF740FD0020FEF73DFD2C20DA
:101AB000FEF73AFD0020FEF737FD2920FEF734FD42
:101AC0000020FEF731FD2620FEF72EFD0020FEF758
:101AD0002BFD2420FEF728FD0020FEF725FD242005
:101AE000FEF722FD0020FEF71FFD2320FEF71CFD60
:101AF0000020FEF719FD3C20FEF716FD0020FEF742
:101B000013FD3620FEF710FD0020FEF70DFD3220FC
:101B1000FEF70AFD0020FEF707FD2F20FEF704FD6B
:101B20000020FEF701FD2C20FEF7FEFC0020FEF752
:101B3000FBFC2920FEF7F8FC0020FEF7F5FC262030
:101B4000FEF7F2FC0020FEF7EFFC2420FEF7ECFC91
:101B50000020FEF7E9FC2420FEF7E6FC0020FEF75B
:101B6000E3FC2320FEF7E0FC0020FEF7DDFCC420B0
:101B7000FEF7CEFC6220FEF7D7FC0020FEF7D4FC77
:101B80000520FEF7D1FC0020FEF7CEFC8420FEF7F6
:101B9000CBFC0020FEF7C8FCF020FEF7C5FC0020BF
:101BA000FEF7C2FC1820FEF7BFFC0020FEF7BCFCCD
:101BB000A420FEF7B9FC0020FEF7B6FC1820FEF7C3
:101BC000B3FC0020FEF7B0FC5020FEF7ADFC002077
:101BD000FEF7AAFC0C20FEF7A7FC0020FEF7A4FCF1
:101BE0001720FEF7A1FC0020FEF79EFC9520FEF7D3
:101BF0009BFC0020FEF798FCF320FEF795FC0020EC
:101C0000FEF792FCE620FEF78FFC0020FEF78CFC2E
:101C1000C520FEF77DFC3220FEF786FC0020FEF793
:101C200083FC4420FEF780FC0020FEF77DFC65204D
:101C3000FEF77AFC0020FEF777FC7620FEF774FCB6
:101C40000020FEF771FC8820FEF76EFC0020FEF7F6
:101C50006BFCC620FEF75CFC2020FEF765FC002034
:101C6000FEF762FC1720FEF75FFC0020FEF75CFC2D
:101C70000120FEF759FC0020FEF756FCC720FEF7B6
:101C800047FC0020FEF750FC0020FEF74DFC002032
:101C9000FEF74AFC0020FEF747FCC820FEF738FCA0
:101CA0000020FEF741FC0020FEF73EFC0020FEF77E
:101CB0003BFC0020FEF738FCC920FEF729FC002081
:101CC000FEF732FC0020FEF72FFC0020FEF72CFC74
:101CD0000020FEF729FC0020FEF726FC0020FEF77E
:101CE00023FC0020FEF720FC0020FEF71DFC002056
:101CF000FEF71AFC0020FEF717FC0020FEF714FC8C
:101D00000020FEF711FC0020FEF70EFC0020FEF77D
:101D10000BFC0020FEF708FC0020FEF705FCE0208D
:101D2000FEF7F6FB1620FEF7FFFB0020FEF7FCFB9C
:101D30001C20FEF7F9FB0020FEF7F6FB2120FEF742
:101D4000F3FB0020FEF7F0FB3620FEF7EDFB002052
:101D5000FEF7EAFB4620FEF7E7FB0020FEF7E4FB78
:101D60005220FEF7E1FB0020FEF7DEFB6420FEF7C9
:101D7000DBFB0020FEF7D8FB7A20FEF7D5FB002026
:101D8000FEF7D2FB8B20FEF7CFFB0020FEF7CCFB4B
:101D90009920FEF7C9FB0020FEF7C6FBA820FEF73E
:101DA000C3FB0020FEF7C0FBB920FEF7BDFB0020FF
:101DB000FEF7BAFBC420FEF7B7FB0020FEF7B4FB2A
:101DC000CA20FEF7B1FB0020FEF7AEFBD220FEF7E3
:101DD000ABFB0020FEF7A8FBD920FEF7A5FB0020F7
:101DE000FEF7A2FBE020FEF79FFB0020FEF79CFB26
:101DF000F320FEF799FB0020FEF796FBE120FEF7AB
:101E000087FB1620FEF790FB0020FEF78DFB1C20C1
:101E1000FEF78AFB0020FEF787FB2220FEF784FBFB
:101E20000020FEF781FB3620FEF77EFB0020FEF748
:101E30007BFB4520FEF778FB0020FEF775FB522068
:101E4000FEF772FB0020FEF76FFB6420FEF76CFBD1
:101E50000020FEF769FB7A20FEF766FB0020FEF704
:101E600063FB8B20FEF760FB0020FEF75DFB9920F3
:101E7000FEF75AFB0020FEF757FBA820FEF754FBA5
:101E80000020FEF751FBB920FEF74EFB0020FEF7C5
:101E90004BFBC420FEF748FB0020FEF745FBCA20A1
:101EA000FEF742FB0020FEF73FFBD220FEF73CFB93
:101EB0000020FEF739FBD820FEF736FB0020FEF7A6
:101EC00033FBE020FEF730FB0020FEF72DFBF32074
:101ED000FEF72AFB0020FEF727FBE220FEF718FBA7
:101EE0000520FEF721FB0020FEF71EFB0B20FEF76E
:101EF0001BFB0020FEF718FB1B20FEF715FB002044
:101F0000FEF712FB3420FEF70FFB0020FEF70CFB60
:101F10004420FEF709FB0020FEF706FB4F20FEF7EA
:101F200003FB0020FEF700FB6120FEF7FDFA002016
:101F3000FEF7FAFA7920FEF7F7FA0020FEF7F4FA36
:101F40008820FEF7F1FA0020FEF7EEFA9720FEF760
:101F5000EBFA0020FEF7E8FAA620FEF7E5FA0020EB
:101F6000FEF7E2FAB720FEF7DFFA0020FEF7DCFA10
:101F7000C220FEF7D9FA0020FEF7D6FAC720FEF7F6
:101F8000D3FA0020FEF7D0FAD120FEF7CDFA0020D8
:101F9000FEF7CAFAD620FEF7C7FA0020FEF7C4FA09
:101FA000DD20FEF7C1FA0020FEF7BEFAF320FEF7AF
:101FB000BBFA0020FEF7B8FAE320FEF7A9FA0520E5
:101FC000FEF7B2FA0020FEF7AFFA0A20FEF7ACFAED
:101FD0000020FEF7A9FA1C20FEF7A6FA0020FEF763
:101FE000A3FA332000E0FAE2FEF79EFA0020FEF7A3
:101FF0009BFA4420FEF798FA0020FEF795FA50204D
:10200000FEF792FA0020FEF78FFA6220FEF78CFAB4
:102010000020FEF789FA7820FEF786FA0020FEF706
:1020200083FA8820FEF780FA0020FEF77DFA9720D9
:10203000FEF77AFA0020FEF777FAA620FEF774FA88
:102040000020FEF771FAB720FEF76EFA0020FEF7C7
:102050006BFAC220FEF768FA0020FEF765FAC72087
:10206000FEF762FA0020FEF75FFAD120FEF75CFA75
:102070000020FEF759FAD520FEF756FA0020FEF7A9
:1020800053FADD20FEF750FA0020FEF74DFAF32058
:10209000FEF74AFA0020FEF747FAE420FEF738FA86
:1020A0000120FEF741FA0020FEF73EFA0120FEF77C
:1020B0003BFA0020FEF738FA0220FEF735FA00203E
:1020C000FEF732FA2A20FEF72FFA0020FEF72CFA4C
:1020D0003C20FEF729FA0020FEF726FA4B20FEF7F7
:1020E00023FA0020FEF720FA5D20FEF71DFA0020FB
:1020F000FEF71AFA7420FEF717FA0020FEF714FA1A
:102100008420FEF711FA0020FEF70EFA9320FEF766
:102110000BFA0020FEF708FAA220FEF705FA0020CD
:10212000FEF702FAB320FEF7FFF90020FEF7FCF9F4
:10213000BE20FEF7F9F90020FEF7F6F9C420FEF7FD
:10214000F3F90020FEF7F0F9CD20FEF7EDF90020BD
:10215000FEF7EAF9D320FEF7E7F90020FEF7E4F9ED
:10216000DD20FEF7E1F90020FEF7DEF9F320FEF7AF
:10217000DBF90020FEF7D8F9E520FEF7C9F90020C9
:10218000FEF7D2F90020FEF7CFF90020FEF7CCF9D8
:102190000020FEF7C9F90220FEF7C6F90020FEF77D
:1021A000C3F92920FEF7C0F90020FEF7BDF93C2055
:1021B000FEF7BAF90020FEF7B7F94B20FEF7B4F9A5
:1021C0000020FEF7B1F95D20FEF7AEF90020FEF722
:1021D000ABF97420FEF7A8F90020FEF7A5F98420DA
:1021E000FEF7A2F90020FEF79FF99320FEF79CF975
:1021F0000020FEF799F9A220FEF796F90020FEF7DD
:1022000093F9B320FEF790F90020FEF78DF9BE2078
:10221000FEF78AF90020FEF787F9C420FEF784F95B
:102220000020FEF781F9CD20FEF77EF90020FEF7B1
:102230007BF9D320FEF778F90020FEF775F9DC2052
:10224000FEF772F90020FEF76FF9F320FEF76CF944
:102250000020FEF769F9E620FEF75AF91120FEF793
:1022600063F90020FEF760F93420FEF75DF90020E5
:10227000FEF75AF95620FEF757F90020FEF754F9F9
:102280007620FEF751F90020FEF74EF97720FEF791
:102290004BF90020FEF748F96620FEF745F90020CB
:1022A000FEF742F98820FEF73FF90020FEF73CF9DF
:1022B0009920FEF739F90020FEF736F9BB20FEF72A
:1022C00033F90020FEF730F99920FEF72DF90020B0
:1022D000FEF72AF96620FEF727F90020FEF724F919
:1022E0005520FEF721F90020FEF71EF95520FEF7D4
:1022F0001BF90020FEF718F94520FEF715F900201C
:10230000FEF712F94320FEF70FF90020FEF70CF953
:102310004420FEF709F90020FEF706F9E720FEF752
:10232000F7F83220FEF700F90020FEF7FDF85520FF
:10233000FEF7FAF80020FEF7F7F87620FEF7F4F83B
:102340000020FEF7F1F86620FEF7EEF80020FEF719
:10235000EBF86720FEF7E8F80020FEF7E5F86720C5
:10236000FEF7E2F80020FEF7DFF88720FEF7DCF842
:102370000020FEF7D9F89920FEF7D6F80020FEF7E6
:10238000D3F8BB20FEF7D0F80020FEF7CDF8992057
:10239000FEF7CAF80020FEF7C7F87720FEF7C4F86A
:1023A0000020FEF7C1F84420FEF7BEF80020FEF73B
:1023B000BBF85620FEF7B8F80020FEF7B5F823204A
:1023C000FEF7B2F80020FEF7AFF83320FEF7ACF8C6
:1023D0000020FEF7A9F84520FEF7A6F80020FEF73A
:1023E000A3F8E820FEF794F80020FEF79DF80020FF
:1023F000FEF79AF89920FEF797F80020FEF794F878
:102400008720FEF791F80020FEF78EF88820FEF76F
:102410008BF80020FEF788F87720FEF785F800207B
:10242000FEF782F86620FEF77FF80020FEF77CF8C2
:102430008820FEF779F80020FEF776F8AA20FEF74C
:1024400073F80020FEF770F8BB20FEF76DF800204F
:10245000FEF76AF89920FEF767F80020FEF764F8A7
:102460006620FEF761F80020FEF75EF85520FEF7C3
:102470005BF80020FEF758F85520FEF755F80020CD
:10248000FEF752F84420FEF74FF80020FEF74CF814
:102490004420FEF749F80020FEF746F85520FEF7E5
:1024A00043F80020FEF740F8E920FEF731F8AA20B3
:1024B000FEF73AF80020FEF737F80020FEF734F870
:1024C0000020FEF731F80020FEF722F8AA20FEF7E0
:1024D0002BF8CF20FEF71CF80020FEF725F800208F
:1024E000FEF722F80020FEF71FF80020FEF71CF888
:1024F0000020FEF719F80020FEF716F80020FEF77E
:1025000013F80020FEF710F80020FEF70DF8002069
:10251000FEF70AF80020FEF707F80020FEF704F89F
:102520000020FEF701F80020FDF7FEFF0020FDF778
:10253000FBFF0020FDF7F8FF0020FDF7F5FFF0207E
:10254000FDF7E6FF0020FDF7EFFF5020FDF7ECFF61
:102550000020FDF7E9FF0020FDF7E6FF0020FDF772
:10256000E3FFF320FDF7D4FF0020FDF7DDFFF920A6
:10257000FDF7CEFF0620FDF7D7FF1020FDF7D4FFB3
:102580002920FDF7D1FF0020FDF7CEFF3A20FDF70F
:10259000BFFF5520FDF7C8FF1120FDF7B9FF6420EC
:1025A00003F010FF2920FDF7B3FF3520FDF7B0FF42
:1025B0000020FDF7B9FF5120FDF7AAFFFF20FDF72E
:1025C000B3FF5320FDF7A4FF2C20FDF7ADFF5520EE
:1025D000FDF79EFF8220FDF7A7FF2C20FDE3A04220
:1025E0007ED14FF4704355211846FDF7B3FF4FF2EB
:1025F0000104AA212046FDF7ADFF651C52212846A3
:10260000FDF7A8FFA61C08213046FDF7A3FFE71C35
:1026100001213846FDF79EFF0D214FF43040FDF7B4
:1026200099FF0D214BF20100FDF794FF0D214BF2B4
:102630000200FDF78FFF4FF4364C34216046FDF762
:1026400089FF34214BF20160FDF784FF34214BF206
:102650000260FDF77FFF4FF431490D214846FDF739
:1026600079FF4BF2011A0D215046FDF773FF0D2142
:102670004BF20210FDF76EFF4FF4374B34215846F2
:10268000FDF768FF34214BF20170FDF763FF342141
:102690004BF20270FDF75EFF00214FF43240FDF770
:1026A00059FF00214BF20120FDF754FF00214BF2AE
:1026B0000220FDF74FFF24214FF43840FDF74AFF79
:1026C00024214BF60100FDF745FF24214BF60200C3
:1026D000FDF740FF01214FF43F40FDF73BFF00E0D5
:1026E000FEE30F214FF43340FDF734FF0F214BF28F
:1026F0000130FDF72FFF0F214BF20230FDF72AFFCB
:1027000034214FF43940FDF725FF34214BF60110F9
:10271000FDF720FF34214BF60210FDF71BFF0821C7
:102720004FF43540FDF716FF08214BF20150FDF73D
:1027300011FF08214BF20250FDF70CFF03214FF46B
:102740004240FDF707FF24214FF43A40FDF702FF16
:1027500024214BF60120FDF7FDFE24214BF602203B
:10276000FDF7F8FE00214FF43C40FDF7F3FE782121
:102770004BF60140FDF7EEFE00214BF60240FDF75F
:10278000E9FE00214FF43D40FDF7E4FE78214BF6D1
:102790000150FDF7DFFE00214BF60250FDF7DAFE97
:1027A00000214FF43E40FDF7D5FE64214BF6016059
:1027B000FDF7D0FE00214FF45140FDF7CBFE332151
:1027C0004DF20110FDF7C6FE00214DF20210FDF79B
:1027D000C1FE34214DF20310FDF7BCFE00214DF285
:1027E0000410FDF7B7FE3A214DF20510FDF7B2FED9
:1027F00000214DF20610FDF7ADFE4A214DF2071003
:10280000FDF7A8FE00214DF20810FDF7A3FE5C21A4
:102810004DF20910FDF79EFE00214DF20A10FDF762
:1028200099FE81214DF20B10FDF794FE00214DF22F
:102830000C10FDF78FFEA6214DF20D10FDF78AFE5C
:1028400000214DF20E10FDF785FEE5214DF20F102F
:10285000FDF780FE01214DF21010FDF77BFE1321E4
:102860004DF21110FDF776FE01214DF21210FDF729
:1028700071FE54214DF21310FDF76CFE01214DF253
:102880001410FDF767FE82214DF21510FDF762FE70
:1028900001214DF21610FDF75DFECA214DF2171011
:1028A000FDF758FE02214DF21810FDF753FE0021EE
:1028B0004DF21910FDF74EFE02214DF21A10FDF7F0
:1028C00049FE01214DF21B10FDF744FE02214DF29D
:1028D0001C10FDF73FFE34214DF21D10FDF73AFEAE
:1028E00002214DF21E10FDF735FE67214DF21F103B
:1028F000FDF730FE02214DF22010FDF72BFE842162
:102900004DF22110FDF726FE02214DF22210FDF7B7
:1029100021FEA4214DF22310FDF71CFE02214DF2F1
:102920002410FDF717FEB7214DF22510FDF712FE1A
:1029300002214DF22610FDF70DFECF214DF227109A
:10294000FDF708FE02214DF22810FDF703FEDE21FF
:102950004DF22910FDF7FEFD02214DF22A10FDF780
:10296000F9FDF2214DF22B10FDF7F4FD02214DF29D
:102970002C10FDF7EFFDFE214DF22D10FDF7EAFDC5
:1029800003214DF22E10FDF7E5FD10214DF22F1021
:10299000FDF7E0FD03214DF23010FDF7DBFD3321A3
:1029A0004DF23110FDF7D6FD03214DF23210FDF747
:1029B000D1FD6D214DF23310FDF7CCFD00214FF418
:1029C0005240FDF7C7FD33214DF20120FDF7C2FD56
:1029D00000214DF20220FDF7BDFD34214DF2032010
:1029E000FDF7B8FD00214DF20420FDF7B3FD3A21BB
:1029F0004DF20520FDF7AEFD00214DF20620FDF75A
:102A0000A9FD4A214DF20720FDF7A4FD00214DF25A
:102A10000820FDF79FFD5C214DF20920FDF79AFD8E
:102A200000214DF20A20FDF795FD81214DF20B208A
:102A3000FDF790FD00214DF20C20FDF78BFDA62146
:102A40004DF20D20FDF786FD00214DF20E20FDF721
:102A500081FDE5214DF20F20FDF77CFD01214DF2B6
:102A60001020FDF777FD13214DF21120FDF772FDC7
:102A700001214DF21220FDF76DFD54214DF213207E
:102A8000FDF768FD01214DF21420FDF763FD822161
:102A90004DF21520FDF75EFD01214DF21620FDF7E8
:102AA00059FDCA214DF21720FDF754FD02214DF2C8
:102AB0001820FDF74FFD00214DF21920FDF74AFDCA
:102AC00002214DF21A20FDF745FD01214DF21B2098
:102AD000FDF740FD02214DF21C20FDF73BFD3421A6
:102AE0004DF21D20FDF736FD02214DF21E20FDF7AF
:102AF00031FD67214DF21F20FDF72CFD02214DF223
:102B00002020FDF727FD84214DF22120FDF722FD35
:102B100002214DF22220FDF71DFDA4214DF22320BC
:102B2000FDF718FD02214DF22420FDF713FDB7211A
:102B30004DF22520FDF70EFD02214DF22620FDF776
:102B400009FDCF214DF22720FDF704FD02214DF2B2
:102B50002820FDF7FFFCDE214DF22920FDF7FAFCCD
:102B600002214DF22A20FDF7F5FCF2214DF22B2037
:102B7000FDF7F0FC02214DF22C20FDF7EBFCFE21CD
:102B80004DF22D20FDF7E6FC03214DF22E20FDF73E
:102B9000E1FC10214DF22F20FDF7DCFC03214DF26A
:102BA0003020FDF7D7FC33214DF23120FDF7D2FC68
:102BB00003214DF23220FDF7CDFC6D214DF2332083
:102BC000FDF7C8FC00214FF45340FDF7C3FC33214F
:102BD0004DF20130FDF7BEFC00214DF20230FDF751
:102BE000B9FC34214DF20330FDF7B4FC00214DF265
:102BF0000430FDF7AFFC3A214DF20530FDF7AAFC99
:102C000000214DF20630FDF7A5FC4A214DF20730B8
:102C1000FDF7A0FC00214DF20830FDF79BFC5C2184
:102C20004DF20930FDF796FC00214DF20A30FDF718
:102C300091FC81214DF20B30FDF78CFC00214DF20F
:102C40000C30FDF787FCA6214DF20D30FDF782FC1C
:102C500000214DF20E30FDF77DFCE5214DF20F30E5
:102C6000FDF778FC01214DF21030FDF773FC1321C4
:102C70004DF21130FDF76EFC01214DF21230FDF7DF
:102C800069FC54214DF21330FDF764FC01214DF233
:102C90001430FDF75FFC82214DF21530FDF75AFC30
:102CA00001214DF21630FDF755FCCA214DF21730C7
:102CB000FDF750FC02214DF21830FDF74BFC0021CE
:102CC0004DF21930FDF746FC02214DF21A30FDF7A6
:102CD00041FC01214DF21B30FDF73CFC02214DF27D
:102CE0001C30FDF737FC34214DF21D30FDF732FC6E
:102CF00002214DF21E30FDF72DFC67214DF21F30F1
:102D0000FDF728FC02214DF22030FDF723FC842141
:102D10004DF22130FDF71EFC02214DF22230FDF76D
:102D200019FCA4214DF22330FDF714FC02214DF2D1
:102D30002430FDF70FFCB7214DF22530FDF70AFCDA
:102D400002214DF22630FDF705FCCF214DF2273050
:102D5000FDF700FC02214DF22830FDF7FBFBDE21E0
:102D60004DF22930FDF7F6FB02214DF22A30FDF736
:102D7000F1FBF2214DF22B30FDF7ECFB02214DF27D
:102D80002C30FDF7E7FBFE214DF22D30FDF7E2FB85
:102D900003214DF22E30FDF7DDFB10214DF22F30D7
:102DA000FDF7D8FB03214DF23030FDF7D3FB332183
:102DB0004DF23130FDF7CEFB03214DF23230FDF7FD
:102DC000C9FB6D214DF23330FDF7C4FB00214FF4F8
:102DD0005440FDF7BFFB332100E07FE34DF201409B
:102DE000FDF7B8FB00214DF20240FDF7B3FB3421A3
:102DF0004DF20340FDF7AEFB00214DF20440FDF71C
:102E0000A9FB3A214DF20540FDF7A4FB00214DF24C
:102E10000640FDF79FFB4A214DF20740FDF79AFB64
:102E200000214DF20840FDF795FB5C214DF2094071
:102E3000FDF790FB00214DF20A40FDF78BFB81214D
:102E40004DF20B40FDF786FB00214DF20C40FDF7E3
:102E500081FBA6214DF20D40FDF77CFB00214DF2D8
:102E60000E40FDF777FBE5214DF20F40FDF772FBB9
:102E700001214DF21040FDF76DFB13214DF2114081
:102E8000FDF768FB01214DF21240FDF763FB542171
:102E90004DF21340FDF75EFB01214DF21440FDF7AA
:102EA00059FB82214DF21540FDF754FB01214DF2F3
:102EB0001640FDF74FFBCA214DF21740FDF74AFBC4
:102EC00002214DF21840FDF745FB00214DF219405B
:102ED000FDF740FB02214DF21A40FDF73BFB00E0FD
:102EE000FFE201214DF21B40FDF734FB02214DF2C0
:102EF0001C40FDF72FFB34214DF21D40FDF72AFB4E
:102F000002214DF21E40FDF725FB67214DF21F40C7
:102F1000FDF720FB02214DF22040FDF71BFB842131
:102F20004DF22140FDF716FB02214DF22240FDF744
:102F300011FBA4214DF22340FDF70CFB02214DF2C1
:102F40002440FDF707FBB7214DF22540FDF702FBBA
:102F500002214DF22640FDF7FDFACF214DF2274028
:102F6000FDF7F8FA02214DF22840FDF7F3FADE21D1
:102F70004DF22940FDF7EEFA02214DF22A40FDF70D
:102F8000E9FAF2214DF22B40FDF7E4FA02214DF26D
:102F90002C40FDF7DFFAFE214DF22D40FDF7DAFA65
:102FA00003214DF22E40FDF7D5FA10214DF22F40AE
:102FB000FDF7D0FA03214DF23040FDF7CBFA332173
:102FC0004DF23140FDF7C6FA03214DF23240FDF7D4
:102FD000C1FA6D214DF23340FDF7BCFA00214FF4E8
:102FE0005540FDF7B7FA33214DF20150FDF7B2FA23
:102FF00000214DF20250FDF7ADFA34214DF203509D
:10300000FDF7A8FA00214DF20450FDF7A3FA3A218A
:103010004DF20550FDF79EFA00214DF20650FDF7E6
:1030200099FA4A214DF20750FDF794FA00214DF22A
:103030000850FDF78FFA5C214DF20950FDF78AFA2E
:1030400000214DF20A50FDF785FA81214DF20B5017
:10305000FDF780FA00214DF20C50FDF77BFAA62116
:103060004DF20D50FDF776FA00214DF20E50FDF7AE
:1030700071FAE5214DF20F50FDF76CFA01214DF286
:103080001050FDF767FA13214DF21150FDF762FA67
:1030900001214DF21250FDF75DFA54214DF213500B
:1030A000FDF758FA01214DF21450FDF753FA822131
:1030B0004DF21550FDF74EFA01214DF21650FDF775
:1030C00049FACA214DF21750FDF744FA02214DF298
:1030D0001850FDF73FFA00214DF21950FDF73AFA6A
:1030E00002214DF21A50FDF735FA01214DF21B5025
:1030F000FDF730FA02214DF21C50FDF72BFA342176
:103100004DF21D50FDF726FA02214DF21E50FDF73B
:1031100021FA67214DF21F50FDF71CFA02214DF2F2
:103120002050FDF717FA84214DF22150FDF712FAD5
:1031300002214DF22250FDF70DFAA4214DF2235049
:10314000FDF708FA02214DF22450FDF703FAB721EA
:103150004DF22550FDF7FEF902214DF22650FDF704
:10316000F9F9CF214DF22750FDF7F4F902214DF284
:103170002850FDF7EFF9DE214DF22950FDF7EAF96D
:1031800002214DF22A50FDF7E5F9F2214DF22B50C4
:10319000FDF7E0F902214DF22C50FDF7DBF9FE219D
:1031A0004DF22D50FDF7D6F903214DF22E50FDF7CB
:1031B000D1F910214DF22F50FDF7CCF903214DF23A
:1031C0003050FDF7C7F933214DF23150FDF7C2F908
:1031D00003214DF23250FDF7BDF96D214DF2335010
:1031E000FDF7B8F900214FF45640FDF7B3F933214C
:1031F0004DF20160FDF7AEF900214DF20260FDF7DE
:10320000A9F934214DF20360FDF7A4F900214DF234
:103210000460FDF79FF93A214DF20560FDF79AF938
:1032200000214DF20660FDF795F94A214DF2076045
:10323000FDF790F900214DF20860FDF78BF95C2154
:103240004DF20960FDF786F900214DF20A60FDF7A5
:1032500081F981214DF20B60FDF77CF900214DF2DF
:103260000C60FDF777F9A6214DF20D60FDF772F9BC
:1032700000214DF20E60FDF76DF9E5214DF20F6072
:10328000FDF768F901214DF21060FDF763F9132194
:103290004DF21160FDF75EF901214DF21260FDF76C
:1032A00059F954214DF21360FDF754F901214DF203
:1032B0001460FDF74FF982214DF21560FDF74AF9D0
:1032C00001214DF21660FDF745F9CA214DF2176054
:1032D000FDF740F902214DF21860FDF73BF900219E
:1032E0004DF21960FDF736F902214DF21A60FDF733
:1032F00031F901214DF21B60FDF72CF902214DF24D
:103300001C60FDF727F934214DF21D60FDF722F90D
:1033100002214DF21E60FDF71DF967214DF21F607D
:10332000FDF718F902214DF22060FDF713F9842111
:103330004DF22160FDF70EF902214DF22260FDF7FA
:1033400009F9A4214DF22360FDF704F902214DF2A1
:103350002460FDF7FFF8B7214DF22560FDF7FAF87C
:1033600002214DF22660FDF7F5F8CF214DF22760DE
:10337000FDF7F0F802214DF22860FDF7EBF8DE21B1
:103380004DF22960FDF7E6F802214DF22A60FDF7C3
:10339000E1F8F2214DF22B60FDF7DCF802214DF24D
:1033A0002C60FDF7D7F8FE214DF22D60FDF7D2F825
:1033B00003214DF22E60FDF7CDF810214DF22F6064
:1033C000FDF7C8F803214DF23060FDF7C3F8332153
:1033D0004DF23160FDF7BEF803214DF23260FDF78A
:1033E000B9F86D214DF23360FDF7B4F85521184658
:1033F000FDF7B0F8AA212046FDF7ACF85221284687
:10340000FDF7A8F808213046FDF7A4F8002138465A
:10341000FDF7A0F8CC214846FDF79CF80021504666
:10342000FDF798F805216046FDF794F8702158469D
:10343000FDF790F870214BF20170FDF78BF8012138
:103440004FF43840FDF786F803214BF60100FDF7F5
:1034500081F803214BF60200FDF77CF803214BF6BF
:103460000300FDF777F802214FF43C40FDF772F8B6
:1034700000214BF60140FDF76DF800214BF60240AC
:10348000FDF768F8D0214FF44940FDF763F80221B9
:103490004CF60110FDF75EF850214CF60210FDF7D6
:1034A00059F850214CF60310FDF754F850214CF612
:1034B0000410FDF74FF800214FF45450FDF74AF87F
:1034C00055214FF46850FDF745F84FF48850FDF74B
:1034D0001FF8782002F05AFF4FF42450FDF718F837
:1034E000F3E0A0F513414FF480744FF4E06740F22D
:1034F000022940F23F1B4FF4274625397ED0FD1D9F
:10350000C91E7CD04FF488764FF41C5A083177D00E
:10351000113976D0A0F5A841083973D0A0F5A8518B
:103520004FF4407605396ED0B1F520416CD0B1F53D
:1035300080516AD0A0F58A41313967D0091F66D021
:103540009042CDD1E220FCF7E3FF1D20FCF7ECFF19
:103550000220FCF7E9FF0420FCF7E6FF642002F0FC
:1035600015FFE020FCF7D4FF0120FCF7DDFF0A2067
:1035700002F028FFE020FCF7CBFF0320FCF7D4FF8C
:103580000C2002F01FFF0120FCF7C2FF0A2002F00E
:1035900019FFE620FCF7BCFF2F20FCF7C5FFFF203A
:1035A000FCF7C2FFFF20FCF7BFFFB020FCF7B0FF25
:1035B0002020FCF7B9FF0020FCF7B6FF0320FCF742
:1035C000B3FF40F21F30FCF7AFFF0120FCF7ACFF68
:1035D00040F2DF10FCF7A8FF0020FCF7A5FFB420A5
:1035E000FCF796FF0420FCF79FFF40F21F40FCF71A
:1035F0009BFF0020FCF798FF2E2009E072E03CE1E1
:10360000F7E19CE270E3FDE3FDE3FDE3FDE3FDE3B1
:10361000FCF78AFF0020FCF787FF0020FCF784FFFF
:103620000020FCF781FF0020FCF77EFFB620FCF7AE
:103630006FFF0220FCF778FF4FF40370FCF774FF74
:103640000020FCF771FF1720FCF76EFF1520FCF738
:103650006BFF0020FCF768FF0020FCF765FFF020FF
:10366000FCF756FF0320FCF75FFF2920FCF750FF13
:10367000D020FCF74DFF0020FCF756FFBE20FCF7E2
:1036800047FF0520FCF750FFFE20FCF74DFF01200F
:10369000FCF74AFF0020FCF747FF0020FCF744FF3F
:1036A0000020FCF741FFB820FCF732FF0320FCF7B5
:1036B0003BFF0120FCF738FFBA20FCF729FF01206F
:1036C000FCF732FF6420FDF762FA0020FDF782FA72
:1036D000FE490120C1F8BC024046FDF709FC21B0BB
:1036E000BDE8F08F47F6F001E520FCF733FF2146F7
:1036F0000120FCF72FFF39460220FCF72BFF41F297
:1037000030010320FCF726FF00210420FCF722FFF4
:1037100049460820FCF71EFF00210920FCF71AFF8C
:1037200000210A20FCF716FF00210C20FCF712FFF5
:1037300000210D20FCF70EFF00210F20FCF70AFFEF
:1037400000211020FCF706FF07211120FCF702FFE3
:1037500000211220FCF7FEFE00211320FCF7FAFEE8
:1037600000210720FCF7F6FE41F290611020FCF7E3
:10377000F1FE40F227211120FCF7ECFE9D211220E2
:10378000FCF7E8FE4FF4C8511320FCF7E3FE2521B7
:103790002920FCF7DFFE0D212B20FCF7DBFE0721A3
:1037A0003020FCF7D7FE40F203313120FCF7D2FE87
:1037B00003213220FCF7CEFE40F206213520FCF733
:1037C000C9FE08213620FCF7C5FE40F2064137202D
:1037D000FCF7C0FE4FF441713820FCF7BBFE072117
:1037E0003920FCF7B7FE40F202613C20FCF7B2FE44
:1037F00008213D20FCF7AEFE00215020FCF7AAFE78
:10380000EF215120FCF7A6FE00215220FCF7A2FE7A
:1038100059465320FCF79EFE31466020FCF79AFE85
:1038200001216120FCF796FE00216A20FCF792FE40
:1038300000218020FCF78EFE00218120FCF78AFE0B
:1038400000218220FCF786FE00218320FCF782FE07
:1038500000218420FCF77EFE00218520FCF77AFE03
:1038600010219020FCF776FE4FF4C0619220FCF707
:1038700071FE40F233110720FEE341F28F01EC208C
:10388000FCF768FE41F23421EF20FCF763FE21468D
:103890000120FCF75FFE39460220FCF75BFE41F297
:1038A00030010320FCF756FE00210420FCF752FEF5
:1038B00049460820FCF74EFE00210920FCF74AFE8D
:1038C00000210A20FCF746FE01210C20FCF742FEF5
:1038D00000210D20FCF73EFE00210F20FCF73AFEF0
:1038E00000211020FCF736FE07211120FCF732FEE4
:1038F00000211220FCF72EFE00211320FCF72AFEE7
:1039000001210720FCF726FE322002F05BFD41F288
:1039100090411020FCF71EFE40F227211120FCF7F9
:1039200019FE322002F04EFD8A211220FCF712FE11
:10393000322002F047FD4FF4D0511320FCF70AFE6D
:1039400006212920FCF706FE0D212B20FCF702FEA4
:10395000322002F037FD00212020FCF7FBFD002182
:103960002120FCF7F7FD322002F02CFD0021302051
:10397000FCF7F0FD40F204613120FCF7EBFD40F272
:1039800005313220FCF7E6FD00213520FCF7E2FD91
:1039900040F609413620FCF7DDFD4FF40171372078
:1039A000FCF7D8FD40F201313820FCF7D3FD294661
:1039B0003920FCF7CFFD00213C20FCF7CBFD40F681
:1039C0000A213D20FCF7C6FD322002F0FBFC00215D
:1039D0005020FCF7BFFDEF215120FCF7BBFD00217B
:1039E0005220FCF7B7FD59465320FCF7B3FD314692
:1039F0004FE100210846FCF7ADFD21460120FCF710
:103A0000A9FD39460220FCF7A5FD41F23001032053
:103A1000FCF7A0FD00210420FCF79CFD494608208E
:103A2000FCF798FD00210920FCF794FD00210A20F5
:103A3000FCF790FD01210C20FCF78CFD00210D20EE
:103A4000FCF788FD00210F20FCF784FD322002F0F6
:103A5000B9FC40F201110720FCF77CFD322002F096
:103A6000B1FC4FF486511020FCF774FD07211120A2
:103A7000FCF770FD31461220FCF76CFD4FF430610D
:103A80001320FCF767FD00212920FCF763FD44F2B9
:103A900010012B20FCF75EFD00215020FCF75AFDA1
:103AA000EF215120FCF756FD00215220FCF752FD7A
:103AB00059465320FCF74EFD51466020FCF74AFD65
:103AC00001216120FCF746FD002101E00080404219
:103AD0006A20FCF73FFD00218020FCF73BFD002120
:103AE0008120FCF737FD00218220FCF733FD002107
:103AF0008320FCF72FFD00218420FCF72BFD002103
:103B00008520FCF727FD10219020FCF723FD0021E4
:103B10009220FCF71FFD01219320FCF71BFD31468D
:103B20009520FCF717FD00219720FCF713FD0021DD
:103B30009820FCF70FFD40F2731107207DE341F25E
:103B40001401E720FCF706FD21460120FCF702FDE9
:103B50004FF400710220FCF7FDFC41F23801032014
:103B6000FCF7F8FC49460820FCF7F4FC002109208A
:103B7000FCF7F0FC00210A20FCF7ECFC00210C20F3
:103B8000FCF7E8FC00210D20FCF7E4FC00210F20ED
:103B9000FCF7E0FC00211020FCF7DCFC07211120E1
:103BA000FCF7D8FC00211220FCF7D4FC00211320E4
:103BB000FCF7D0FCC82002F005FC41F29061102017
:103BC000FCF7C8FC40F227211120FCF7C3FC32208F
:103BD00002F0F8FB0C211220FCF7BCFC322002F0B2
:103BE000F1FB4FF400611320FCF7B4FC11212920F4
:103BF000FCF7B0FC0B212B20FCF7ACFC322002F0D0
:103C0000E1FB00212020FCF7A5FC5C465946212061
:103C1000FCF7A0FC00213020FCF79CFC4FF48373E0
:103C200019463120FCF796FC00213220FCF792FC6B
:103C30004FF401713520FCF78DFC41F20A6136200A
:103C4000FCF788FC29463720FCF784FC194638200D
:103C5000FCF780FC29463920FCF77CFC40F202414D
:103C60003C20FCF777FC40F60F413D20FCF772FC4E
:103C700000215020FCF76EFCEF215120FCF76AFC7C
:103C800000215220FCF766FC21465320FCF762FC21
:103C900051466020FCF75EFC01216120FCF75AFCD4
:103CA00000216A20FCF756FC00218020FCF752FC22
:103CB00000218120FCF74EFC00218220FCF74AFC09
:103CC00000218320FCF746FC00218420FCF742FC05
:103CD00000218520FCF73EFC10219020FCF73AFCE7
:103CE0004FF4C0619220FCE321460120FCF732FC36
:103CF00039460220FCF72EFC41F230010320FCF78C
:103D000029FC00210420FCF725FC40F207210820B3
:103D1000FCF720FC00210920FCF71CFC00210A20F4
:103D2000FCF718FC00210C20FCF714FC00210D20EE
:103D3000FCF710FC00210F20FCF70CFC142002F013
:103D400041FB41F2B0611020FCF704FC012111207D
:103D5000FCF700FC01211720FCF7FCFB4FF49C71E1
:103D60001220FCF7F7FB4FF400611320FCF7F2FB85
:103D700009212920FCF7EEFB09212A20FCF7EAFBA8
:103D80000021A420FCF7E6FB00215020FCF7E2FB19
:103D9000EF215120FCF7DEFB00215220FCF7DAFB7B
:103DA00059465320FCF7D6FB51466020FCF7D2FB66
:103DB00001216120FCF7CEFB00216A20FCF7CAFB41
:103DC00000218020FCF7C6FB00218120FCF7C2FB0C
:103DD00000218220FCF7BEFB00218320FCF7BAFB08
:103DE00000218420FCF7B6FB00218520FCF7B2FB04
:103DF00013219020FCF7AEFB00219220FCF7AAFBD8
:103E0000032104E011E01CE118E2DEE293E39320D9
:103E1000FCF7A0FB31469520FCF79CFB40F27311A8
:103E20000720FCF797FB322007E100210720FCF771
:103E300091FB322002F0C6FA4FF48E711220FCF78B
:103E400089FB0121A420FCF785FB0F210820FCF74A
:103E500081FB08210A20FCF77DFB08210D20FCF7DF
:103E600079FB2B4629463020FCF774FB07213120D3
:103E7000FCF770FB40F203613220FCF76BFB3D4620
:103E800039463320FCF766FB49463420FCF762FBD9
:103E900002213520FCF75EFB41F60F713620FCF75E
:103EA00059FB19463720FCF755FB00213820FCF759
:103EB00051FB00213920FCF74DFB19463A20FCF755
:103EC00049FB00213B20FCF745FB07213C20FCF788
:103ED00041FB00213D20FCF73DFB322002F072FA4D
:103EE00001210720FCF736FB01211720FCF732FBEC
:103EF000322002F067FA4FF4BD511020FCF72AFB84
:103F000040F217211120FCF725FB4FF48F7112208E
:103F1000FCF720FB4FF470611320FCF71BFB002122
:103F20002A20FCF717FB0A212920FCF713FB4FF48A
:103F30009F711220FCF70EFB00215020FCF70AFBBA
:103F4000EF215120FCF706FB00215220FCF702FB79
:103F500059465320FCF7FEFA51466020FCF7FAFA66
:103F600001216120FCF7F6FA00216A20FCF7F2FA41
:103F700000218020FCF7EEFA00218120FCF7EAFA0C
:103F800000218220FCF7E6FA00218320FCF7E2FA08
:103F900000218420FCF7DEFA00218520FCF7DAFA04
:103FA00013219020FCF7D6FA31469220FCF7D2FA82
:103FB00005219320FCF7CEFA00219520FCF7CAFAE0
:103FC00000219720FCF7C6FA00219820FCF7C2FADE
:103FD00021460120FCF7BEFA29460220FCF7BAFA76
:103FE00041F238010320FCF7B5FA00210420FCF768
:103FF000B1FA00210C20FCF7ADFA00210F20FCF7EC
:10400000A9FA00212020FCF7A5FA00212120FCF7C5
:10401000A1FA21210720FCF79DFA142002F0D2F921
:1040200061210720FCF796FA142002F0CBF940F248
:1040300073110720FCF78EFA142002F0C3F9FFF782
:1040400044BB00210846FCF785FA00210846FCF72E
:1040500081FA00210846FCF77DFA00210846FCF7AA
:1040600079FA0121A420FCF775FA142002F0AAF9CC
:1040700055465146602000E0DBE0FCF76BFA4E4607
:1040800049460820FCF766FA4FF405713020FCF72A
:1040900061FA43F215713120FCF75CFA40F20461D9
:1040A0003220FCF757FA40F616613320FCF752FA3B
:1040B00042F211213420FCF74DFA4FF4A85135207B
:1040C000FCF748FA48F207513620FCF743FA41F270
:1040D00007413720FCF73EFA41F203413820FCF754
:1040E00039FA20213920FCF735FA1A219020FCF703
:1040F00031FA00211020FCF72DFA07211120FCF7DE
:1041000029FA00211220FCF725FA00211320FCF7E0
:1041100021FA142002F056F94FF4E6611020FCF762
:1041200019FA40F237111120FCF714FA142002F0AA
:1041300049F94FF4DC711220FCF70CFA142002F05C
:1041400041F94FF470611320FCF704FA80212A2012
:10415000FCF700FA48212920FCF7FCF9142002F0B2
:1041600031F921460120FCF7F5F939460220FCF728
:10417000F1F941F238010320FCF7ECF9314608204F
:10418000FCF7E8F900210A20FCF7E4F900210C20F3
:10419000FCF7E0F900210D20FCF7DCF930210E20BE
:1041A000FCF7D8F900215020FCF7D4F9EF21512079
:1041B000FCF7D0F900215220FCF7CCF959465320E6
:1041C000FCF7C8F929466020FCF7C4F901216120F9
:1041D000FCF7C0F900216A20FCF7BCF911219020FE
:1041E000FCF7B8F94FF4C0619220FCF7B3F940F244
:1041F00002419320FCF7AEF902219420FCF7AAF9C2
:10420000142002F0DFF801210720FCF7A3F91420A5
:1042100002F0D8F861210720FCF79CF940F27311F5
:104220000720FCF797F900212020FCF793F90021E3
:104230002120FCF78FF92221002079E10021084696
:10424000FCF788F900210846FCF784F9142002F0F5
:10425000B9F800210846FCF77DF900210846FCF773
:1042600079F900210846FCF775F900210846FCF7AA
:1042700071F90121A420FCF76DF9142002F0A2F8D5
:1042800051466020FCF766F940F606010820FCF76D
:1042900061F940F2037319463020FCF75BF9012104
:1042A0003120FCF757F904213220FCF753F94FF481
:1042B00081713320FCF74EF931463420FCF74AF97E
:1042C00040F203113520FCF745F91F213620FCF799
:1042D00041F919463720FCF73DF901213820FCF758
:1042E00039F904213920FCF735F915219020FCF724
:1042F00031F94FF482611020FCF72CF940F247218C
:104300001120FCF727F94FF4DE711220FCF722F997
:104310004FF460611320FCF71DF9782002F052F889
:1043200021460120FCF716F94FF400710220FCF73A
:1043300011F941F230010320FCF70CF908210A20A1
:10434000FCF708F900210C20FCF704F920210E20CD
:10435000FCF700F900210F20FCF7FCF800212020D9
:10436000FCF7F8F800212120FCF7F4F83D212A2081
:10437000FCF7F0F8142002F025F82D212920FCF795
:10438000E9F800215020FCF7E5F84DF2EF0151204B
:10439000FCF7E0F800215220FCF7DCF859465320E6
:1043A000FCF7D8F800216120FCF7D4F800216A203E
:1043B000FCF7D0F831469220FCF7CCF80521932089
:1043C000FCF7C8F82146FFF7B8BB01210020FCF735
:1043D000C1F80A2001F0F6FF41F228611020FCF735
:1043E000B9F80E211220FCF7B5F840F63921132058
:1043F000FCF7B0F80A2001F0E5FF40211120FCF79E
:10440000A9F850211520FCF7A5F80A2001F0DAFFE1
:104410001E211220FCF79EF80A2001F0D3FF4FF472
:10442000B1511020FCF796F842F639211320FCF721
:1044300091F80A2001F0C6FF21460120FCF78AF816
:1044400031460220FCF786F841F238010320FCF7E0
:1044500081F849460820FCF77DF808210A20FCF77E
:1044600079F800213020FCF775F840F20241312044
:10447000FCF770F84FF483713220FCF76BF840F2D0
:1044800003513320FCF766F84FF482713420FCF7B7
:1044900061F840F201313520FCF75CF829463620FE
:1044A000FCF758F840F205313720FCF753F84FF489
:1044B00002713820FCF74EF840F60B713920FCF7FA
:1044C00049F802214120FCF745F851466020FCF7ED
:1044D00041F801216120FCF73DF84FF40471902070
:1044E00000E0CAE0FCF736F84FF485719220FCF743
:1044F00031F804219320FCF72DF82146A020FCF789
:1045000029F801210720FCF725F821210720FCF7D5
:1045100021F823210720FCF71DF833210720FCF7A1
:1045200019F840F233110720FCF714F80021A020FD
:10453000FCF710F883E530211520FCF70BF810216B
:104540009A20FCF707F820211120FCF703F843F22A
:1045500028411020FBF7FEFF02211220FBF7FAFF93
:1045600041F238011320FBF7F5FF282001F02AFF64
:1045700012210846FBF7EEFF282001F023FF43F24B
:1045800020411020FBF7E6FF43F238011320FBF730
:10459000E1FF462001F016FF00213020FBF7DAFF93
:1045A00040F202413120FBF7D5FF40F207313220C3
:1045B000FBF7D0FF4FF441713320FBF7CBFF042111
:1045C0003420FBF7C7FF40F201413520FBF7C2FF63
:1045D00029463620FBF7BEFF40F205313720FBF7B6
:1045E000B9FF4FF4C26319463820FBF7B3FF1946F1
:1045F0003920FBF7AFFF21460120FBF7ABFF314627
:104600000220FBF7A7FF41F230010320FBF7A2FFD6
:1046100040F608010820FBF79DFF08210A20FBF760
:1046200099FF51466020FBF795FF01216120FBF7C0
:1046300091FF4FF49F719020FBF78CFF2146922051
:10464000FBF788FF21469320FBF784FF4FF440518E
:10465000A020FBF77FFF1021A320FBF77BFF0121A8
:104660000720FBF777FF21210720FBF773FF2321AA
:104670000720FBF76FFF33210720FBF76BFF40F2AA
:104680003311A0E62DE9F843FD4C1E468046A38871
:10469000089FA3F5D040043802D1A079012807D0A3
:1046A000A2EB0800401C84B20D464FF0D84929E027
:1046B00025880846A91AA5EB08030025A5713246EE
:1046C0002A2565812B26491E5B1EA68189B29BB2D5
:1046D0000097FFF7D7FF0120A0716681A581BDE893
:1046E000F88329464046FBF75DFFFBF742FF0020B9
:1046F000494603E0A1F88070401C80B2A042F9D383
:104700006D1CADB2B542ECD9E9E72DE9F047824620
:10471000A2EB0A00401C0E4685B2981B401C87B2D3
:1047200000244FF0D849DDF8208015E0301981B21F
:104730005046FBF737FFFBF71CFF0020494607E018
:1047400004FB050338F81320A1F88020401C80B238
:10475000A842F5D3641CA4B2BC42E7D3BDE8F087FD
:104760002DE9FE4F161ACDE900104FF000085D1A32
:1047700047464FF0FF30002E02DD4FF0010102E00E
:1047800003D14FF000018B4602E08346C6F10006DC
:10479000002D02DD4FF0010002E003D14FF00000D8
:1047A000824602E08246C5F10005AE4201DD344694
:1047B00000E02C46601C4FF00009029018E00098C1
:1047C00081B2019880B2FCF74DF9B0442F44A04566
:1047D00004DD0198A8EB040858440190A74203DDCA
:1047E00000983F1B5044009009F101001FFA80F926
:1047F00002998945E3DDBDE8FE8FF0B51C461546FC
:104800000E4607460B46FFF7ABFF3A4623463146B6
:104810001046FFF7A5FF23462A4619463846FFF7FC
:104820009FFF2A4623463146BDE8F040104697E7F1
:104830002DE9FC4F80460025144603200F46A0EBCF
:10484000440649E0381B81B208EB050A01901FFAC3
:104850008AF0FCF707F9781B81B208EB0409009095
:104860001FFA89F0FCF7FEF807EB050B1FFA8BF136
:104870001FFA89F0FCF7F6F807EB04091FFA89F133
:104880001FFA8AF0FCF7EEF8A8EB050A1FFA89F187
:104890001FFA8AF0FCF7E6F8A8EB04091FFA8BF17F
:1048A0001FFA89F0FCF7DEF8019881B21FFA8AF04E
:1048B000FCF7D8F8009881B21FFA89F0FCF7D2F81B
:1048C0006D1C002E03DA06EB8506B61D04E0281BDE
:1048D00006EB8006641E0A36A542B3DDBDE8FC8FF8
:1048E0002DE9FF4F1D460C468A46580700D001208F
:1048F00000EBD500690810FB01F0203A00F0FF0939
:10490000D0B20026DFF878B1029044E00C2D11D02F
:10491000102D14D0182D40D102985A4900EBC00038
:1049200001EB80004FF00008875D38060CD5564833
:1049300002880DE00298554900EB4000F0E7544929
:10494000029801EB0010EDE70D9828B94E48428817
:1049500021460098FCF792F87806070E641CBBF815
:104960000200A4B2A04218D9A4EB0A00A84209D1BF
:1049700000985446401C80B20090BBF80010814261
:104980000BD906E008F1010000F0FF08B8F1080FAC
:10499000CBD3761CF6B24E45B8D3BDE8FF8F0246A6
:1049A000012000E05043491EC9B2FBD270472DE9F7
:1049B000FF4F81B00026DDF838A01D4693468146A2
:1049C0003446B0464FEA5A0727E0281B401EC1B2C2
:1049D0000A20FFF7E4FFBBFBF0F00A21B0FBF1F285
:1049E00001FB120026B9691E8C4201DA48B101268A
:1049F0003030C2B207FB049080B25346CDF800803D
:104A000006E007FB049080B253462022CDF80080D8
:104A10000299FFF765FF641CE4B2AC42D5D305B040
:104A2000BDE8F08F2DE9FF4F81B04FF00008DDE9C0
:104A30000EBA1E46814644460AF001054FEA5B075E
:104A400036E0301B401EC1B20A20FFF7A8FF0399D1
:104A5000B1FBF0F00A21B0FBF1F201FB1200B8F15A
:104A6000000F05D1711E8C4202DA98B14FF0010897
:104A70003030C2B207FB049080B25B46009512E072
:104A800014050020B0C10308180000204CB703082B
:104A9000C0BB03085FEA0A6007FB049080B25B4674
:104AA000009508D530220299FFF71AFF641CE4B282
:104AB000B442C6D3B3E72022F5E72DE9F84F044608
:104AC00000F0FF0910190D46DDE90AB61FFA80F85B
:104AD000581987B24FF0000A12E0444503D305EBA2
:104AE0000B004C4685B2BD420FD25B46294620469C
:104AF000CDF800A0FFF7F4FE04EB5B0084B2761C57
:104B00003278A2F120005E28E7D9BDE8F88F0000D6
:104B10002DE9F04116460F460446002500F0A0F8A6
:104B2000702000F03BF900F0D6F8E0B200F036F962
:104B300000F0D1F8002408E0385D00F02FF900F013
:104B4000CAF8050003D1641CE4B2B442F4D300F007
:104B5000A6F82846BDE8F0812DE9F04115460E463D
:104B6000044600F07DF8702000F018F900F0B3F86A
:104B7000E0B200F013F900F0AEF800F071F8712027
:104B800000F00CF900F0A7F800246F1E09E0BC4209
:104B900001D0012000E0002000F02DF93055641C08
:104BA000E4B2AC42F3D3BDE8F04100F078B87CB594
:104BB0000121062002F05FFB00248DF80440022052
:104BC0008DF80640032600908DF8056001258DF8CC
:104BD00007506946104801F011FF68038DF8045032
:104BE00000908DF806408DF8056069460B4801F08D
:104BF00005FF00F01AF80A4EC6F8B442142006F574
:104C00002D7601F0DFFB3560322001F0DBFB012067
:104C10007CBD0020704700000004024000080240F4
:104C200000004142022001F0B1BB1CB5012122204D
:104C300002F021FB01248DF8044000208DF80600CD
:104C400000948DF807406946854801F0D7FEE002E0
:104C500000908DF804406946824801F0CFFE1CBDEB
:104C600070B58048016821F440010160016841F499
:104C7000800101607C4C0120C4F8AC027B4DC5F87A
:104C800080021E2004F52B7405F5207501F07EFBD3
:104C900000262660022001F079FB2E6070BD70B501
:104CA0007048016821F440010160016841F480010D
:104CB00001606E480125C0F880521E2001F066FB9D
:104CC000694C0020C4F8AC02022004F52B7401F0FA
:104CD0005DFB256070BD70B562480024016821F459
:104CE00040010160016801605F4E0120C6F8AC021E
:104CF0005E4DC5F8800207E0641CE4B2FA2C03D9CB
:104D0000FFF7CDFF012070BD022001F03FFBD6F878
:104D10002C020028F0D1C5F8800270BD70B5534C4C
:104D20000025C4F880524F48016821F44001016019
:104D3000016841F480010160022004F5207401F053
:104D400025FB4948C0F8AC52022001F01FFB0120AE
:104D50002060022001F01AFB256070BD70B5434C45
:104D60000025C4F880523F48016821F440010160E9
:104D7000016841F480010160022004F5207401F013
:104D800005FB39480126C0F8AC62022001F0FEFAAA
:104D90002660022001F0FAFA256070BD2DE9F04787
:104DA00006463048016821F440010160016841F481
:104DB000800101602D4D0027C5F88072022001F0AE
:104DC000E5FADFF8A48000244FF00109F109C8F8E2
:104DD000AC127006060EC5F88092022001F0D6FAD9
:104DE000C5F88072022001F0D1FA641CE4B2082CEC
:104DF000ECD3BDE8F0872DE9F0478246194800243E
:104E0000016821F440010160016801601E2001F089
:104E1000BDFA0025154EDFF850902F464FF00108DF
:104E2000C6F88072022001F0B1FAC6F88082022032
:104E300001F0ACFA6006040ED9F82C0208B1641C2B
:104E4000E4B26D1CEDB2082DEAD3BAF1000F03D025
:104E5000FFF764FF2046CCE7FFF780FFFAE700008A
:104E600000040240001402400080424200804042A0
:104E70001848016841F001010160016841F0040136
:104E80000160016841F0020101601348016821F4EA
:104E900040710160016821F440410160016821F026
:104EA000C0010160016841F480410160016841F086
:104EB000400101607047084A082108B1118370471A
:104EC00051837047044A802108B151837047118390
:104ED00070470000303802400000024070B5ED4DD0
:104EE000288AC0070DD0EC4C206830B1804740B113
:104EF00000202060FFF7DFFF03E09FEDE80A00F0ED
:104F0000DDFF4FF6FE70288270BD7FB501210804D9
:104F100002F0D9F940F2F310019040F24F10ADF8D1
:104F200000000024DB4DADF80240ADF808406946B2
:104F3000284602F0B1FC01221146284603F035F85C
:104F400018208DF80C008DF80D408DF80E400120D2
:104F50008DF80F0003A801F092FC7FBD10B5044648
:104F6000FFF786FF0120FFF7A6FFFFF7CEFFC94935
:104F7000088820F001000880C7480460088840F0D5
:104F80000100088010BDFEB50D460446C44E2843FE
:104F900017D00120FFF78FFFADF800500020ADF8CB
:104FA0000200ADF80800019469463546304602F02B
:104FB00073FC6008686301214FEA050002F0E4FC1D
:104FC000FEBD00213046F9E7B648016841F0010115
:104FD0000160B4480C38016841F00301016000072A
:104FE000018921F007010181018941F0030101815B
:104FF000018B4FF6FC4211400183018B40F20222EB
:1050000011430183018C21F022010184018B40F6C0
:105010000F7211400183018841F001010180A24912
:105020000A6842F400620A60A04A136843F08003F1
:1050300013600A6A42F480120A629C4920310A68AD
:1050400042F480520A604FF0FF31C16200210185B5
:10505000018841F00101018070479249091D0A68E9
:1050600042F001020A608F4910390A6842F00102D9
:105070000A6042088A4842638B490B6823F4403334
:105080000B600B6843F400330B604B6A43F0010381
:105090004B625321018540F2E731C1624FF4FA714E
:1050A0004163018B21F070010183018B41F06001AC
:1050B0000183018B41F008010183018C41F0010162
:1050C0000184018841F080010180B0F8441041F46E
:1050D0000041A0F84410018841F0010101804263C1
:1050E00013E72DE9F047061E6D48714905464FF05C
:1050F000000403D007DA7642002005E0BDE8F0475F
:10510000002102F041BC012091FBF6F781463846B0
:1051100034F043FB41EC100B35F0E2F951EC100B8D
:1051200034F059FB0346634902204FF4803C11E000
:1051300097FBF0F200FB127291420ADD97FBF0F848
:10514000E04506DA1100044603D197FBF0F2624510
:1051500002DB401C9842EBDD97FBF4F7641E7F1ED8
:10516000B6F57A7F0CDD4846FFF7ACFEE86AB84238
:1051700002D1288DA04203D021463846FFF703FF15
:10518000288840F001002880BDE8F0872DE9F0472D
:10519000061E434D46484FF0000403D007DA76421E
:1051A000002105E0BDE8F04700210846EBE60121BB
:1051B00090FBF6F78946384634F0EFFA41EC100BD5
:1051C00035F08EF951EC100B34F005FB03463949EC
:1051D00002204FF4803C11E097FBF0F200FB1272CA
:1051E00091420ADD97FBF0F8E04506DA110004462B
:1051F00003D197FBF0F2624502DB401C9842EBDDE5
:1052000097FBF4F7641E7F1EB6F57A7F03DC686AAD
:10521000E96B88420CD94846FFF754FEE86AB84269
:1052200002D1288DA04203D021463846FFF7ABFEBD
:10523000288840F001002880A6E70120704710B5BB
:105240000020FFF738FEBDE810400021144802F0AE
:105250009BBB01207047012070474FF08040406A9F
:1052600070474FF08041486270474FF08040406A7D
:105270009FED111A00EE100AF8EEC00A80EE810AC6
:10528000DFED0E0A20EE200AF2EE000A20EE200AE0
:1052900070470000004001401C000020000000009A
:1052A000000001404038024000000240000402407B
:1052B00000BD010580969800F0FF7F4C0000B443CC
:1052C0002DE9F0418046584888B041600121042012
:1052D00001F0D1FF0121102001F0F5FF534F07220B
:1052E0000921384601F013FC07220A21384601F053
:1052F0000EFC02258DF8045038158DF80550002459
:1053000000908DF8064001268DF807606946384602
:1053100001F074FB8DF8045028028DF805500090C0
:105320008DF806408DF807606946384601F066FB47
:10533000ADF810400C203E4DADF80C40ADF8120019
:10534000CDF80880ADF80E40ADF8144002A928460B
:1053500002F0ADF80121284602F01AF9012240F2CC
:105360002551284602F0B3F925208DF818008DF854
:10537000194003208DF81A008DF81B6006A801F073
:105380007EFA08B0BDE8F08127490A884B889A4226
:1053900003D3002008804880704723B1254B9B5CD5
:1053A0000370521C0A800120704770B51E4D0C46D8
:1053B000698809B1002070BD014622461D4833F0BE
:1053C00010FE6C80012240F22771194802F07FF92B
:1053D000012070BD38B5164C40F2255529462046AF
:1053E00002F097F948B1A0880F49C0B24A6802B1EB
:1053F00090472946204602F0ABF940F2277529462E
:10540000204602F086F960B16846FFF7BDFF18B18B
:105410009DF80000A08004E000222946204602F00A
:1054200056F90020208038BD2000002000000240F6
:1054300000100140220500202DE9F041804663481C
:1054400088B041600121042001F015FF012188048A
:1054500001F02FFF5E4F07220B21384601F057FB6A
:1054600007220A21384601F052FB02258DF804502C
:10547000F8148DF80550002400908DF806400126A0
:105480008DF807606946384601F0B8FA8DF8045087
:1054900068028DF8055000908DF806408DF8076081
:1054A0006946384601F0AAFAADF810400C20494F81
:1054B000ADF80C40ADF81200CDF80880ADF80E4004
:1054C000ADF8144002A9384601F0F1FF0121384639
:1054D00002F05EF8012240F22551384602F0F7F85A
:1054E00027208DF818008DF819408DF81A508DF886
:1054F0001B6006A801F0C3F908B0BDE8F08133498C
:105500000A884B889A4203D300200880488070475D
:1055100023B1314B9B5C0370521C0A800120704701
:1055200070B52A4D0C46698809B1002070BD01464E
:105530002246294833F055FD6C80012240F2277144
:10554000244802F0C4F8012070BD70B51F4D0C4610
:10555000698809B1002070BD014622461E4833F01B
:1055600040FD6C80012240F227711A4802F0AFF82A
:10557000012070BDF8B5174C40F225563146204643
:1055800002F0C7F8251D48B128881049C0B24A6802
:1055900002B190473146204602F0DAF840F2277611
:1055A0003146204602F0B5F860B16846FFF7A7FF24
:1055B00018B19DF80000288004E000223146204602
:1055C00002F085F800202080F8BD000028000020AF
:1055D0000008024000480040860500202DE9F04305
:1055E00081463D4887B0016001210C2001F043FE57
:1055F0000121080501F05DFE384F08220C213846D4
:1056000001F085FADFF8D88008220221404601F037
:105610007EFA02258DF80450B8148DF80550002448
:1056200000908DF8064001268DF8076069463846DF
:1056300001F0E4F98DF8045004208DF80550009035
:105640008DF806408DF807606946404601F0D6F9AE
:10565000ADF810400C20234DADF80C40ADF8120011
:10566000CDF80890ADF80E40ADF8144002A92846D8
:1056700001F01DFF0121284601F08AFF012240F2BE
:105680002551284602F023F835208DF818008DF8B2
:10569000194003208DF81A008DF81B6006A801F050
:1056A000EEF807B0BDE8F08370B50E4C40F225551A
:1056B0002946204602F02DF800280BD0A088064984
:1056C000C0B20A6802B1904729462046BDE8704042
:1056D00002F03EB870BD000030000020000802401B
:1056E000000C0240005000402DE9F0410024002849
:1056F00061D000295FD0002A5DD0002B5BD0401E16
:10570000C5B2491EF748521ECEB25B1E0168D7B221
:105710009BB241F001010160016841F001010160AB
:10572000F04910310A6842F080620A600A6842F06B
:1057300000720A60016841F002010160EA480168F4
:1057400021F070610160016841F000610160016851
:1057500041F000710160E4480830016821F0706197
:105760000160016841F000710160016841F0006171
:105770000160DD482430016841F4102101600168B6
:1057800041F410010160D8480C30016821F07061CB
:105790000160016841F080710160016841F0806141
:1057A0000160D24800220260016841F001010160FD
:1057B00000F1040C08E00120BDE8F081641CA4B2F3
:1057C000642C01D90220F7E7DCF80010C907F5D0F6
:1057D000016801600168016001680160016841F0D1
:1057E000100101600168016001680160BF491C315E
:1057F0000A60D1F800E0C1F800E0D1F800E0C1F89B
:1058000000E0D1F800E04EEA05650D600D6845EA5C
:1058100006550D600D6845EA07450D600D681D438E
:105820000D60016821F0010101604FF6F07005E0A4
:10583000641CA4B2844201D90320BDE7DCF8001047
:10584000C907F5D1AA48016841F001010160A849E2
:105850001C310B6823F480430B60A54B0C331C6890
:1058600044F480441C60031D1A60A14B14331C686F
:105870001C609F4BB0331A601B1D1A600B6843F409
:1058800080430B600168026098481430016841F061
:1058900002010160022340220021012000F0ADFB43
:1058A000002089E7F0B5914C059E083425686D010C
:1058B00001D5002508E025682D0101D5012503E06B
:1058C0002468E4003DD502258A4C002704EB05142A
:1058D000C4F88079A1B3C000D4F880790743C4F834
:1058E0008079D4F8800940EA8100C4F88009D4F8AE
:1058F000800940EA4200C4F88009D4F8841903F012
:105900000F0021F00F01C4F88419D4F88419014361
:10591000C4F884193079D6F8051040EA0120C4F89B
:105920008C093078D6F8011040EA0120C4F88809C3
:10593000D4F8800940F00100C4F880092846F0BD81
:1059400001E0FF20FBE74005C6E7F0B5694CDDE963
:10595000057504EB0014D4F8B06916F0040616704F
:10596000D4F8B02931D0D2080A60D4F8B01901F0C7
:1059700002011970D4F8B41901F00F013970D4F88C
:10598000B8192970D4F8B819090A6970D4F8B81987
:10599000090CA970D4F8B819090EE970D4F8BC192B
:1059A0002971D4F8BC19090A6971D4F8BC19090C19
:1059B000A971D4F8BC19090EE97140B14B481030F7
:1059C000016841F020010160B9E7520DCCE747487A
:1059D0000C30F5E700B587B0142102A833F028FB9E
:1059E0000DF11300411ECDE90010831E04AA02A987
:1059F0000020FFF7AAFF40480168002901D002A853
:105A0000884707B000BDF8B5002413460091012572
:105A100022462146FFF746FF064640F6FF7730460E
:105A200000F02FF8072805D0641CA4B2BC42F6D3BE
:105A30002846F8BD0025FBE730B5054686B00024B2
:105A40002A4803940C308DF80840006810F00300D9
:105A500015D002A8CDE9000105AB04AA03A90020D6
:105A6000FFF773FF0398A84205D19DF8100010B905
:105A70009DF8140008B18DF808409DF8080006B0A4
:105A800030BD1A49083128B1012810D002281BD096
:105A900005207047086800F001020868096800F0F6
:105AA0000200104301F0806140EA1160704708680D
:105AB00000F001020868096800F00200104301F0DC
:105AC000006140EA51607047086800F00102086810
:105AD000096800F00200104301F0805140EA916033
:105AE0007047000030380240000402400068004067
:105AF00000660040006000403400002010B5164AE7
:105B00004FF480435C10911C022805D0012806D078
:105B10004FF4C040088010BD14800B8010BD0C8075
:105B2000138010BD0D48016841F0200101600A4852
:105B30001838016821F040610160016821F040518E
:105B40000160016841F080610160016841F08051AD
:105B500001600020D2E700001814024030380240F3
:105B60002948016841F004010160274810380168A4
:105B700041F00201016025490020086024480268C4
:105B800022F440520260026842F40052026020484F
:105B90002030026842F0007202601C4A53200C3A26
:105BA0001080121D40F2E73010604FF4FA70086068
:105BB00016481C38018821F070010180018841F0ED
:105BC00060010180018841F0080101800F4814380C
:105BD000018841F0010101800C483438018841F00E
:105BE00080010180094910310A8842F400420A808C
:105BF000018841F0010101807047044900EB8000F9
:105C000040000860704700004038024034080040FF
:105C1000000402402DE9F0435F4F87B08146B96030
:105C20000121402001F027FB0121202001F04BFB46
:105C3000DFF8688108220921404600F068FF082249
:105C40000E21404600F063FF02258DF804504FF40A
:105C500000708DF80550002400908DF80640012654
:105C60008DF807606946404600F0C8FE8DF8045084
:105C700068038DF8055000908DF806408DF8076098
:105C80006946404600F0BAFEADF810400C20444D85
:105C9000ADF80C40ADF81200CDF80890ADF80E400C
:105CA000ADF8144002A9284601F001FC0121284664
:105CB00001F06EFC012240F22551284601F007FD5B
:105CC000012240F22771284601F001FD47208DF89E
:105CD00018008DF8194003208DF81A008DF81B600C
:105CE00006A800F0CCFD3E7007B0BDE8F0832A495D
:105CF0004A888B889A4203D3002048808880704766
:105D000023B1284B9B5C0370521C4A8001207047D2
:105D100070B5214C0D46217819B1A18819B1002028
:105D200070BD012070BD01462A461E4833F059F966
:105D3000A580012240F22771194801F0C8FCF0E764
:105D4000F8B5174C40F225563146204601F0E1FCEB
:105D5000251D48B128881049C0B28A6802B1904711
:105D60003146204601F0F4FC40F2277631462046C9
:105D700001F0CFFC60B16846FFF7B9FF18B19DF89C
:105D80000000288004E000223146204601F09FFCFC
:105D900000202080F8BD00003800002000180240DC
:105DA00000140140EA05002013B50822694690015D
:105DB000FFF729FE1CBD3EB5040A8DF804408DF89E
:105DC0000500080A8DF80600100A8DF808008DF805
:105DD0000920180A8DF80A008DF80B3001A88DF8FB
:105DE000071008230022009011469801FFF75AFD82
:105DF0003EBD2DE9F041DFF8608200252DED048BDA
:105E00009FED968A4FF4FA7640F2DC57DFED948AE4
:105E10009FED949A05EBC50000EB400108EBC1042F
:105E20002046B1EE041AF0EE480AB3EE040A3346F7
:105E30003A46032100F091FA04F16C00B0EE681AC2
:105E4000F0EE490AB7EE000A33463A46032100F065
:105E500084FA6D1C042DDDDBBDEC048BBDE8F08104
:105E600070B5054610EE100A0C46B0F17E5F06DCF8
:105E700010EE100A10F1814F01D8002070BDB4F966
:105E8000020000EE900A2846B8EEE01AF0EE400A52
:105E9000B0EE410A00F00FF9B4F90400F0EE400A48
:105EA00000EE100A05F16C00B8EEC00A00F003F92C
:105EB000BDEEC00A10EE100A00B270BDB5EEC00A09
:105EC00010B5F1EE10FA04D100231A46194618460F
:105ED00007E0614960485439FFF7C2FF00231A46C2
:105EE0001946BDE8104066E7DFED5D0A002206E0D6
:105EF00000EB8203521C93ED000A70EE200A8A42E6
:105F0000F6DBB2EE041A80EE810A704770B5A0F29B
:105F1000012006285ED8544CC0B22070A2680A2A1C
:105F200001DB0022A260042854D24B4D00EB400359
:105F3000543D05EB830235F8236016810E8876BA4E
:105F400025F823604B885BBA53808B885BBA9380BB
:105F500089799171B2F9021000EB800300EE101AFA
:105F6000A5F5A070A168B8EEC00A00EBC30000EB75
:105F70008106491C86ED000AB2F90420A5F1A006AD
:105F800000EE102A06EBC30202EB8102B8EEC00A53
:105F9000491C82ED000AA1600A21FFF7A5FFBDEEB2
:105FA000C00A217801EB410210EE100A05EB8202D3
:105FB000508001EB810006EBC0000A21FFF794FF3F
:105FC000BDEEC00A217801EB410110EE100A05EB8D
:105FD0008101888070BD00B589B002A907A8CDE90C
:105FE000000106AB05AA04A90020FFF7AEFC02A938
:105FF0000498FFF78BFF09B000BDF0B507241B4ED6
:106000009C43250234684FF6FF073C40184F3C4341
:106010002C433460C3F10404A0400F24DC400C4046
:1060200004435009800000F1E020D0F8001102F094
:106030001F050123AB401943C0F8001102F1E02213
:1060400092F8000440EA041082F80004F0BDAFF2B8
:10605000790008490860CCE6E4070020CDCC4C3E2E
:1060600000000000CDCC4C3D440000200CED00E0D1
:106070000000FA0534000020D0ED000AF4EEC00A5A
:10608000F1EE10FA01DD80ED000AD0ED000AB1EE6C
:10609000400AF4EEC00AF1EE10FA01D280ED000AD7
:1060A000704700F1580C8CE80E0080EC030A704732
:1060B00080EC030A704700B530EEC01A80ED080A84
:1060C000C0ED050A80ED0B1AD0ED141A01469FEDC4
:1060D000A72A30EEC00AF5EEC01AB1EE400AF1EE82
:1060E00010FA0ED0B5EEC01AF1EE10FA02DDF0EEA5
:1060F000410A01E0F0EE400AF4EEE10AF1EE10FA96
:1061000012DCD1ED150AF5EEC00AF1EE10FA0ED050
:10611000B5EEC01AF1EE10FA01DDB0EE410AB4EEB0
:10612000E00AF1EE10FA02D2B0EE420A00BD886D2C
:1061300001F13402032802D0042838D07AE091ED2E
:10614000000A104620EE010A81ED0C0A91ED0D0ABD
:10615000D1ED010A00EE810A81ED0D0A91ED0A0AE6
:10616000D1ED020A31EE400A20EE200A81ED0E0A3E
:1061700091ED180AB8EE400AFFF77EFF91ED0C0A88
:10618000D1ED0D0A01F13C0030EE200AD1ED0E0AEE
:1061900030EE200A81ED0F0A91ED170AB8EE400AA1
:1061A000FFF76AFF91ED0F0A81ED100A42E091EDD1
:1061B0000A0AD1ED001A104671EE400A60EEA10AFB
:1061C000C1ED0C0AD1ED010A60EE810AC1ED0D0AA4
:1061D000F0EE000A00EE601A91ED090AD1ED020A14
:1061E00031EE000A20EE200A81ED0E0A91ED180A28
:1061F000B8EE400AFFF740FF91ED0C0AD1ED0D0A11
:1062000001F1480030EE200AD1ED0E0A30EE200AEE
:1062100081ED110AD1ED130A30EE800A81ED120AE8
:1062200091ED170AB8EE400AFFF726FF91ED120A2A
:1062300081ED130A91ED0A0A81ED090A91ED0B0A2D
:1062400081ED0A0A91ED070A81ED060A91ED080A2F
:1062500081ED070A91ED040A81ED030A91ED050A2B
:1062600081ED040A886D032802D091ED120A00BD69
:1062700091ED0F0A00BD00B580ED080A30EEC00AAE
:10628000C0ED050A014680ED0B0A806D032843D15D
:10629000D1ED000A364A60EE800AC1ED0C0AD1ED5C
:1062A000010AF0EEE01A11EE900A904206DBD1ED01
:1062B0000D1A40EE801AC1ED0D1A03E09FED2B0A76
:1062C00081ED0D0A91ED020ADFED2A0A01F1340099
:1062D00020EE010A80EE201A81ED0E1A91ED180AC7
:1062E000B8EE400AFFF7C8FE91ED0C0AD1ED0D0A99
:1062F00001F13C0030EE200AD1ED0E0A30EE200A0A
:1063000081ED0F0A91ED170AB8EE400AFFF7B4FECF
:1063100091ED0F0A81ED100A91ED0A0A81ED090A4B
:1063200091ED0B0A81ED0A0A91ED070A81ED060A4B
:1063300091ED080A81ED070A91ED040A81ED030A47
:1063400091ED050A81ED040A886D032802D091EDD4
:10635000120A00BD91ED0F0A00BD30B4064C446630
:10636000064C846630BC9CE67047000000000000CC
:106370006F12833A0000C8C2A3600008B160000831
:106380002548016841F4807101607047B0F57A7F5B
:1063900001D941F28830214900220A8053230B851C
:1063A00000EB8000531E03EB4000C8624A62BFF35B
:1063B0004F8F088840F0090008800888C007FCD18A
:1063C00070477047B0F57A7F01D941F288301349A0
:1063D00000220A8042F2CF030B8500EB8000531E9F
:1063E00003EB4000C8624A62BFF34F8F088840F059
:1063F000090008800888C007FCD1704772B60849B8
:10640000054A4FF08053303A486813600023136008
:10641000096881F3088800474038024000200040A6
:106420000000FF1F114810B544680068F9F7BBFE73
:10643000A446BDE8104060470D49AA2009680870CD
:106440000D490C480860704770B5094D00240B4E8B
:1064500028680178AA2903D104703460FFF7E2FFAD
:106460004FF0807030602868047070BD0000FF1F1E
:10647000500000200400FA050CED00E074380240E2
:1064800070470FB44FF4807110B50024E54832F026
:10649000CFFD03AAE348029933F094FFE248E14AB2
:1064A00005E003885B06FCD58180641CA4B2115D05
:1064B0000029F6D110BC5DF814FB0FB44FF48071C5
:1064C00070B50024D94832F0B3FD05AAD748049925
:1064D00033F078FFD649D54A0B1D05E00D886D06CF
:1064E000FCD51880641CA4B2105D0028F6D170BCE5
:1064F0005DF814FBF0B5064687B00121042000F0DA
:10650000BAFE0121880400F0D4FECA4F07220A21F6
:10651000384600F0FCFA07220B21384600F0F7FA63
:106520004FF44060049002208DF814008DF815009F
:1065300000248DF8164001258DF8175004A938461F
:1065400000F05CFA0096ADF808400C20BA4EADF8A9
:106550000440ADF80A00ADF80640ADF80C406946BD
:10656000304600F0A4FF0121304601F011F801226D
:1065700040F22551304601F0AAF827208DF8180086
:106580008DF8194003208DF81A008DF81B5006A8CD
:1065900000F075F907B0F0BD2DE9F043814687B0F2
:1065A00001210C2000F067FE0121080500F081FEAA
:1065B000A04F08220C21384600F0A9FADFF87C82AF
:1065C00008220221404600F0A2FA02258DF804506C
:1065D000B8148DF80550002400908DF8064001266F
:1065E0008DF807606946384600F008FA8DF80450C7
:1065F00004208DF8055000908DF806408DF8076056
:106600006946404600F0FAF9ADF810400C208C4D78
:10661000ADF80C40ADF81200CDF80890ADF80E4082
:10662000ADF8144002A9284600F041FF0121284698
:1066300000F0AEFF012240F22551284601F047F854
:1066400035208DF818008DF8194003208DF81A00B8
:106650008DF81B6006A800F012F907B0BDE8F083C2
:106660007047F0B50646012187B0084600F003FEEA
:106670000121102000F027FE724F07220921384621
:1066800000F045FA07220A21384600F040FA4FF49C
:10669000C060049002208DF814008DF815000024CD
:1066A0008DF8164001258DF8175004A9384600F0E2
:1066B000A5F9ADF80440ADF80640ADF80840ADF8D6
:1066C0000C400C20584CADF80A0000966946204654
:1066D00000F0EDFE0121204600F05AFF012240F2B9
:1066E0002551204600F0F3FF25208DF818000320E7
:1066F0008DF819008DF81A008DF81B5006A800F0CF
:10670000BEF847E72DE9F0438146012187B00846EE
:1067100000F0B1FD0121480400F0CBFDDFF8248139
:1067200007220221404600F0F2F9072203214046E9
:1067300000F0EDF902258DF814508DF81550002465
:106740000C268DF81640012704968DF8177004A9C1
:10675000404600F053F9ADF80440ADF80640ADF8FE
:106760000840ADF80C40324CCDF80090ADF80A600E
:106770006946204600F09BFE0121204600F008FFFC
:10678000012240F22551204600F0A1FF26208DF87D
:1067900018008DF8195003208DF81A008DF81B7021
:1067A00006A800F06CF858E770B5214C40F225516E
:1067B000204600F0AEFF00280ED0204600F012FF69
:1067C000C2B2214841880B0406D44C044FF00003A8
:1067D00006D50A2A01D0438070BD41F400410DE086
:1067E0000D2A09D0C1F30D04184D491C89B22A5550
:1067F0004180C729EFD870BD41F48041418070BD10
:106800000FB4124810B503AA029932F06FFC84B29B
:106810004FF480710D4832F00BFC0B4900200880CA
:10682000204647E64C0B0020001001404C0C002095
:10683000004400400008024000480040000C0240B4
:106840000050004000000240540000204C0D002089
:106850000648804706480047FEE7FEE7FEE7FEE7FA
:10686000FEE7FEE7FEE7FEE7FEE7FEE73704000887
:10687000890100082849084328490860704730B555
:106880000F22C47801780123FCB1244C246801F163
:10689000E02104F4E064C4F5E064C4F30724C4F127
:1068A0000405E2404478AC408578154025432A0130
:1068B00081F80024007800F01F018B40400980001F
:1068C00000F1E020C0F8003130BD01F01F0083402E
:1068D0004809800000F1E020C0F8803130BD104A46
:1068E000114001430D48001F016070470B4A121D03
:1068F0000029116801D0014300E081431160704715
:106900004FF0E0210428086903D020F0040008615A
:10691000704740F00400FAE70000FA050CED00E0D3
:1069200080FFFF1F824910B5884206D10121084629
:1069300000F0D3FC002101205BE07E49884206D1B3
:106940000121022000F0C9FC0021022051E07A4917
:10695000884206D10121042000F0BFFC0021042060
:1069600047E07649884206D10121082000F0B5FCB5
:10697000002108203DE07249884206D10121102003
:1069800000F0ABFC0021102033E06E49884206D1B4
:106990000121202000F0A1FC0021202029E06A49EB
:1069A000884206D10121402000F097FC00214020C0
:1069B0001FE06649884206D10121802000F08DFC4D
:1069C0000021802015E06249884202D1012184150E
:1069D0000AE06049884202D10121441504E05E4981
:1069E00088420AD101210415204600F076FC0021DE
:1069F0002046BDE8104000F070BC10BDF0B500238B
:106A0000012403270D6804FA03F21540954242D190
:106A1000D0F800C05E0007FA06F52CEA050CC0F8B5
:106A200000C091F804C0D0F800E00CFA06FC4CEA73
:106A30000E0CC0F800C091F804C0BCF1010F02D0E8
:106A4000BCF1020F1FD1D0F808C02CEA050CC0F829
:106A500008C091F805C0D0F808E00CFA06FC4CEA32
:106A60000E0CC0F808C0D0F804C02CEA020CC0F824
:106A700004C0426891F806C00CFA03FC1FFA8CFCB3
:106A800042EA0C024260C268AA43C260CA79C56881
:106A9000B2402A43C2605B1C102BB3D3F0BD4FF64B
:106AA000FF7101600021017141718171C1717047F5
:106AB00008B541F480320092C261C1610099C161A0
:106AC000C169C069009008BD0246002012690A42EF
:106AD00000D001207047006980B270470246002054
:106AE00052690A4200D001207047406980B2704765
:106AF00001837047418370470AB101837047418326
:106B000070474161704742694A40426170474B0794
:106B1000DB0E9A40C90810B500EB8100016A0F2412
:106B20009C40A1430162016A1143016210BD000053
:106B3000000002400004024000080240000C024035
:106B4000001002400014024000180240001C0240E5
:106B50000020024000240240002802408100A1F1F0
:106B6000C04148B143F2D200C1F800006FF070405C
:106B70004860C1F8040170474FF0204243F2DB0047
:106B80001060F3E710B5D0E901121143D0E90323F7
:106B90001A4311434269114382691143C269114387
:106BA000026A1143426A1143826A1143C26A114365
:106BB000026B114302689200A2F1C0421160816829
:106BC000082907D101688900A1F1C0410A6842F093
:106BD00040020A60416BD1E9002342EA03128B684C
:106BE0008C891B0243EA04431A430B8A42EA03528C
:106BF0000B7D896942EA03620A4301688900A1F1B9
:106C0000C0414A60C16AB1F5804F08D000686FF09A
:106C100070418000A0F1C040C0F8041110BD816B2C
:106C2000D1E9002342EA03128B680C8A1B0243EA73
:106C300004531A430B7D896942EA036200680A43E0
:106C40008000A0F1C040C0F8042110BD0021022244
:106C5000C0E900128160C160016141618161D202BD
:106C6000C161C0E908125200C0E90A210163CB49A1
:106C70004163816370478000A0F1C0400029016832
:106C800002D041F0010101E0C54A114001607047A6
:106C900010B5182440234FF020414FF0FC3210284B
:106CA00005D041F8804F4B608A60CA6010BD0C6609
:106CB0004B668A66CA6610BD30B5D0E90112114331
:106CC000D0E903231A431143426941EA4221826910
:106CD00041EA4231C26941F00804D2E9001341EAB5
:106CE00003211389127B1B0443EA0262036A1143E6
:106CF000D3E9002542EA05221D891B7B2D0445EAC4
:106D000003631A4303684FF02040102B04D040F86F
:106D1000804F8160C26030BD04668166C26630BD4E
:106D200010210160002141608160C1600161416109
:106D30008161C269FC211160C2695160C2699160C0
:106D4000C269D160026A1160026A5160026A916090
:106D5000006AC16070474FF0204251B1102804D042
:106D600052F8800F40F004000AE0106E40F004007A
:106D70000AE08B49C91E102804D052F8800F084041
:106D800010607047106E0840106670474FF0204248
:106D900051B1102804D052F8800F40F040000AE0B2
:106DA000106E40F040000AE07D493F39102804D0C1
:106DB00052F8800F084010607047106E084010664F
:106DC00070474FF02041102802D0D1F8940070474E
:106DD000486F70474FF02040182140F8A01F002155
:106DE00041604FF0FC318160C1600161704710B5B6
:106DF000D0E9001241EA42228168102343EA41317E
:106E00000A434FF0204141F8A02FC268D2E9003474
:106E100043EA04231489127B240444EA02621343E4
:106E20008B600269D2E9003443EA04231489127B9F
:106E3000240444EA02621343CB604069D0E9002392
:106E400042EA03220389007B1B0443EA00600243F9
:106E50000A6110BD0021016041608160C268FC21AF
:106E60001160C2685160C2689160C268D1600269F5
:106E7000116002695160026991600269D1604269E2
:106E8000116042695160426991604069C160704718
:106E90004FF02041002851F8A00F02D040F004002C
:106EA00002E03F4AD21E10400860704710B54FF410
:106EB00080744FF0204372B1102804D0A04205D155
:106EC00053F8840F04E0586E08430DE053F8A40F04
:106ED0000843186010BD102804D0A04206D153F812
:106EE000840F05E0586E8843586610BD53F8A40F10
:106EF0008843EEE7034600204FF02042102B08D0D5
:106F0000B3F5807F07D0D2F8A4200A4200D0012038
:106F10007047526EF9E7D2F88420F6E74FF020422E
:106F2000102807D0B0F5807F08D052F8A40F88430E
:106F300010607047506E88435066704752F8840F57
:106F4000F5E7034600204FF02042102B0CD0B3F59C
:106F5000807F0BD0D2F8A4200A4202EAD10102D0ED
:106F6000002900D001207047526EF5E7D2F8842046
:106F7000F2E74FF02042102808D0B0F5807F0AD009
:106F800052F8A40F20EAD10010607047506E20EA3A
:106F9000D1005066704752F8840FF3E70CCF030816
:106FA000FEFF0F00F848016841F001010160F64A58
:106FB0000021083211600268F44B1A400260031D80
:106FC000F34A1A60F04BF34A84331A60F04A103ADD
:106FD0001B1D1A60026822F480220260EA480C300D
:106FE0000160181D01607047E7490022891C0A7082
:106FF0000870704702460020510901290CD002296F
:107000000CD0E1497431096802F01F02012393405A
:107010000B4200D001207047DB49F4E7DA497031B8
:10702000F1E718B500204FF4A04400903120FFF79D
:10703000E1FF0099491C0091A14201D00028F5D040
:107040003120FFF7D7FF002800D0012018BDCE491E
:107050000A6822F0F80242EAC00008607047CE4990
:1070600008607047C849002270310A700A70012810
:1070700002D0042801D1052008707047C749086074
:10708000704741EA82115A0810B5C54B029C03EBC8
:1070900002421143014341EA0460BB49091D0860F3
:1070A00010BDBD4908667047800140EA0170B649CD
:1070B000843108607047B84988667047800140EAAB
:1070C0000160B14940EA0270883108607047B249F6
:1070D00008677047B049C8647047AB4A0832136804
:1070E000084323F0EC63184310607047A64A083247
:1070F0001368084323F07843184310607047A24A8E
:107100000832116821F003010143116070479E4865
:107110000830006800F00C0070479B4A0832116884
:1071200021F0F001014311607047974A083211685D
:1071300021F4E051014311607047934908310A6816
:1071400022F4604242EAC0000860704770B58E4A7F
:1071500008321168934C11F00C0104D06610042918
:1071600003D0082903D004601BE0066019E08649BB
:10717000091D0B68C3F380550B6803F03F0315B17D
:10718000B6FBF3F301E0B4FBF3F30C680968C4F356
:1071900088146343C1F30141491C4900B3FBF1F179
:1071A000016011680F2303EA11117F4B5C5C0168D9
:1071B000E14041601468072505EA94241C5D21FA2A
:1071C00004F48460126805EA52329A5CD140C160CE
:1071D00070BDC0F30121032908D16B4A0832116840
:1071E00021F4F81371490140194311606649703167
:1071F0000A68C0F30B0002430A60704767494439CC
:107200000860704765494039086070476249C1F8B5
:107210005C0170475C4A8C321168401E21F01F01EE
:1072200001431160704758498C310A686FF0FF03C1
:1072300022F4F85203EB0020104308607047524AD2
:107240008C32116821F440110143116070474E4A9D
:107250008C32116821F440010143116070474A4AA1
:107260008C32116821F4403101431160704750495C
:10727000C1F8E0017047444A30320029116801D05A
:10728000014300E08143116070473F4A34320029D6
:10729000116801D0014300E08143116070473A4A10
:1072A00038320029116801D0014300E081431160A8
:1072B0007047354A40320029116801D0014300E08F
:1072C000814311607047304A44320029116801D06F
:1072D000014300E08143116070472B4A10320029BE
:1072E000116801D0014300E0814311607047264AD4
:1072F00014320029116801D0014300E0814311607C
:107300007047214A18320029116801D0014300E07A
:107310008143116070471C4A20320029116801D056
:10732000014300E0814311607047174A243200296D
:10733000116801D0014300E0814311607047124A97
:1073400050320029116801D0014300E081431160EF
:1073500070470D4A54320029116801D0014300E002
:10736000814311607047084A58320029116801D0E2
:10737000014300E0814311607047034A60320029F5
:10738000116817D0014316E000380240FFFFF6EA0B
:10739000103000240030002000004742800E474299
:1073A0000000FFFF0024F4005C000020FFFCFF0F42
:1073B00000104742814311607047194A0029116843
:1073C00001D0014300E081431160704714490C3142
:1073D0000128086803D020F008000860704740F0DA
:1073E0000800FAE70E4A573A0029117801D0014304
:1073F00000E081431170704709481030016841F086
:107400008071016070470146054A0020583A1268B1
:107410000A4200D001207047014956390870704770
:1074200064380240CD4910B5884206D101211020B0
:10743000FFF77BFF0021102020E0C949884202D1DC
:1074400001214C0429E0C749884202D101218C0462
:1074500023E0C549884202D10121CC041DE0C34983
:10746000884202D101210C0517E0C149884209D1A7
:1074700001212020FFF759FF00212020BDE8104006
:10748000FFF753BFBB49884202D101218C0704E0BA
:10749000B94988420AD1012144052046FFF73BFF44
:1074A0002046BDE810400021FFF735BF10BD7FB575
:1074B0000446008A0D4620F44051E88808432082A3
:1074C000A08941F20C618843A9882A8911436A89FD
:1074D00002431143A181A08A20F44071A889084386
:1074E000A0826846FFF732FE9C48844202D0A04842
:1074F000844201D1039800E00298A189090400EBBD
:10750000C00101EB0010296801D5490000E08900A5
:10751000B0FBF1F26420B2FBF0F109010B096FF04E
:1075200018056B4302EB8302A3891D044FF032035D
:1075300006D503EBC202B2FBF0F000F0070005E055
:1075400003EB0212B2FBF0F000F00F0008432081C1
:107550007FBD4FF41651016000218180C1800181FF
:107560000C2242818181704710B5028A4C8822F436
:1075700070630A8822438C88C9880C4322431A43CB
:10758000028210BD0021018041808180C18070474E
:107590000029818902D041F4005101E021F4005119
:1075A00081817047028B02F47F420283028B0A437F
:1075B000028370470029818902D041F4004101E033
:1075C000C1F30E01818170470029818A02D041F404
:1075D000006101E021F4006181827047C1F308017C
:1075E000818070478088C0F308007047028A22F0CB
:1075F0000F020282028A0A430282704700298189AF
:1076000002D041F0020101E021F0020181817047C6
:10761000828922F40062828182890A4382817047D2
:10762000028A22F020020282028A0A430282704702
:107630000029018A02D041F4804101E021F4804117
:1076400001827047818941F00101818170470029E1
:10765000818A02D041F0080101E021F00801818215
:107660007047028BD2B20283028B42EA012101836E
:1076700070470029818A02D041F0200101E021F009
:107680002001818270470029818A02D041F01001D7
:1076900001E021F0100181827047828A22F0040209
:1076A0008282828A0A43828270470029818A02D0BC
:1076B00041F0020101E021F0020181827047002ABD
:1076C000828A01D00A4300E08A438282704710B563
:1076D000C1F3421301F01F040121A140012B07D087
:1076E000022B07D01430002A026805D00A4304E0B8
:1076F0000C30F8E71030F6E78A43026010BD02460E
:10770000002012880A4200D001207047C94301803E
:10771000704730B501F01F0201240025C1F3421368
:1077200004FA02F2012B0FD0022B0FD0838A4FEA0A
:1077300011210088134204FA01F400EA040001D088
:1077400000B10125284630BD8389F0E7038AEEE7C2
:107750000A0A01219140C94301807047001001408D
:107760000044004000480040004C004000500040F1
:107770000014014000780040007C0040FE4910B534
:10778000884206D101210846FFF7CFFD00210120E4
:107790005BE0B0F1804F09D0F84988420DD101215A
:1077A0000220FFF7B8FD0021022070E00121084609
:1077B000FFF7B1FD0021012069E0F149884206D1BF
:1077C00001210420FFF7A7FD002104205FE0ED491F
:1077D000884206D101210820FFF79DFD00210820E5
:1077E00055E0E949884206D101211020FFF793FDB9
:1077F000002110204BE0E549884206D101212020DC
:10780000FFF789FD0021202041E0E149884206D1AF
:1078100001210220FFF789FD0021022015E0DD494A
:10782000884202D101210C040AE0DB49884202D1DE
:1078300001214C0404E0D94988420AD101218C0479
:107840002046FFF772FD00212046BDE81040FFF7FB
:107850006CBDD349884206D101214020FFF75BFD72
:107860000021402013E0CF49884206D10121802029
:10787000FFF751FD0021802009E0CB4988420AD161
:10788000841501212046FFF746FD00212046BDE872
:107890001040FFF740BD10BD30B50288B64BBC4C60
:1078A00098420DD0A0420BD0B0F1804F08D0B34D1C
:1078B000A84205D0B24DA84202D0B24DA84203D191
:1078C00022F070054A882A43AF4DA84206D0AF4D3A
:1078D000A84203D022F440750A892A4302804A68EC
:1078E000C2620A880285984201D0A04201D1897AF9
:1078F00001860121818230BD4FF0FF3141600021BE
:1079000001800181418081727047018582827047C8
:10791000028822F070020A43028070474162704779
:10792000C1627047406A7047008D70470029018826
:1079300002D041F0020101E021F002010180704714
:107940000029018802D041F0040101E021F0040186
:10795000018070470029018802D041F0800101E0D8
:1079600021F0800101807047028822F00802028025
:1079700002880A4302807047028822F44072028023
:1079800002880A43028070470029018802D041F032
:10799000010101E021F001010180704730B5028C46
:1079A00022F001020284028C8388048B22F00202FE
:1079B00024F073050C882C438D8915434A882A438B
:1079C0006D4DA84202D0724DA8420DD122F008059B
:1079D000CA8923F440732A4322F004058A882A4383
:1079E0000D8A1D434B8A2B4383800483896841633E
:1079F000028430BD70B5028C22F010020284028C29
:107A00008488038B0D8823F4E6464FF6FF7303EA60
:107A1000052535438E8922F0200203EA0616164317
:107A20004A8803EA02123243534EB04202D0584E03
:107A3000B04215D122F08006CA8924F4406403EADA
:107A40000212324322F040068A8803EA02123243CD
:107A50000E8A03EA860626434C8A03EA84043443EA
:107A60008480058389688163028470BD70B5028C4F
:107A700022F480720284028C8488838B0D8823F028
:107A800073031D4322F400738E894FF6FF7202EADE
:107A900006261E434B8802EA03233343364EB04288
:107AA00002D03B4EB04215D123F40066CB8924F4BA
:107AB000405402EA0323334323F480668B8802EAAE
:107AC000032333430E8A02EA061626434C8A02EA4F
:107AD00004143443848085838968C163038470BD42
:107AE00070B5028C22F480520284048C8288838BCD
:107AF0000D8823F4E6464FF6FF7303EA0525354368
:107B000024F400568C8903EA043434434E8803EA93
:107B100006362643184CA04202D01D4CA04205D187
:107B200022F480440A8A03EA8212224382808583F7
:107B300089680164068470BD0021018041808180D4
:107B400081608181C18101824182704730B5012409
:107B5000058C00F118038C40A543058431B3082936
:107B60002CD0091FC1F34E001844016848F6FF737A
:107B70001940016001681AE0000001400004004063
:107B800000080040000C00400010004000140040BD
:107B90000004014000400140004401400048014011
:107BA00000180040001C00400020004006E04FF696
:107BB000FF7303EA02221143016030BD03EB510061
:107BC00001684FF68F73194001600168F3E7416364
:107BD000704781637047C163704701647047028BCF
:107BE00022F070020A4302837047028B4FF6FF7344
:107BF00022F4E04203EA0121114301837047828BA2
:107C000022F070020A4382837047828B4FF6FF7323
:107C100022F4E04203EA0121114381837047028B81
:107C200022F008020A4302837047028B4FF6FF736B
:107C300022F4006203EA0121114301837047828B21
:107C400022F008020A4382837047828B4FF6FF734B
:107C500022F4006203EA0121114381837047028B01
:107C600022F004020A4302837047028B4FF6FF732F
:107C700022F4806203EA0121114301837047828B61
:107C800022F004020A4382837047828B4FF6FF730F
:107C900022F4806203EA0121114381837047028B41
:107CA00022F080020A4302837047028B4FF6FF7373
:107CB000C2F30E0203EA0121114301837047828B54
:107CC00022F080020A4382837047828B4FF6FF7353
:107CD000C2F30E0203EA0121114381837047028C33
:107CE00022F002020A4302847047028C22F008024A
:107CF0000A4302847047028C4FF6FF7322F0200281
:107D000003EA0111114301847047028C4FF6FF739F
:107D100022F0800203EA0111114301847047028CB2
:107D20004FF6FF7322F4007203EA0121114301842C
:107D30007047028C4FF6FF7322F4006203EA0121C0
:107D4000114301847047028C4FF6FF7322F40052F6
:107D500003EA013111430184704710B50123048CFB
:107D60008B409C430484038C8A401343038410BDDE
:107D700010B50423048C8B409C430484038C8A40FC
:107D80001343038410BD828B22F440628283828B72
:107D90004FF6FF7303EA01210A4382837047828B07
:107DA00022F00C028283828B0A4382837047028B0B
:107DB00022F440620283028B4FF6FF7303EA012133
:107DC0000A4302837047F0B5048C24F01004048445
:107DD000078B068C4FF6FF7404EA011527F47347EE
:107DE00004EA0331394304EA02220A4326F0A001DF
:107DF000294341F0100102830184F0BD028B22F07F
:107E00000C020283028B0A43028370472DE9F04182
:107E10000D460E884988AA882B8904460EB3042E85
:107E200026D0082E268C4FF6FF7028D026F48056D8
:107E30002684A78B268C00EA022200EA013127F46F
:107E400073473A4300EA0330104326F420420A43C2
:107E500042F48051A0832184E9882046BDE8F041A6
:107E600091E700F062F9E9882046BDE8F041C5E7F6
:107E7000FFF7A9FFE9882046BDE8F04197E726F41F
:107E800080762684A78B268C00EA012100EA031065
:107E9000104327F0F307384326F420620A4342F4E4
:107EA0008071A0832184E9882046BDE8F04176E70F
:107EB00000210180418001228280C18001817047C0
:107EC0002DE9F0410C46002649880746012501B9F5
:107ED0000226A288012A00D10225208823890028B1
:107EE000384610D0FFF76FFFE1883846FFF75FFF95
:107EF00023892A463146384600F017F9E18838468A
:107F0000BDE8F0417AE700F010F9E1883846FFF764
:107F100075FF23892A4631463846FFF754FFE1882A
:107F20003846BDE8F04142E7406B7047806B7047D0
:107F3000C06B7047006C704710B50A884B88CC88BE
:107F40001A438B8823431A430B891A434B89898927
:107F50001A430A43A0F8442010BD0021018041804B
:107F60008180C1800181418181817047002930F881
:107F7000441F02D041F4004101E0C1F30E01018031
:107F800070470029818802D041F0040101E021F00E
:107F90000401818070470029818802D041F00101ED
:107FA00001E021F0010181807047002A828901D01F
:107FB0000A4300E08A43828170478182704702460B
:107FC0000020128A0A4200D001207047C943018272
:107FD000704702460020138A92890B4202EA01028E
:107FE00002D0002A00D001207047C94301827047A7
:107FF0001143A0F848107047002A828901D00A4333
:1080000000E08A43828170470029818802D041F0D4
:10801000080101E021F0080181807047018921F009
:10802000070101817047028922F070020A43028130
:10803000704700B50346FFF7F6FF188940F00700C8
:10804000188100BD70B516460D46602904464FF0F4
:10805000010231460AD000F068F829462046FFF7B1
:10806000E2FF208940F00700208170BDFFF7ABFEE2
:10807000F3E730B504894FF6FF7505EA0323134390
:10808000E4B20B432343038130BD10B50446FFF730
:10809000F0FF208940F07700208110BD10B5044624
:1080A000FFF7E7FF208940F48040208110BD8288DF
:1080B00022F07002828082880A438280704702899F
:1080C00022F00702028102890A4302817047028975
:1080D00022F08002028102890A430281704770B552
:1080E0000589048B068C25F007050D434FF6FC41EE
:1080F0000C4040F201110C434FF6FF7101EA0311ED
:1081000026F022061143314305810483018470BDAA
:108110000029818802D041F0800101E021F0800136
:1081200081807047A0F85010704770B5048C24F01F
:1081300001040484058B048C4FF6FF7606EA0313D2
:10814000134325F0F3052B4324F00A020A4342F0BF
:1081500001010383018470BD00F108014FF0FF327B
:10816000C0E90112C1600161002101607047002176
:108170000161704742684A6093688B6093685960F8
:10818000916008610168491C0160704730B50B6857
:108190005A1C02D000F1080202E0026904E0224603
:1081A000546825689D42FAD953684B6099608A608B
:1081B000516008610168491C016030BDD0E901329D
:1081C00001699A60D0E901235A604A68824201D16C
:1081D00082684A60002202610868401E08600868E0
:1081E000704700002DE9F041054601F0B0F9FC4C64
:1081F000A068401CA0602068FA4F10B1606940B3CD
:108200002DE02560A068012829D1002606EB860014
:1082100007EB8000FFF7A0FF761C052EF6D3F14890
:108220006430FFF799FFEF487830FFF795FFED488E
:108230008C30FFF791FFEB48A030FFF78DFFE94846
:10824000B430FFF789FFE7486430A0631430E0637F
:1082500005E02068E96AC06A884200D82560606A43
:10826000401C6062E96A0120226988401043206155
:1082700001EB810007EB8000291DFFF77BFF01F078
:1082800082F9606900280CD02068E96AC06A8842D7
:1082900007D2D5494FF080500860BFF34F8FBFF32E
:1082A0006F8FBDE8F0812DE9FF5F8346DDE90E8722
:1082B000994616468A46900000F096FF05001AD0AF
:1082C0004C2000F091FF040012D025630021CDE97D
:1082D0000241CDE900874B4632465146584600F0F0
:1082E000FAFE2046FFF77EFF012004B0BDE8F09FB4
:1082F000284600F0EBFF4FF0FF30F6E770B505467B
:1083000001F025F9B64C05B92568281DFFF756FF81
:1083100058B9E86AB34A00EB800152F8211021B93C
:1083200001218140206988432061A86A18B105F1C4
:108330001800FFF743FF606A401C606220688542B6
:1083400008D1A848291DA030FFF714FF6068401C21
:10835000606007E0A068401EA060284600F010FFA3
:1083600000F002FF01F00FF96069002814D02068C6
:10837000854211D1606B38B1102080F31188BFF3B2
:108380004F8FBFF36F8FFEE797494FF08050086023
:10839000BFF34F8FBFF36F8F70BD2DE9F041904C4D
:1083A0000026606B20B1A069401CA061304678E7D0
:1083B000E5686D1CE56013D1A06B006838B1102032
:1083C00080F31188BFF34F8FBFF36F8FFEE7A06B71
:1083D000E16BA163E063206A401C206200F0C4FEF0
:1083E000A06ADFF80082854209D3A06B0068A0B1C3
:1083F000A06BC068C7687868854211D2A062206807
:10840000C06A00EB800158F82100012800D901263C
:10841000E0690028CAD00126C8E74FF0FF30EDE739
:10842000381DFFF7CBFEB86A18B107F11800FFF747
:10843000C5FEF96A0120226988401043206101EBE2
:10844000810108EB8100391DFFF794FEF86A21686D
:10845000C96A8842C9D30126C7E72DE9F047604DB4
:1084600000242746686B38B101F071F8686B401E34
:108470006863686B40B147E0102080F31188BFF358
:108480004F8FBFF36F8FFEE7A968564E8C360120E1
:10849000D1B3DFF8509180463068E8B1F068C46825
:1084A00004F11800FFF78AFE201DFFF787FEE06A3F
:1084B0002A6908FA00F11143296100EB800109EBF8
:1084C0008100211DFFF756FEE06A2968C96A8842CB
:1084D000E2D3C5F81C80DFE70CB100F045FEAC69C3
:1084E00044B14646FFF759FF00B1EE61641EF9D171
:1084F0000020A861E86938B13B49012738070860C6
:10850000BFF34F8FBFF36F8F01F03DF83846BDE8E2
:10851000F0872DE9F041324C0F460546E6682068A9
:10852000001DFFF74BFE38B9206890F82C10012091
:108530008840216981432161681C08D13FB12168CD
:10854000BDE8F0412748B430091DFFF713BE20688D
:108550003544B5424560216805D2E06BBDE8F04185
:10856000091DFFF713BEA06B091DFFF70FFEA06AE0
:10857000854200D2A56294E61948416B491C4163CB
:10858000704770B50E4605004FF000040BD096B151
:10859000134A506BB8B1102080F31188BFF34F8F8E
:1085A000BFF36F8FFEE7102080F31188BFF34F8F6A
:1085B000BFF36F8FFEE7102080F31188BFF34F8F5A
:1085C000BFF36F8FFEE7FFF7D7FFD2682B689919CB
:1085D00093420BD98B4212D9914209D80FE0000087
:1085E0006C000020140E002004ED00E08B42F3D953
:1085F000881A296001240021FFF78BFF00E0296021
:10860000FFF72BFF38B9F8494FF080500860BFF3EF
:108610004F8FBFF36F8F204670BD10B5020014D08E
:10862000F248406B38B1102080F31188BFF34F8FB0
:10863000BFF36F8FFEE7FFF79FFF00211046FFF7A4
:1086400068FFFFF70AFF002807D1E7494FF0805085
:108650000860BFF34F8FBFF36F8F10BD10B5044696
:1086600000F075FF0CB9E1480468E46A00F08BFF84
:10867000204610BD10B5044600F0AAFF1020EFF30D
:10868000118180F31188BFF34F8FBFF36F8F0CB947
:10869000D6480468E06A81F3118810BD2DE9F041E5
:1086A00000270E460446052907D3102080F31188C1
:1086B000BFF34F8FBFF36F8FFEE700F048FFCB4D46
:1086C00004B92C68E06AB0423BD02968864206D9DA
:1086D0008C4207D02968C96AB14202D902E08C42B3
:1086E00000D101278046E662A069002802DBC6F1BE
:1086F0000500A061BE4E08EB8800616906EB8000B2
:10870000814215D1201DFFF759FD012120B92A69A9
:1087100001FA08F082432A61E06A2A698140114324
:10872000296100EB800006EB8000211DFFF722FD90
:108730003FB1AD494FF080500860BFF34F8FBFF39A
:108740006F8FBDE8F04100F01EBFA848416B11B12A
:108750000121C16170470021C1610169B1FA81F154
:10876000C1F11F0101EB8102A14951F822306BB127
:1087700001EB820101F108034A6852684A609A429B
:1087800001D152684A60D16801607047102080F3BF
:108790001188BFF34F8FBFF36F8FFEE770B50446AC
:1087A00000F0D5FE914D04B92C68201DFFF706FDA1
:1087B00058B9E06A8E4A00EB800152F8211021B9C5
:1087C00001218140286988432861A06A18B104F119
:1087D0001800FFF7F3FC8648211DB430FFF7CAFCF0
:1087E00094F848000026012801D184F8486000F080
:1087F000CAFE686928B100F0AAFE00F0B5FC00F0DE
:10880000C2FE2868844213D1686990B1686B38B1A0
:10881000102080F31188BFF34F8FBFF36F8FFEE7F7
:1088200071494FF080500860BFF34F8FBFF36F8FD7
:1088300070BD6F48B4300068A968884201D12E60CD
:1088400070BDBDE8704080E7002158B1684B4269B7
:10885000B4339A420FD1806AA3F1280290420AD021
:1088600040B108E0102080F31188BFF34F8FBFF3B1
:108870006F8FFEE701210846704770B504002BD0CA
:108880005A4D286884422FD000F061FE2046FFF741
:10889000DBFFE8B1201DFFF791FCE06A01212A69A6
:1088A000814011432961524900EB800001EB8000B7
:1088B000211DFFF75FFCE06A2968C96A884207D377
:1088C00049494FF080500860BFF34F8FBFF36F8F5F
:1088D000BDE8704000F057BE102080F31188BFF350
:1088E0004F8FBFF36F8FFEE770BD2DE9F04100277A
:1088F000040016D000F06CFE1020EFF3118680F318
:108900001188BFF34F8FBFF36F8F2046FFF79CFF97
:1089100050B3364D686B60B1354804F118018C30A6
:1089200020E0102080F31188BFF34F8FBFF36F8FCB
:10893000FEE7E06A29684FF00108C96A884202D35D
:108940000127C5F81C80201DFFF738FCE06A2A6962
:1089500008FA00F111432961254900EB800001EB81
:108960008000211DFFF706FC86F31188384698E445
:108970001F4E1E4CA0361E4F4FF08058DFF86890F7
:1089800012E000BF00F0E3FDF068C568281DFFF7A6
:1089900015FCA068401EA0606068401E606000F08A
:1089A000F2FD284600F0ECFB60680028EAD1386848
:1089B0000128F9D9C9F80080BFF34F8FBFF36F8F3B
:1089C000F2E77CB5094800252C30CDE900502B4654
:1089D000802208A10948FFF766FC044C01280FD04B
:1089E000401C1ED01BE0000004ED00E06C000020E5
:1089F000140E002049444C45000000007189000815
:108A0000102080F31188BFF34F8FBFF36F8F4FF0AB
:108A1000FF30A06201206061E56000F01AFD206B6C
:108A20007CBD102080F31188BFF34F8FBFF36F8F91
:108A3000FEE7102080F31188BFF34F8FBFF36F8FD5
:108A4000F8490020486100F074BDF648C0687047DE
:108A500010B500F0BDFDF348C06810BDF148806856
:108A6000704708B9EF48006808B1343070471020EB
:108A700080F31188BFF34F8FBFF36F8FFEE7E94A92
:108A800010B50346506B38B1102080F31188BFF346
:108A90004F8FBFF36F8FFEE7FFF76EFD90691844AD
:108AA0009061BDE81040D8E410B50C4648B1DD49EE
:108AB00009681831FFF76AFB2046BDE81040012124
:108AC00027E5102080F31188BFF34F8FBFF36F8F1E
:108AD000FEE710B51446030010D0D248426BAAB18D
:108AE000026841F000419161016818461831FFF7B2
:108AF00041FB2046BDE8104001210AE5102080F32B
:108B00001188BFF34F8FBFF36F8FFEE7102080F304
:108B10001188BFF34F8FBFF36F8FFEE72DE9F04150
:108B2000C068C468A4B104F118000746FFF746FB0B
:108B3000BC4D686B012698B13946BB48FFF71AFB5C
:108B4000E06A2968C96A88421BD90120EE612EE4D7
:108B5000102080F31188BFF34F8FBFF36F8FFEE7B4
:108B6000201DFFF72BFBE16A2A6906FA01F010438A
:108B7000286101EB8100AC498C3901EB8000211D9B
:108B8000DCE7002013E470B5A64E726B02B341F02F
:108B900000410160C4681CB3FFF710FB201DFFF704
:108BA0000DFBE16A0125326905FA01F010433061DD
:108BB00001EB81009C498C3901EB8000211DFFF7FE
:108BC000D9FAE06A3168C96A884200D9F56170BD96
:108BD000102080F31188BFF34F8FBFF36F8FFEE734
:108BE000102080F31188BFF34F8FBFF36F8FFEE724
:108BF00010B504000AD000F0AAFC8A48016A21607E
:108C0000C0686060BDE8104000F0BDBC102080F37B
:108C10001188BFF34F8FBFF36F8FFEE781490A6A58
:108C20000260C968416070472DE9F0410C460500BB
:108C300014D0DCB100F08BFC7A4EF2686B682068CF
:108C4000D11A471C1AD02F68D6F820C000266745D5
:108C500016D0934214D8012526601BE0102080F323
:108C60001188BFF34F8FBFF36F8FFEE7102080F3A3
:108C70001188BFF34F8FBFF36F8FFEE7002509E028
:108C8000884205D9401A20602846FFF7C7FFF5E75C
:108C90000125266000F077FC28466CE4614901203C
:108CA000C86170475F48006870475E4908680A6895
:108CB0008069D26A0968C2F105028A61704770B59D
:108CC00015460E4638B1102080F31188BFF34F8F40
:108CD000BFF36F8FFEE700F03AFC524C2068406C07
:108CE00078B92068012180F8481055B12846FFF76F
:108CF00010FC4E494FF080500860BFF34F8FBFF318
:108D00006F8F00F040FC00F022FC2068456C0020D2
:108D100035B116B12168486402E02268691E5164C9
:108D2000216881F8480000F02EFC284670BD2DE92E
:108D3000F0411D46069E90460F4638B1102080F344
:108D40001188BFF34F8FBFF36F8FFEE700F0FFFB7B
:108D5000344C206890F84800022813D02068416CF9
:108D6000B94341642068012180F8481056B130466B
:108D7000FFF7CFFB2D494FF080500860BFF34F8FB6
:108D8000BFF36F8F00F0FFFB00F0E1FB15B120682F
:108D9000406C2860206890F84800022801D0002527
:108DA00005E02068416C21EA080141640125216841
:108DB000002081F8480000F0E6FB2846D7E52DE9C1
:108DC000F0419846069D1646012739B1102080F3E0
:108DD0001188BFF34F8FBFF36F8FFEE798B1044642
:108DE00000F0B5FB0DB1606C286094F848000221DA
:108DF00084F848100B4DB8F1050F1FD2DFE808F0DA
:108E0000280B0E1A1800102080F31188BFF34F8F23
:108E1000BFF36F8FFEE7616C314301E0616C491C69
:108E2000616415E06C000020A00E002004ED00E05D
:108E3000022801D066640BE0002733E0E96839B10D
:108E4000102080F31188BFF34F8FBFF36F8FFEE7C1
:108E5000012827D1201DFFF7B1F9E06A01212A6915
:108E6000814011432961CB4900EB800001EB800078
:108E7000211DFFF77FF9A06A38B1102080F3118817
:108E8000BFF34F8FBFF36F8FFEE7E06A2968C96AAF
:108E9000884207D9C0494FF080500860BFF34F8F18
:108EA000BFF36F8F00F06FFB384660E52DE9F047A8
:108EB0009A46DDE90859174604004FF0010808D02A
:108EC00079B1102080F31188BFF34F8FBFF36F8FFC
:108ED000FEE7102080F31188BFF34F8FBFF36F8F31
:108EE000FEE700F075FB1020EFF3118680F3118888
:108EF000BFF34F8FBFF36F8F0DB1606C286094F894
:108F00004800022184F84810A44DBAF1050F12D28E
:108F1000DFE80AF01B03060C0A00616C394301E02C
:108F2000616C491C616410E0022801D067640CE0A8
:108F30004FF0000829E0E96839B1102080F311886A
:108F4000BFF34F8FBFF36F8FFEE701281DD1A06ADB
:108F500038B1102080F31188BFF34F8FBFF36F8FAC
:108F6000FEE7686B0127A8B18A4804F118018C302C
:108F7000FFF700F9E06A2968C96A884205D9B9F1A2
:108F8000000F01D0C9F80070EF6186F311884046E8
:108F9000BDE8F087201DFFF711F9E16A2A6907FA99
:108FA00001F01043286101EB81007A4901EB800058
:108FB000211DDDE72DE9F0419046040008D079B18C
:108FC000102080F31188BFF34F8FBFF36F8FFEE740
:108FD000102080F31188BFF34F8FBFF36F8FFEE730
:108FE00000F0F6FA1020EFF3118580F31188BFF33B
:108FF0004F8FBFF36F8F94F84800022184F8481018
:10900000616C491C616401281FD1A06A38B110202D
:1090100080F31188BFF34F8FBFF36F8FFEE75F4E72
:10902000706B0127A0B15B4804F1180110F18C00AE
:10903000FFF7A0F8E06A3168C96A884205D9B8F13B
:10904000000F01D0C8F80070F76185F311888EE435
:10905000201DFFF7B3F8E06A326907FA00F1114307
:1090600031614C4900EB800001EB8000211DDFE7FE
:1090700010B539B1102080F31188BFF34F8FBFF3C3
:109080006F8FFEE708B945480068044600F05FFAB4
:1090900094F84800022805D05FF0000400F073FA4D
:1090A000204610BD002084F848000124F6E770B582
:1090B00015460E4660B1044600F049FA04EB8601FD
:1090C0004C6C486CA843486400F05DFA204670BDC3
:1090D00032480468F0E72DE9F0479A46DDE9098453
:1090E00081466FF00303206B03EB82021044089E5D
:1090F00020F00707780707D0102080F31188BFF30E
:109100004F8FBFF36F8FFEE7002561B1002023185A
:109110000A5C83F834200A5C12B1401C1028F6D394
:1091200084F8435001E084F83450052E00D304261F
:10913000201DE662FFF71BF804F11800FFF717F88F
:109140002461C6F105006462A061656484F848503A
:1091500052464946384600F05DF92060B8F1000FEC
:1091600001D0C8F8004013E70C48816B096821B1B1
:10917000816BC9680968816270474FF0FF31FAE777
:1091800010B50446006B00F0A1F82046BDE8104081
:1091900000F09CB8140E002004ED00E06C000020EC
:1091A00030B5914900E011460A688242FBD34B6812
:1091B0005C18844203D140681844486008464368FC
:1091C0001C18944209D1884C183C2468A24209D04A
:1091D00052681A4442600A6812680260814200D0F4
:1091E000086030BD0460F9E72DE9F041054600272D
:1091F000FFF7C2F97C4E183E306808B900F0D2F88B
:109200007069054253D1EDB305F10804AC424ED963
:10921000600711D004F00700C0F108002044A0420C
:1092200045D90446400707D0102080F31188BFF3CA
:109230004F8FBFF36F8FFEE724B37068844236D838
:10924000694801460D6801E028460D466968A1425B
:1092500002D229680029F7D131688D4227D00768EA
:109260002968016068680837011B10290FD928197F
:10927000420708D0102080F31188BFF34F8FBFF34F
:109280006F8FFEE713E041606C60FFF789FF69684C
:109290007068401A7060B268904200D2B060706925
:1092A00001430020C5E90001F068401CF060FFF7B1
:1092B000D4F8780707D0102080F31188BFF34F8FC0
:1092C000BFF36F8FFEE73846BDE8F08170B5002828
:1092D0002BD0454DA0F10804183D6068696908422B
:1092E00007D1102080F31188BFF34F8FBFF36F8F2A
:1092F000FEE722683AB1102080F31188BFF34F8F48
:10930000BFF36F8FFEE788436060FFF735F9606851
:109310006968084468602046FFF742FF2869401CDE
:109320002861BDE87040FFF798B870BD2E48183826
:10933000406870472C4818388068704770472DE99E
:10934000F041002706463D467C1EFFF715F92648EA
:10935000DFF894800068A8F1180860B1D8F8002000
:1093600041687F1CA94200D90D46A14200D20C469B
:1093700000689042F4D1FFF770F8F760C6E9015435
:1093800000F0E5F8D8F804103160D8F80C107161DD
:10939000D8F81010B161D8F808003061BDE8F0418C
:1093A00000F0F1B811484FF4F041420706D0C01D5B
:1093B0000E4920F00700411AC1F5F0410A4A002386
:1093C0000144C2E900030839183A21F0070111608D
:1093D0004B600B600B1AC0E9001393604FF0004024
:1093E0005360506170470000C4000020000000106E
:1093F0008A484068401C4FF0100080F3118804D068
:10940000BFF34F8FBFF36F8FFEE7BFF34F8FBFF3F5
:109410006F8FFEE710B5031F4FF080741C601B1F99
:1094200021F001011960191F7D4B0B6014390A608E
:10943000091F6FF0020244380A6010BD4FF0E020AF
:1094400000210161816144F29F11416107210161A5
:1094500070471CB573480168734A914207D11020C8
:1094600080F31188BFF34F8FBFF36F8FFEE7006863
:109470006D49491E884207D1102080F31188BFF33F
:109480004F8FBFF36F8FFEE7684908780190FF2088
:10949000087008788DF800009DF800009DF8002005
:1094A00000F0F000904207D0102080F31188BFF345
:1094B0004F8FBFF36F8FFEE79DF80000574C00F011
:1094C000100020700720A06006E000BF9DF800207B
:1094D00052008DF80020401E9DF800201206F5D4A1
:1094E000A060032807D0102080F31188BFF34F8FAE
:1094F000BFF36F8FFEE74FF44070A06001980870D3
:1095000048482030016841F470010160016841F071
:1095100070410160FFF792FF00206060F6F76CFE7B
:109520004348016841F040410160F6F751FE0020D8
:109530001CBD3A484068B0F57A7F07D0102080F310
:109540001188BFF34F8FBFF36F8FFEE77047102076
:1095500080F31188BFF34F8FBFF36F8F2F49486897
:10956000401C486001280DD12E48001D006810F0F5
:10957000FF0F07D0102080F31188BFF34F8FBFF388
:109580006F8FFEE770472549486828B1401E486044
:1095900001D180F311887047102080F31188BFF348
:1095A0004F8FBFF36F8FFEE710B5102080F3118847
:1095B000BFF34F8FBFF36F8FFEF7EFFE20B1194956
:1095C0004FF08050091D0860002080F3118810BD05
:1095D00010B5F6F749FE114910280ED300F1E0202E
:1095E00090F8F0030A78904207D2102080F3118897
:1095F000BFF34F8FBFF36F8FFEE70A480C30006850
:10960000896800F4E060884207D9102080F311884F
:10961000BFF34F8FBFF36F8FFEE710BDCC0000206C
:10962000F193000800ED00E071C20F4100E400E09A
:1096300034EF00E038B5054600924C88CB888A8824
:1096400008882146FBF761F82846BDE838401BF042
:1096500090BA0D4910B547F230530022A1F11C0019
:109660001BF06EF809481BF043F8094907480A88BF
:109670000280498841800749416103491C39C16022
:10968000BDE810401BF06BB8F80E002058F9002020
:10969000140500203596000870B52F4C012806D01F
:1096A0002088088060884880A088888070BD2A490A
:1096B0000122091F0220FBF74FFA274D2D1F2878A2
:1096C000052818D2B8B1A81F0078A0B104222946F5
:1096D0000320FBF741FA2878697800F07F0001EB5E
:1096E00000202080A878E97800F00F0001EB00202E
:1096F0006080012004E04FF6FF7020806080002031
:10970000A08070BD10B50C4613490020891DFFF7DD
:10971000C3FF1149891DA1F110008A88012A06D0D2
:1097200041882180808860800020A07310BD4A8815
:10973000428009888180228061800120F5E710B590
:1097400006481BF095FB0548012101700449416062
:10975000BDE810401BF0A0BBE2000020A8F90020EB
:109760000597000810B518B91BF09BF8002800D029
:10977000006910BD10B518B91BF093F8002800D08F
:10978000406910BD09B203F083BF09B203F096BF70
:10979000C9B2002207F0BEBB70B50546006807F0ED
:1097A00029FC044600690022272100F020FB00224A
:1097B0002821606900F01BFB606928B194F828102B
:1097C000890701D507F0BFFC0020606114F8281F4D
:1097D000002221F0010104F818196021A060286816
:1097E00006F01CFE2068BDE8704004F032B970B588
:1097F0000446006807F0FEFB054600F042FA686187
:1098000023682B61BDE8704000222621184600F035
:10981000EEBA70B5054607F0EDFB040020D02669CE
:109820005EB100222521304600F0E1FA206920B126
:1098300000222621284600F0DAFA25615DB10022D7
:109840002721284600F0D3FA206920B100222821E0
:10985000304600F0CCFA2846BDE8704004F0F9B874
:1098600070BD2DE9F047A6B0984616460D468146D4
:10987000DDF8B8A007F0BEFB044600F002FA074688
:10988000A069C8B1B84217D0FFF7C3FF0021A06993
:109890001BF041FC00221146A06903F025FF0022C5
:1098A0006021A06906F0BAFD94F82800800702D56F
:1098B000384607F048FCA769C4F81890606938B1C9
:1098C00094F82810890703D507F03DFC002060615B
:1098D0000A2D53D00B2D51D00C2D4FD00D2D4DD026
:1098E0000E2D4BD05FF0000194F8280061F30000CA
:1098F0006AF3410084F82800002148461BF00BFC65
:1099000000F0BFF900211BF006FC0022114648467A
:1099100003F0EAFE00F0B5F90022114603F0E4FE80
:1099200000226021484606F079FD00F0AAF90022E5
:10993000602106F073FD56EA080021D014A81BF040
:10994000D1FBD3481690D3481790CDF85090C8F16A
:109950000008CDE91F6803A81BF0C4FB2069CDE90E
:109960000E6803900F2D1ED2DFE805F010141E24A0
:109970002A31415566777C3A4B5E70000121B3E78E
:109980004846FFF746FF26B0BDE8F087C24815906D
:10999000002004E0C048159020461AF098FF0021EE
:1099A0001C90CDE91D0164E0BB48159020461AF0DB
:1099B0008EFF0AE0B948159020461AF075FFEEE7D1
:1099C000B648159020461AF06FFF4042E7E7B248CC
:1099D000159020461AF07BFF00211C90CDE91D0157
:1099E000AD480490002520461AF071FF22E0AA48F5
:1099F000159020461AF06BFF404200211C90CDE9E3
:109A00001D01A5480490002520461AF060FFCDE90D
:109A10000C500B952DE0A148159020461AF044FFFC
:109A200000211C90CDE91D019C4804900025204692
:109A30001AF03AFF4042EAE79848159020461AF09B
:109A400033FF404200211C90CDE91D019348049052
:109A5000002520461AF028FFD9E7914815900020EC
:109A6000FF219DE78E480490FF2000210B90CDE957
:109A70000C0100222521384600F0B9F914A81BF08A
:109A800077FB03A81BF074FB7DE708B500210B46AC
:109A90000A460091FFF7E5FE08BD10B518B91AF0A7
:109AA00000FF002800D0C06910BD10B518B91AF029
:109AB000F8FE002800D0006A10BD70B50D46040005
:109AC00003D11AF0EEFE04001BD0A560606A0328E3
:109AD00017D1E068006807F061FA002811D1E0684A
:109AE000406807F05BFA00280BD1E068806807F057
:109AF00055FA002805D1E0680068BDE8704008F01C
:109B0000A8BD70BD10B508B91AF0CBFE806810BDB5
:109B100033B583B0040003D11AF0C3FE040016D09D
:109B2000BDF81000608520461AF0BEFE401E05B24A
:109B300020461AF0CCFE401E03B20022114601A8B6
:109B400000951BF0C9FC01A9204608F0A2FB05B056
:109B500030BD3EB50D46040003D11AF0A2FE04004C
:109B600013D0E5621AF0A0FE401E05B220461AF09E
:109B7000AEFE401E03B20022114601A800951BF064
:109B8000ABFC01A9204608F084FB3EBD3EB50D4666
:109B9000040003D11AF085FE040014D084F8295083
:109BA0001AF082FE401E05B220461AF090FE401EBA
:109BB00003B20022114601A800951BF08DFC01A9FB
:109BC000204608F066FB3EBD70B528B1D0F85801BC
:109BD000BDE870401BF0F9B94FF0FF35002008E0F8
:109BE000D4F858011BF0F1F9854200D22846054609
:109BF00020461AF0CAFF0400F2D1284670BD10B505
:109C0000040003D11AF04DFE040003D01BF0D5F977
:109C1000C4F8580110BD10B518B91AF042FE00285A
:109C200006D00068C16A002902D0BDE8104008478C
:109C300010BD10B50C4618B91AF033FE002809D033
:109C4000D0F854110CB1012201E04FF0FF32114461
:109C5000C0F8541110BD10B518B91AF022FE002832
:109C600004D0D0F85401002801DD012010BD0020EF
:109C700010BD10B518B91AF014FE002800D04068C5
:109C800010BD10B51AF00DFEBDE810406AE50000E9
:109C9000EF970008999700088B97000885970008B0
:109CA0009197000810B50C4600B96068006868B16B
:109CB00001690029FAD00021E1600269214690473C
:109CC000217E0120C90700D0002010BD012010BD59
:109CD00070B5044601F0FDFA48B1006882680AB127
:109CE000217A9047207E810742D4C0077BD1002192
:109CF000606800F07DFA002518E0017ACA0910D0EA
:109D0000802904D0227A21F08001914209D1416852
:109D1000E160016820468847207E810728D4C0077B
:109D200061D16D1C2946606800F062FA18B10168C3
:109D30000029F6D0E1E721460020FFF7B3FF050038
:109D400053D00021606800F053FA002619E0016842
:109D500091B1017A0A060FD411B1227A91420BD146
:109D60004168E160016820468847207E810701D56F
:109D7000012070BDC00736D1761C3146606800F006
:109D800037FA10B1012DE2D02FE0012D2DD16068FE
:109D9000416851B3217E490727D4217A232919D05C
:109DA000242917D0A90302F0B6FAF0B1207A1138AD
:109DB0001C280FD2DFE800F01919191919191919FF
:109DC0001919190E0E190E0E191919190E0E0E0E5B
:109DD00019190E196068406860602046FFF778FF27
:109DE0000546012801D0002070BD284670BD10B581
:109DF00088B0C0B1009001908DF808100020CDE926
:109E000003029DF81800F94C20F007008DF81800A7
:109E100060680590C4F804D06846FFF759FF0599BB
:109E2000616008B010BD0120FBE700687047406822
:109E30007047007A20F08000704700697047C06862
:109E40007047017E41F0040101767047017E41F0C8
:109E5000020101767047E5490868401C08607047B8
:109E6000E24949680AE04A68824202D00A688242AE
:109E700003D10A7E42F001020A7649690029F2D133
:109E800070472DE9F0411D4616460F46044602F084
:109E90005AFAA0684FF08062817E02EBB1114FEA5E
:109EA000B1618176A06801F03F0101EB41018900B9
:109EB000C0681CF073FEA168C860A16860B3897EA9
:109EC0006FF0030301F03F0101EB41026FF00B0162
:109ED00001EB82028750A068C268807E00F03F00DC
:109EE00000EB400003EB80000B1D1654A068C26815
:109EF000807E00F03F0000EB400003EB8000155037
:109F0000A068C268807E00F03F0000EB400001EBDB
:109F100080001044BDE8F081FEE770B5044680681B
:109F2000002833D0837E002203F03F0331E031B1BB
:109F3000C56802EB420655F826508D4228D10C2305
:109F4000A068817E01F03F01491E91420CDDC1688D
:109F500002EB420001EB800503EB80000E18521C5F
:109F600043CE85E84300EBE7817E4A1E62F305019C
:109F70008176A06801F03F0101EB41018900C068D2
:109F80001CF00CFEA168C86008B1012070BDFEE79E
:109F9000521C9342CBDC002070BD2DE9F0410446F9
:109FA00080680028B6D0857E0023042605F03F0592
:109FB0003AE031B1C76803EB430C57F82C708F427D
:109FC00031D103EB430CC76806EB8C0C57F80C70CF
:109FD000974228D10C22A068817E01F03F01491EE2
:109FE00099420CDDC16803EB430001EB800502EBF5
:109FF00080000E185B1C43CE85E84300EBE7817EB2
:10A000004A1E62F305018176A06801F03F0101EB71
:10A0100041018900C0681CF0C1FDA168C86008B199
:10A02000012077E7FEE75B1C9D42C2DC002071E760
:10A0300070B504468068002832D0837E002203F089
:10A040003F0330E0C56802EB420605EB86058D4212
:10A0500028D10C23A068817E01F03F01491E914266
:10A060000CDDC06802EB420100EB810503EB8101CE
:10A070000144521C43C985E84300EBE7817E4A1E38
:10A0800062F305018176A06801F03F0101EB410117
:10A090008900C0681CF082FDA168C86008B1012079
:10A0A00070BDFEE7521C9342CCDC002070BD30B581
:10A0B0008268BAB1937E002003F03F0310E000BF36
:10A0C000D46800EB400554F825408C4207D1D16894
:10A0D00000EB4000042202EB8000085830BD401C19
:10A0E0008342EDDC002030BD017A01291FD0022916
:10A0F0001DD003291BD0042919D0052917D0062902
:10A1000015D0072913D0082911D009290FD00A2901
:10A110000DD00B290BD00C2909D00D2907D00E2901
:10A1200005D00F2903D0102901D000207047006905
:10A130007047017A1A2903D01B2901D000207047EB
:10A1400000697047017A15290BD0142909D0162906
:10A1500007D0182905D0172903D0192901D00020CC
:10A16000704700697047017A292901D000207047A3
:10A1700000697047017A0D2901D0002070470069FD
:10A180000028FBD000687047017A092901D000201F
:10A19000704700697047027A132A06D10069B0F946
:10A1A00000208A4200DD114601807047017A2C2987
:10A1B00001D00020704700697047017A112901D051
:10A1C0000020704700697047017A122901D00020F1
:10A1D0007047006940687047027A122A04D100690A
:10A1E00002788A4200D2017070470000F00000201F
:10A1F00080680028F8D0827E02F03F028A4201D8AF
:10A200000020F1E7C06801EB410100EB8100EBE7C2
:10A210002021FB481CF040BA10B5F9481CF044FA64
:10A2200004000FD004211CF037FA0020E060217FE9
:10A23000206121F0030141F00C0160612177A061F0
:10A24000204610BDFEE72DE9F041002607463546C1
:10A2500030460FE001F040F8216DB94209D10228E3
:10A2600002D0042803D003E02046BDE8F081264652
:10A27000254620461AF06CFE0400EBD10EB13046A4
:10A28000F3E70DB12846F0E7BDE8F04100201AF0F1
:10A290005FBE70B50446C06860B12046FFF7D3FFCB
:10A2A0000246E0680F210068FFF7A1FDE068006842
:10A2B00003F0CFFB20461CF018FA0146002507E00A
:10A2C0000868806800B1856020461CF061FA01468C
:10A2D0000029F5D1002007E0286DA04203D100211C
:10A2E000284601F06EF828461AF032FE0500F3D138
:10A2F00020461CF089FA2146C1481CF051FA20463C
:10A30000BDE870401CF037BCBE4908607047BD48CE
:10A31000006870472DE9F74F0546007F93464FF0E0
:10A32000000AC00760D14FF00108EC680026C14662
:10A330007CB9287FC0F3C000401E304254D1B9F12F
:10A34000000F51D00199284688474FF00008044675
:10A35000C1460EB9261E47D0B8F1000F06D02146DF
:10A3600028465A4690470446B0423DD04FF0010877
:10A37000002CDED0206801F0DAFF0006D8D4276870
:10A380001FE00121384601F0C6FFB0B12FB1012115
:10A39000384601F0C0FF0028CAD1E868A04223D0A7
:10A3A000B0B12846FFF74FFF0246E8680F2100686A
:10A3B000FFF71DFD012817D106E0384606F0F3FD32
:10A3C0000746002FDDD1E8E7E868006803F041FBAD
:10A3D0002846EC60FFF737FF0246E8680E21006868
:10A3E000FFF705FD012802D05046BDE8FE8FE86862
:10A3F000006803F02EFB296909B12846884701202F
:10A40000F3E710B50446804A8049FFF783FF62698D
:10A41000002A06D0002804D12046BDE810400021C3
:10A42000104710BD10B50446794A7A49FFF772FF0C
:10A430006269002A06D0002804D12046BDE81040F9
:10A440000121104710BD70B50446007FC0F3C00560
:10A4500040F0080020774007204602D4FFF7E2FFD3
:10A4600001E0FFF7CEFF207F65F3C300207770BDCA
:10A4700070B50C4606002ED01CF037F905E00868D0
:10A48000A04228D030461CF083F90100F7D12046C5
:10A4900001F054FF40B1A168896829B1C968096811
:10A4A000A14201D1FFF7CFFFA06810B9204601F00B
:10A4B0004AFFA068866030461CF04CF9050009D0C0
:10A4C00030462C601CF011F9A84204D13046BDE89A
:10A4D0007040B8E7FEE770BD002803D0C0680028D0
:10A4E00000D00068704770B504001CD0207FC0F316
:10A4F00040028A4217D061F3410020772046FFF7DF
:10A50000EBFF05000FD02046FFF79DFE0246E068F6
:10A510000E210068FFF76BFC012804D12846BDE836
:10A52000704003F096BA70BD70B5060043D001F0DC
:10A5300005FF04003FD0207FC0073CD1002120460A
:10A54000FFF7D1FF20461CF0D0F832E02868B04277
:10A550002BD1E06888B10068B0420ED02046FFF7EA
:10A5600072FE0246E0680F210068FFF740FC0128F8
:10A5700021D1E068006803F06CFAE560002D1AD084
:10A58000216909B1204688472046FFF75CFE024654
:10A59000E0680E210068FFF72AFC01280BD1E06873
:10A5A0000068BDE8704003F054BA294620461CF00C
:10A5B000EFF80500CAD170BD70B50D46064601F032
:10A5C000BDFE0446284601F0B9FE84422AD1002C83
:10A5D00028D020461CF089F80AE00868B04201D172
:10A5E0000D6002E0A84200D10E6020461CF0D0F8B9
:10A5F0000100F2D1E0680068B0420DD128460EE0BB
:10A6000068FB0020F8000020E56602089967020850
:10A6100091670208EB660208A84203D13046BDE804
:10A62000704081E770BD2DE9F041064601F086FEDD
:10A6300004003DD0E068002740B30068B04220D15C
:10A64000207FC10702D020F00100207720461CF0B7
:10A650004CF8E16888420FD120461CF09DF8E16873
:10A66000884209D12046FFF7EEFD0246E0680F213F
:10A670000068FFF7BCFB02E02046FFF7E4FEE0685D
:10A6800020B1E0680068B04200D1E76020461CF0CD
:10A690002CF810E028682946B042204609D11CF069
:10A6A0007FF828461CF067FAB068002800D0876061
:10A6B000DBE51CF06DF80500ECD1D6E570B504467D
:10A6C000C068002568B12046FFF7BDFD0246E0687E
:10A6D0000F210068FFF78BFBE068006803F0B9F911
:10A6E000E56020461CF001F806E00868806800B1CB
:10A6F000856020461CF04CF80100F6D12046BDE8EC
:10A7000070401CF081B8027F19B142F0010101775D
:10A71000704722F00101FAE713B5FFF7DDFE0400F0
:10A7200003D0802101F005FE08B101201CBD01AA63
:10A730000D212046FFF75BFB1CBD016170474161A5
:10A740007047027F61F3820202777047027F61F3F4
:10A75000C30202777047002800D0006970470028C4
:10A7600000D040697047002802D0007FC0F340004D
:10A770007047002802D0007FC0F3C00070471CF073
:10A780008DB800004279910716D50021416281629F
:10A79000C162416481640183418390F8403022F0BA
:10A7A000030223F00F0380F840308183C183818747
:10A7B000C1874271FE48416070472DE9F04104466F
:10A7C0004078FB4D00074FF0000611D5206A0321A9
:10A7D000AA68FFF70CFB204600F056FE002839D18E
:10A7E0002662666226646664607820F00800607005
:10A7F000206A6860A76A18B30821AA68FFF7F7FA09
:10A80000204600F041FE002824D1B7B96078C00787
:10A8100009D1D5E901020421FFF7E9FA204600F049
:10A8200033FE002816D1D5E901020721FFF7DFFA30
:10A83000204600F029FE00280CD1266226646664BA
:10A84000002F07D0204601F071FA2046BDE8F04104
:10A8500000F01ABEBDE8F08170B50446806A002899
:10A8600070D194F83D00C0076CD14FF40046256AC2
:10A8700003E0284606F097FB0546002D62D03146DE
:10A88000284601F048FD0028F3D1B4F91000002853
:10A8900001DD014600E04142C54A926813689B7E93
:10A8A000994209DAB4F91210002900DC49429942B0
:10A8B00002DA002121876187218F084400B22087B6
:10A8C000618F638A0028194409B2618701DD03465C
:10A8D00000E043421668F67EB34206DC002901DD43
:10A8E0000B4600E04B42B3422CDD012384F83D309F
:10A8F000002801DD034600E04342002901DD0E4649
:10A9000000E04E42B34209DD002894F83C0020F0FC
:10A91000F00001DD20300AE0103008E094F83C003F
:10A92000002920F0F00001DD803000E0403084F8A4
:10A930003C000C212846FFF75AFA2046BDE870403B
:10A9400000F0A2BD70BD70B5994C05460421606849
:10A9500001F0E1FC002828D0E96A6068814224D037
:10A9600001F0ECFC0646E86A08B101F0E7FC86421B
:10A970001CD11EB16068FFF7D7FD0FE0E86A40B157
:10A980000F21A268FFF733FA284600F07DFD00286A
:10A990000BD1D4E901020E21FFF729FA284600F075
:10A9A00073FD002801D16068E86270BD80B1EB6A78
:10A9B0005BB1A26890B110214FEA0300FFF717FACC
:10A9C000284600F061FD0028EFD1002EE1D0D1E74C
:10A9D000E86A0028F9D00F21A268EFE70F21EBE722
:10A9E000F8B50C460546012101F095FC68BB2068CE
:10A9F0000090012300226946284602F0B5FE694610
:10AA0000284604F0A0F806460022694605F1140025
:10AA10001AF018FE28B94FF40021284601F07BFCFB
:10AA200080B1284606F0BAFA401E04000AD4A8688D
:10AA30006946006850F82400FFF7D2FF002803D1D0
:10AA4000641EF4D50EB12846F8BD0020F8BD2DE9EE
:10AA5000F041574D0446006A6860617809077DD46B
:10AA6000A968002609680F6930B1A16A39BB4FF4A3
:10AA7000005101F050FC10BB3846FFF716F8211DBD
:10AA8000FFF7AEFF686070B93846FFF706F8211D82
:10AA9000FFF7A6FF686030B93846FEF763FE211D58
:10AAA000FFF79EFF6860606A48B126836683204690
:10AAB00001F03CF9204600F0E7FC00284ED10123CC
:10AAC0001A46211D686802F04FFE206A69688842B4
:10AAD0003CD0A1882181E188618140B10321AA682D
:10AAE000FFF785F9204600F0CFFC002836D16868D2
:10AAF0002062606250B31AF060FA2064607801212D
:10AB000020F001006070A682E68294F83C0020F0FC
:10AB1000FF0084F83C0084F83D6026876687268223
:10AB20006682D5E90102FFF762F9204600F0ACFC2D
:10AB3000002813D1A868417909077FD4001DFFF7C9
:10AB400002FF204600F0A0FC002807D1A088218940
:10AB5000401A01B22182E088628900E06EE0801A2A
:10AB600000B26082B4F91820114401EBD171491090
:10AB70002183B4F91A10084400EBD07040106083B0
:10AB8000A069E0616868002858D00221AA68FFF730
:10AB90002EF9204600F078FC00284FD1A8684079B3
:10ABA00000074BD4204601F033F8204602E00000B5
:10ABB000FC00002000F068FC00283FD12046FFF791
:10ABC0004BFE204600F060FC002837D1A06A002828
:10ABD00034D16078C0071DD1206C1AF0F6F9AA684C
:10ABE0001168898B88420FD905216868FFF7FFF843
:10ABF000204600F049FC002820D1607840F0010098
:10AC000060701AF0DAF96064A06A002816D16078E2
:10AC1000C00713D0606C1AF0D8F9AA681168C98B04
:10AC200088420BD906216868FFF7E1F8204600F05A
:10AC30002BFC002802D11AF0C0F960640AE62DE965
:10AC4000F0470D460446897B40794FF00008012902
:10AC50002AD0010708D520F0080121F00101C4F82D
:10AC60004480617184F80880277AA87B2072686824
:10AC7000E060D4F850905FEA09007DD0FFF72CFC2B
:10AC8000F74E0028706077D0A87B08B1A5F80C803B
:10AC90004846FFF721FC706000286DD0A97B012990
:10ACA00005D0002969D00EE1000765D4DCE717B1B3
:10ACB000012F36D007E11AF080F9606469680A292B
:10ACC00006D0142917D0132918D01B291AD024E034
:10ACD000706802F02EF920B91021706801F01BFB9A
:10ACE00008B1012700E000274846FFF73CFD8743F5
:10ACF000D9D101216AE0A889401E01E0A889401C41
:10AD0000A881E0E01B214846FFF706FD201D00F06A
:10AD1000BBFB002830D1202158E04846FFF7FCFC5F
:10AD200058E06079C0073ED1606C1AF04EF9216896
:10AD3000898B8842607934D940F0010060711AF043
:10AD40003CF9A06468680A281CD1706802F0F1F828
:10AD500020B91021706801F0DEFAB8B14846FFF75B
:10AD60000EFD01280ED94846FFF7FDFC80F00101D9
:10AD70004846FFF7B8FB01E08FE031E02021706822
:10AD800001F0C2FA607940F001009BE0D6E90102CF
:10AD90000521FFF72CF8201D00F076FB00287CD160
:10ADA000F0E7C0071BD0A06C1AF00FF92168C98B1F
:10ADB000884214D91AF001F9A06469680A2904D0FC
:10ADC000142998D01329A8D198E70621D6E90102C1
:10ADD000FFF70DF8201D00F057FB00285DD172E051
:10ADE000012F70D169680A2967D102F0A2F820B951
:10ADF0001021706801F08FFAA8B34846FFF7B3FC42
:10AE0000002860794FEAC07052D020B14846FFF761
:10AE1000B6FC012847D8D6E901020821FEF7E7FF72
:10AE2000201D00F031FB00286ED1D6E9010204217B
:10AE3000FEF7DDFF201D00F027FB002864D1D6E9D6
:10AE400001020721FEF7D3FF201D00F01DFB0028A3
:10AE50005AD10A214846FFF75FFC201D00F014FB81
:10AE6000002851D129E0FFE7D6E901020821FEF7C9
:10AE7000BEFF201D00F008FB002845D16079C00707
:10AE800004D1D6E901020421FEF7B1FF201D00F034
:10AE9000FBFA002838D1072100E035E0D6E90102AD
:10AEA000FEF7A5FFD9E72021706801F02DFA04E034
:10AEB00018B901214846FFF716FBC4F844806079B1
:10AEC00020F001006071C6F80480A88900281BD01A
:10AED0004846FFF748FC0028B5F90C0028D00028A8
:10AEE00014DA4FF000060AE04FF014014846FFF76D
:10AEF00013FC201D00F0C8FA002805D1761CB5F916
:10AF00000C004042B042EFDCBDE8F087FCDD0026DB
:10AF100009E013214846FFF7FFFB201D00F0B4FABB
:10AF20000028F1D1761CB5F90C00B042F1DCEBE75A
:10AF3000002811DA4FF0000608E04846FFF761FAF2
:10AF4000201D00F0A1FA0028DED1761CB5F90C0016
:10AF50004042B042F1DCD7E7D6DD002608E04846A3
:10AF6000FFF760FA201D00F08FFA0028CCD1761C84
:10AF7000B5F90C00B042F2DCC6E72DE9F0470E4609
:10AF80000446897B40794FF00008012923D001074E
:10AF900008D520F0080121F00101C4F84480617156
:10AFA00084F80880D4F850905FEA09007ED0FFF75B
:10AFB00093FA2B4D0028686078D0802101F0B9F910
:10AFC0000746E1687068E060207AB27B2272B27B4B
:10AFD000012A03D003E0000768D4E3E708B1AFB368
:10AFE000B3E019F0EAFF60647168092903D00B2906
:10AFF00009D087B1A9E000214846FFF774FA484616
:10B00000FFF710FA59E000214846FFF76CFA48466E
:10B01000FFF7F7F951E00A2902D01B290BD016E0FF
:10B020000A214846FFF778FB201D00F02DFA002882
:10B030003CD101213DE01B214846FFF76DFB201D5F
:10B0400000F022FA002831D1202132E003E0484606
:10B05000FFF762FB31E0012A04D042B375E0000043
:10B06000FC000020012870D170680A2809D1D5E9B8
:10B0700001020221FEF7BBFE201D00F005FA0028A8
:10B0800014D16079C00720D1606C19F09EFF21684F
:10B09000898B8842607916D940F001006071706830
:10B0A0000A2852D119F089FF052101E04FE020E084
:10B0B000A064D5E90102FEF79AFE201D00F0E4F934
:10B0C000002844D141E0C0073FD0A06C19F07DFFBB
:10B0D0002168C98B884238D919F06FFFA064716864
:10B0E0000A2904D0092986D00B29B0D18BE7062183
:10B0F000DFE7012829D171600A2920D1D5E90102B1
:10B100000821FEF774FE201D00F0BEF900281ED1B4
:10B110006079C00709D1D5E901020421FEF767FE75
:10B12000201D00F0B1F9002811D1D5E90102072155
:10B13000FEF75DFE201D00F0A7F9002807D1C4F836
:10B140004480607920F001006071C5F80480DBE67E
:10B1500070B5044600680D46098800692182698837
:10B1600061820268117CC1F30111022901D0032917
:10B170000AD111882A88891A491E298001686A889B
:10B180004988891A491E69800168097CC1F3011147
:10B19000012901D0032907D169882A886A800068BB
:10B1A0004088401A401E28802068006919F08FFBF3
:10B1B0002068006919F078FBE06C78B1B4F90C20D4
:10B1C000B5F900108A4205D1B4F90E20B5F9023064
:10B1D0009A4203D0B5F9022002F086FA288820812D
:10B1E000688860812079012804F1040006D0FFF707
:10B1F000E4FA2089A0816089E08170BDFFF727FC17
:10B20000F7E77FB5C14CC068A060016809690029F3
:10B210004CD0FFF7B7FAA0684179490746D40068D7
:10B2200000694069002841D100256946A06819F0ED
:10B2300097FE9DF80F60A068FFF7A4FA6560A1680B
:10B240009DF80E000871012806D0086800780428CF
:10B2500009D1BDF80C00D0B119F0AFFEA1680968A2
:10B260000969C1F85801A06801680978012906D068
:10B27000022908D004290AD003290DD00FE069461D
:10B28000FFF766FF0BE06946FFF777FE07E06946C8
:10B29000A068FFF7D4FC02E0694600F0FEF8A06861
:10B2A000FFF770FA002EC0D1A56065607FBD10B5B4
:10B2B00081F0010440B1417964F38201417110BD14
:10B2C000417964F38201417119F042FE0028F7D1FF
:10B2D00010BD8E4880687047002801D00068007853
:10B2E000704770B5894E0C460025B0B3417941F0E6
:10B2F00002014171B168814200D17560016809782D
:10B30000012901D002290ED114B1016BA14201D152
:10B31000056314B1416AA14201D1456214B1816A49
:10B32000A14200D1856270BD417941F002014171B5
:10B3300001680978012901D002290ED114B1016BED
:10B34000A14201D1056314B1416AA14201D1456214
:10B3500014B1816AA14200D1856219F0F9FD00287B
:10B36000E2D1756070BD10B50446407920F001004F
:10B37000607119F022FEA06419F01FFE606410BD18
:10B3800010B5044600680278012A19D1E164006909
:10B39000FEF78BFB0146E06C05F043FFB4F90A2091
:10B3A000B4F90810E06C02F09FF90221E06C00F0A3
:10B3B00094FEE06CBDE810404FF4C02100F05ABE8E
:10B3C00010BD02681278022A01D0042A00D101655A
:10B3D000704702681278032A00D14165704738B17E
:10B3E00002681278012A05D0032A03D04FF0FF30FB
:10B3F000088002E002890A8040894880704790F8FE
:10B4000040000009704701680978022901D0002036
:10B410007047C0687047002806D001680978012984
:10B4200003D0032901D00020704790F8400000F0BD
:10B430000F007047002806D001680978012903D061
:10B44000032901D000207047C06A704700220A809B
:10B450004A80002809D002681278012A01D0032A04
:10B4600003D1828A0A80C08A48807047002803D0AE
:10B47000417941F0080141717047244840687047A4
:10B48000002800D0406870474078810702D51F4AE5
:10B4900000215160C0F3400070472DE9F04104469F
:10B4A000406D0D4600282BD0A968022230F921708A
:10B4B00002EB8101465EA87B01280AD1B4F90C0099
:10B4C000B84203D1B4F90E00B04202D0201DFFF7FC
:10B4D00074F9201DFFF7D8FF002811D1278166815C
:10B4E000A87B012804F104000CD0FFF766F9201DA9
:10B4F000FFF7CAFF002803D12089A0816089E0817D
:10B50000BDE8F081FFF7A3FAF1E70000FC0000209E
:10B5100030B5AAB1B0F91630B2F900401D19B0F932
:10B520003240A54201DAE31A1380B0F91640B2F9AD
:10B530000030E518B0F936309D4201DD1B1B138049
:10B54000002915D0B0F91430B1F900209C18B0F9D9
:10B550003020944201DAD21A0A80B0F91420B1F9ED
:10B560000030B0F934001344834201DD801A0880B2
:10B5700030BD2DE9FF5F0C46934680462021DDF863
:10B5800038A000F0C8FE002878D0BAF1030F40467A
:10B590001DD003F0ADFB8146FFF76FFF0027054686
:10B5A0003E46BAF1030F3946404613D000F008FD7D
:10B5B00082460021404600F009FD4946B9F1010FDD
:10B5C0005DD0022963D0B9F1030F66D13BE003F0EF
:10B5D00088FBE0E700F000FD82460021404600F0D5
:10B5E00001FD4946B9F1010F1ED0022924D0B9F15D
:10B5F000030F52D1B8F81820B8F81410521A521C80
:10B6000013B2A3EB0A02101A00EBD0720AEB62002D
:10B61000084407B2298BA88A091A491C09B201EB10
:10B62000D17100EB610027E0B8F81410B5F914608F
:10B6300001EB0A0007B230E0B8F81810B5F918604D
:10B64000081A07B229E0B8F81A20B8F81610521AEA
:10B65000521C13B2A3EB0A02101A00EBD0720AEBD1
:10B660006200084407B2688BE98A401A401C00B2A5
:10B6700000EBD07001EB600006B20EE02FE0B8F8EE
:10B680001610B5F9166001EB0A0007B205E0B8F82C
:10B690001A10B5F91A60081A07B2A01E039900B271
:10B6A000002910DAB9F1000F15D0BE4221DC12E0FA
:10B6B000002C01DDA41C24B2E01704EB9070801074
:10B6C00004B0BDE8F09FBBF1000F12DAB9F1000F32
:10B6D00001D0BE420DDB002CEADA0446E8E703980D
:10B6E000E04202D50398404204B2BBEB040000D50F
:10B6F0005C462046E4E72DE9FF4F83B08B46824647
:10B7000003F0EFFA060012D041F6FF78444600211C
:10B71000504600F061FC00900021504600F062FCB1
:10B720000190504605F03AFC0746002560E00020F5
:10B7300007B0BDE8F08F00BFDAF80800006850F8E5
:10B7400025008146FE4900F0EDFDE8BB4FF4805135
:10B75000484600F0E0FDB8B3012E04D0022E08D018
:10B76000032E44D11AE0B9F91400BAF81420009954
:10B7700032E0BAF818200199B9F91800511A069A5E
:10B7800009B2104400B2584531DB059A90422EDCD4
:10B79000401A00B2002821DD014620E0B9F8182047
:10B7A000B9F81410BAF81830501A401C00B200EB67
:10B7B000D070BAF8142001EB6000991A491C0BB242
:10B7C000009900B25B1A00E011E00199591A01EBEF
:10B7D000D173009901EB63011144D0E74142002C81
:10B7E00001DD224600E06242914200DA04466D1C0F
:10B7F000BD42A1D3444501D1002000E0604200B227
:10B8000096E72DE9FF4F83B08B46824603F070FA2E
:10B81000060012D041F6FF7844460021504600F061
:10B82000CFFB00900021504600F0D0FB0190504625
:10B8300005F0B4FB074600255EE0002078E700BF76
:10B84000DAF80800BE49006850F82500814600F08B
:10B8500069FDE8BB4FF48051484600F05CFDB8B389
:10B86000012E04D0022E08D0032E44D11AE0B9F9DB
:10B870001600BAF81620009932E0BAF81A20019999
:10B88000B9F91A00511A069A09B2104400B2584583
:10B8900031DB059A90422EDC401A00B2002821DDEF
:10B8A000014620E0B9F81A20B9F81610BAF81A3093
:10B8B000501A401C00B200EBD070BAF8162001EB11
:10B8C0006000991A491C0BB2009900B25B1A00E0A3
:10B8D00011E00199591A01EBD173009901EB630151
:10B8E0001144D0E74142002C01DD224600E06242D3
:10B8F000914200DA04466D1CBD42A1D3444501D1FA
:10B90000002000E0604200B212E72DE9F843856AAA
:10B9100004468021284600F0FEFC8A4FFE0CC8B188
:10B92000284603F0E5F901281DD0022828D0032875
:10B9300037D06786E686284603F0D3F9012847D03A
:10B94000022850D003285AD02786A686208E0028A9
:10B9500072D072E0334639463A4604F13000009620
:10B9600019F0BAFDF2E7E88A0023401C01B2324622
:10B970002846FFF746FF6086E88A401E02B209E0CB
:10B98000B5F91A10002332462846FFF73AFF6086C1
:10B99000B5F91A20002339462846FFF732FFE08622
:10B9A000C9E7688BE98A0023401A401C00B200EB0B
:10B9B000D07001EB600808F1010001B23246284660
:10B9C000FFF71FFF6086A8F10100002302B2E2E743
:10B9D000B5F91410002332462846FFF78CFE208666
:10B9E000B5F9142009E0B5F91810002332462846AD
:10B9F000FFF781FE2086B5F91820002315E0288B7B
:10BA0000A98A0023401A401C00B200EBD07001EB61
:10BA1000600808F1010001B232462846FFF76BFECC
:10BA20002086A8F10100002302B239462846FFF71C
:10BA300062FEA0868AE7FFE72786A08E00B9A68669
:10BA4000608E00B96786E08E002800D1E686BDE8EA
:10BA5000F8832DE9F04F002787B00446BA46FFF778
:10BA600038FC00680025B4F9141090F81890266A84
:10BA7000A846002900DC4942B4F91600002800DC81
:10BA80004042814201DD0125B2E04FF00108AFE004
:10BA90001021304600F03FFC00287DD0CDE9005851
:10BAA000AB46CDF80880304603F013F9C10700D14A
:10BAB0008B46810701D400210091410701D4002168
:10BAC0000291000701D400200190304603F025F9CF
:10BAD0000590304603F028F90490304603F071F9E0
:10BAE0000390304603F0C9F90599002902DC049956
:10BAF000002910DD029919B1B4F916204A4507DA78
:10BB0000019941B1B4F91620C9F100018A4202DC61
:10BB100037464FF00C0A0399002901DC002816DD96
:10BB2000BBF1000F03D0B4F914204A4507DA00999D
:10BB300069B1B4F91420C9F100018A4207DC03E0BD
:10BB40000100040001E0FFFF37464FF0030A0599AA
:10BB5000002901DC002102910499002901DC002167
:10BB600001910399002901DC4FF0000B002801DC52
:10BB700000200090BBF1000F03D0B4F91410494528
:10BB800017DA009828B1B4F91410C9F10000814205
:10BB90000FDD029828B100E016E0B4F9161049450F
:10BBA00007DA019880B1B4F91610C9F1000081429A
:10BBB0000ADC0DB1032000E00C2094F83C1060F387
:10BBC000030184F83C1016E04FF48071304600F019
:10BBD000A2FB35EA00000ED14FF40071304600F0B0
:10BBE0009AFB38EA000006D1304605F0DCF906463B
:10BBF000002E7FF44DAF4FB194F83C1000206AF353
:10BC0000030184F83C10A762A082E08238468FE5E9
:10BC1000FEB5866A0446BEB9A08A218A0844A0827D
:10BC2000E08A618A0844E0822046FFF712FF06009E
:10BC30007BD02046FFF769FE002209213046FEF73F
:10BC4000D6F86078800770D4208A10B9608A0028FE
:10BC50006BD00025ADF80450ADF8085094F83C00C6
:10BC600000F00F000328304616D003F056F80746C0
:10BC7000304603F059F803460C200090B4F9121036
:10BC80003A463046FFF775FCADF80800304603F041
:10BC900020F8C10712D017E003F0EFF8074630464E
:10BCA00003F08FF8024603200090B4F910103B46D1
:10BCB0003046FFF75EFCADF80400E7E7BDF904107D
:10BCC000002901DDADF80450810705D4BDF9041049
:10BCD000002901DAADF80450410705D4BDF9081078
:10BCE000002901DDADF80850000705D4BDF90800B2
:10BCF000002801DAADF8085002AA01A92046FFF792
:10BD000007FCBDF90820BDF90410304603F00DF919
:10BD10006078800709D4A08ABDF804100844A08286
:10BD2000E08ABDF808100844E082FEBD2DE9FC5F02
:10BD30000446806A5FEA000B71D094F83C0000076B
:10BD40006DD0FFF7C6FA019000684021457E584645
:10BD500000F0E1FA4FF0000818B9A4F81A80A4F82E
:10BD60001880584602F0BDFF8246584602F0C0FFD8
:10BD7000064694F83C004FF0640900F00F000C28D0
:10BD800002D003284CD09AE0A4F8188056B1B4F938
:10BD90001A500027FFF79DFA00684946407EC0F11F
:10BDA000640022E0608BC5F1640110FB01F191FB9E
:10BDB000F9F06083584602F0B7FF0546584602F096
:10BDC000ACFF02460C200090B4F91A102B465846DE
:10BDD000FFF7CFFB6083024600231EE07A1917B2FB
:10BDE00010FB05F292FBF1F215B2002DF6D1ADF881
:10BDF0000070A4F81A806A4600212046FFF788FBED
:10BE000041F6FF72BDF9003051425846FFF7F9FC88
:10BE1000BDF800100123084402B200214CE09AE072
:10BE2000A4F81A80BAF1000F0AD0B4F9185000270C
:10BE3000FFF74FFA00684946407EC0F1640022E0F7
:10BE4000208BC5F1640110FB01F191FBF9F0208317
:10BE5000584602F0B6FF0546584603F00EF8034672
:10BE600003200090B4F918102A465846FFF781FBCA
:10BE70002083014600231EE07A1917B210FB05F259
:10BE800092FBF1F215B2002DF6D1ADF80070A4F8D6
:10BE90001880002269462046FFF73AFB41F6FF7200
:10BEA000BDF9003051425846FFF725FCBDF800109F
:10BEB0000123084401B20022584603F090F8208B79
:10BEC000002848D1608B002845D1C6B9584602F0F9
:10BED00024FF0546584602F027FF002D06DC002807
:10BEE0000DDD002D02DA01232A4604E0002806DADF
:10BEF0000123404202B20021584603F070F8BAF123
:10BF0000000F19D1584602F05CFF0546584602F072
:10BF1000B4FF002D07DC00280EDD002D03DA01231D
:10BF20000022294605E0002806DA012300224042CB
:10BF300001B2584603F053F80A215846019AFDF71A
:10BF400056FF6078800706D414F83C0F20F00F00ED
:10BF5000207044F8148CBDE8FC9F002804D003290D
:10BF600006D00C2901D000207047B0F9221001E062
:10BF7000B0F920100068427E0020C2F16402642300
:10BF800006E0084400B212FB01F191FBF3F109B2A3
:10BF90000029F6D1704770B50D460446B0F9182057
:10BFA000B0F914100023FFF7A6FB2880B4F91A207B
:10BFB000B4F9161000232046FFF723FC688070BDFB
:10BFC00010B5102203F000FF00B210BD10B5112211
:10BFD00003F0FAFE00B210BD10B5122203F0F4FE19
:10BFE00000B210BD10B5132203F0EEFE00B210BD7A
:10BFF000F9480078704710B5F74C2078002821D117
:10C000001AF092FD1BF015FF1AF066F819F047F8C8
:10C01000FEF7FEF806F07CFB03F020FF4FF4AE7154
:10C02000EE481AF039FB5821ED481AF035FB05F0BF
:10C0300045FA09F04EFC4420112804D016F0D4FD36
:10C040000120207010BDFEE710B51AF0C5FA0020DF
:10C0500018F0ACFC1AF071FDDF490020087010BD2B
:10C0600010B50146DF4800F089FE044600F019FFD4
:10C07000204610BD7FB50C46054601F082FD064600
:10C08000E00702D0284601F0E4FCE8692043E861BB
:10C09000E00702D0284601F0DCFC284601F071FDE3
:10C0A000B04202D114F0C07F07D0284604F07BFFD5
:10C0B00002F0F3F8284602F0F0F8E0060CD502AAE8
:10C0C0006946284603F04CFA6946284601F0A7FC69
:10C0D00002A9284601F0A3FC7FBD7FB50C460646A9
:10C0E00001F04FFD0546E0060CD502AA6946304630
:10C0F00003F036FA6946304601F091FC02A9304659
:10C1000001F08DFCF069A043F061E0070ED03046ED
:10C1100001F09FFC304601F034FD38B1304604F0A8
:10C1200042FF02F0BAF8304602F0B7F8304601F0AC
:10C1300028FDA84202D114F0C07F07D0304604F099
:10C1400032FF04B0BDE8704002F0A7B87FBD2DE912
:10C15000F34F8FB08146008C109988427ED00490B6
:10C16000A9F820104846109A049904F0B9FB5FEA38
:10C17000000873D04FF4207420461AF0A1FD214628
:10C1800003901AF09FFE0024204671E0D9F80C00BD
:10C19000042200EBCA0102EBCA050A91405920F0C3
:10C1A0007F4004F0D0FC0590D9F80C00405920F0F5
:10C1B0007F4004F0CAFC069010990598884355D139
:10C1C0000A984068800151D40A980BAA6621006839
:10C1D00000F001FD012849D100270B9D40E0002619
:10C1E0001EE000BF039806EB860100EB81010E9173
:10C1F000D1F804B0584604F0A6FC0890584604F064
:10C20000A4FC296831F817200E9909898A4206D1C1
:10C210000699884203D105990898884202D2761C73
:10C22000A642DFD3A64218D1039A04EB8400A98961
:10C2300022F82010039A298A02EB8000641C4180B6
:10C24000A968C160296831F8171001816968016126
:10C250000A99496821F07F41416000E04BE07F1C72
:10C26000286830F8170008B1202CB8D30AF1010073
:10C270008246B9F82200C0F3C501514501D9202CEE
:10C2800084D3002510E000BF039805EB850100EB87
:10C290008106706804F059FC014600964846109BE0
:10C2A000049A04F06CFA6D1CA542EDD303981AF0C1
:10C2B00051FDB8F1010F0ED0B8F1030F11D0B8F154
:10C2C000020F18D1484601F0C4FB11B04846BDE842
:10C2D000F04F01F052B911B04846BDE8F04F01F0FF
:10C2E000B8BB11B04846BDE8F04F4FF6FF724FF4AF
:10C2F000702103F0D6BD11B0BDE8F08F028C114360
:10C300008A4200D023E77047028C22EA01018A4268
:10C3100000D01CE77047C069814301D000207047FE
:10C3200001207047C069084000D001207047008C90
:10C330007047008C084000D00120704780680028BA
:10C3400000D08068704710B504468068002813D17B
:10C3500021484168491C41601C201AF0F6FBA0608E
:10C3600058B11C211AF0AEFDA1680F204876A068D4
:10C37000017E41F00301017610BDFEE7002803D0E5
:10C380000068884201D1012070470020704703E017
:10C39000884201D10120704700680028F8D1704719
:10C3A00000687047F0B5054680680F4688B10024E4
:10C3B00046680CE0A868006850F82400B84203D032
:10C3C0003946FFF7EFFF08B10120F0BD641CB4420D
:10C3D000F0D30020F0BD00000801002038FB002051
:10C3E00044FB002028CF030870B50646002011E06A
:10C3F00000250BE0E06850F82500B04203D031463C
:10C40000FFF7D0FF08B1012070BD6D1C606AA84223
:10C41000F0D8204618F0B9FB0400E9D170BD2DE931
:10C42000F0414D680C46EDB1284602F0CAFC0646C4
:10C43000284602F072FC074628460021102203F02D
:10C44000C3FCE98A12220844C01BE082401E6083BC
:10C450002846002103F0B8FCA98A0844801BA0826A
:10C46000401E208341F20200E061002D04D043F21F
:10C47000020043F20230E06140F0740040F40060DA
:10C48000E06102D040F40040E061BDE8F08170B5A9
:10C490000C460846FDF7E4FC002003F011FF20469F
:10C4A000F94A002103F047FE012003F009FF0021B3
:10C4B000204618F030FE2046FFF740FF10B120461E
:10C4C000FEF7B1F8A068002811D00068002518B167
:10C4D0001AF051FBA0680560A068C06818B11AF096
:10C4E0004AFBA068C560A0681AF045FBA56070BD56
:10C4F000F8B505460C46084608F0E6FA4FF48036D3
:10C500003146284600F0C4FBE070022808D92846CE
:10C510003146202203F058FC0090BDF80000A080B6
:10C5200028463146312203F04FFCC0B2002784F880
:10C530002200022814D928463146322203F044FC56
:10C5400000B22084002809DD28463146302203F05D
:10C550003BFC0090BDF80000E08301E084F822700D
:10C5600028463146452203F02FFCC0B284F836003D
:10C5700002281AD928463146402203F025FC00B291
:10C58000E08500280FDD28464322314603F01CFCDD
:10C59000A08628464422314603F016FC0090BDF8E0
:10C5A0000000A08501E084F83670284631466022FC
:10C5B00003F00AFCC0B2FD280AD2E17811FB00F1B9
:10C5C000090AE1704143080A84F8220084F8360021
:10C5D000E07830B994F8220018B994F836000028B1
:10C5E00005D03146284600F061FB20800120F8BDCF
:10C5F0002DE9F047A2B08046FDF71BFC06464046F9
:10C60000FDF713FC012700240546122E72D0DFF837
:10C610007C92152E6CD0182E7AD14046FDF792FDF3
:10C6200082460146284600F055FB0021284600F0CE
:10C6300043FB50B105F5907007F046F8060004D0B2
:10C6400007F058F830461AF085FB0021284600F024
:10C6500025FB00285CD002A808F036FA8DF80B40C4
:10C660008DF822408DF832408DF83E4002AA00211C
:10C67000284600F06DFC0021284600F0FDFA8046B7
:10C680000021284600F0FEFA064605F1140168462E
:10C6900000F098FABDF80010A1EB0800BDF80410F6
:10C6A000ADF8000001EB0800ADF80400BDF8020091
:10C6B0005146801BADF80200BDF806003044ADF8CD
:10C6C000060010A800F041FF02A8149068461D94CF
:10C6D000CDE91270CDF8449010AA1A212846FDF732
:10C6E00086FB6A4602A9504608F026FAD0E001E02F
:10C6F0004DE00DE04046FDF7A0FB0646007802281D
:10C7000006D00021284600F0D7FA20B10220307070
:10C7100022B0BDE8F0870021284600F0C7FA824623
:10C720000021284600F0A8FA81460021284600F0A2
:10C73000A9FA804605F11401684600F043FABDF8F5
:10C7400000105246A1EB0900BDF80410ADF800003E
:10C7500001EB0900BDF80210ADF80400A1EB0800E0
:10C76000BDF80610ADF8020001EB0800ADF80600B8
:10C770006946706819F015F828B10021284600F0C4
:10C7800087FAFD2801D23770C2E73470C0E740460F
:10C79000FDF7D8FC804602A808F096F9002128464B
:10C7A00000F07CFA28B19DF82B0040F001008DF8D4
:10C7B0002B0002AA0021284600F0CAFB00212846CF
:10C7C00000F05AFA06460021284600F05BFA0746B8
:10C7D00005F114018A46684600F0F4F9BDF800003E
:10C7E0004146801BADF80000BDF804003044ADF8B0
:10C7F0000400BDF80200C01BADF80200BDF8060041
:10C800003844ADF8060010A800F09FFE02A814906E
:10C810006846CDE91240CDF8449010AA1A21284666
:10C820001D94FDF7E4FA0021284600F045FA30B1E6
:10C83000BDF8080018B1069E0127069401E0069E87
:10C8400000276A4602A9404608F076F907B3182087
:10C850001AF036FA0746BDF908200023514607F0C2
:10C8600060FE05F59071384606F0BEFE86B18DF883
:10C870000B408DF82A408DF832408DF83E406A46D4
:10C8800002A9404606962FE7FFFF0F0028CF0308B6
:10C8900010AA1B212846FDF7AAFA39E72DE9FF4126
:10C8A00088460846FDF7C5FA04464046FDF7BFFA3C
:10C8B0000546012C20D0082C20D0032C3BD02A2C5C
:10C8C0003BD00D2C49D00E2C7ED0092C7DD00A2CCB
:10C8D0007CD00F2C7BD0292C7AD0222C79D0132C11
:10C8E00078D0152C03D0182C01D0122C33D104B0E1
:10C8F0004046BDE8F0417BE62021F9E02021FFF72A
:10C9000003FD4046FDF799FAFEF794FD002822D179
:10C9100008212846FFF7FFFC00281CD095F82000CE
:10C920004FF00101C007284602D0FFF7EDFC30E0D0
:10C93000FFF7E4FC2DE02021F6E004F02FFB064693
:10C94000002406E0A868006850F8240001F0A5FC67
:10C95000641CB442F6D3BDE8FF810821FFF7DBFC7D
:10C96000F8B14046FDF769FA0478132C06D0112C73
:10C9700004D0142C07D0122C05D008E00121284641
:10C98000FFF7BCFC03E001212846FFF7BDFC0A2CA1
:10C99000E1D004B02846BDE8F04100221C21FDF79B
:10C9A00026BA4FF401612846FFF7B5FC0028D2D023
:10C9B000284600F0BEFA0028CDD10027284602F014
:10C9C00000FA0646284606E068E090E094E0AAE017
:10C9D000AFE0CBE0ECE002F050FA04464046FDF751
:10C9E0002CFA007812281BD011280CD013282BD039
:10C9F0001428B0D1284602F06CF9800703D0002E2D
:10CA000038DC002C36DC284601F07AF8044628464B
:10CA100002F07CF9E11704EB9171A0EBA1000BE0AF
:10CA2000284601F06DF80446284602F06FF9E11738
:10CA300004EB917100EBA10001B204B03A46284624
:10CA4000BDE8F04102F0C1BB284602F042F9800780
:10CA5000E6D0002E01DC002CE2DD284601F056F87D
:10CA60000446284602F04BF9E11704EB917100EB04
:10CA7000A1000BE0284601F049F80446284602F0E0
:10CA80003EF9E11704EB9171A0EBA10001B204B0F3
:10CA90003A462846BDE8F04102F0A9BB4FF4806158
:10CAA000FFF739FC18B10121284602F01AFD28468B
:10CAB000FFF744FCFDF757FE06460224FEF709FC8B
:10CAC00010B94046FDF710FBFEF706FC022801D026
:10CAD000042800D106241EB144F00801284607E0CE
:10CAE00021462846FFF70AFC082128461CE0402181
:10CAF00004B0BDE8F04101E44021FFF705FC284601
:10CB000002F0DFF802287FF426AF02AA6946284621
:10CB100002F026FD6946284600F081FF02A928465A
:10CB200000F07DFF17E70E2104B0BDE8F041FFF7EC
:10CB3000EBBB002100F09AF804460021284600F0E3
:10CB4000C3F8204302D0284601F0A7FB284604F092
:10CB500025FA0646002406E0A868006850F824007C
:10CB600001F09BFB641CB442F6D3F4E600210122E1
:10CB700003F02AF906B228460021042203F024F922
:10CB800004B20021284600F071F80746002128462B
:10CB900000F09AF8384305D142F2D170864201D0B4
:10CBA0008442BFD104B02846BDE8F04101F075BB16
:10CBB000002100F060FC014604B04046BDE8F041B1
:10CBC000FDF7E9BA0A8802804A8842808A88828012
:10CBD000C988C180704770B514468288A2F57F432A
:10CBE000FF3B08D0C57985B3012D2FD906680022F7
:10CBF00006EB850327E002680DE000BF23F4404008
:10CC0000884207D1190427D4590415D450682060EC
:10CC1000012070BD08321388002BEFD124E000BF43
:10CC200033F8120020F4404088420BD133F8121040
:10CC30000B0411D4490402D51AF03EFDE7E706EBD8
:10CC400082000FE0521C9542EAD80DE022F44043E6
:10CC50008B4209D1110401D5022070BD510401D5C8
:10CC60001846E9E70068D2E7002070BD10B5092238
:10CC700003F0AAF8C0B210BD10B5682203F0A4F802
:10CC800000B210BD10B5692203F09EF800B210BDCD
:10CC900010B5212203F098F8C0B210BD10B53422AF
:10CCA00003F092F8002800D0012010BD10B50B222F
:10CCB00003F08AF800B210BD10B5172203F084F813
:10CCC000002800D0012010BD10B50A2203F07CF826
:10CCD00080B210BD70B5A4B00C46054620AA22A9AA
:10CCE00002F03EFC22A818F01FFC20B920A818F082
:10CCF0001BFC00283ED012A92846FFF7F9FB0128AB
:10CD000038D12146684600F020FC1B4801900220E3
:10CD1000029012A804904FF480300D9022A818F0D1
:10CD200003FC80B122A803906A461A212846FDF729
:10CD30005EF822AA12A9204607F0FEFE6A461B21D1
:10CD40002846FDF754F820A818F0EEFB002811D073
:10CD500020AE6A461A2128460396FDF748F820AA15
:10CD600012A92046039607F0E7FE6A461B212846D3
:10CD7000FDF73DF824B070BD28CF03082DE9F04140
:10CD80000D4607460026714900E00068B8B1826987
:10CD90000A42FAD08069C0F30F10804619F0D5FE20
:10CDA000041E31D041461AF08DF8C4E900754FF0E9
:10CDB00001086FF0030725B1A86878B332E0304668
:10CDC000EBE717F06EFD05001AD0EA68F2B1686A69
:10CDD000401C81006862104619F0E0FEE860696A54
:10CDE00007EB81014450A682E682002017F06FFD18
:10CDF000401E2083002017F057FD401E608323E073
:10CE0000204619F0B8FE0020BDE8F081042019F09A
:10CE10009CFEE8600460C5F82480E4E7FFE728464C
:10CE2000FFF791FAA868016881B14168491C416027
:10CE3000A8688900006819F0B1FEA9680860A968AF
:10CE4000496807EB810144502046DDE7042019F0D2
:10CE50007CFEA96808600460A968C1F80480F3E753
:10CE60000068002809D0017E11F00C0FF8D0007E78
:10CE7000C0F38100012800D00020704770B504681D
:10CE80000546206818B128602846FFF7F7FF2C6098
:10CE900062682046002A03D02946BDE8704010474A
:10CEA00070BD70B5054601F0F8F9002003F008FAEE
:10CEB000284605F0CEFB2846FFF7E0FF012003F0EF
:10CEC000FFF94FF6FF724FF47021284602F0E9FF98
:10CED000284601F0D7FDFDF71AFA030007D02846CF
:10CEE000FFF7BEFF18B129461846FDF7C1FA2846DC
:10CEF00004F059F804000DD02A462221FCF777FFF0
:10CF00002A4623212046FCF772FF2846BDE87040E0
:10CF100000F09FBD70BD10B50446006882680AB17C
:10CF20002146904720680068002801D02060F5E77E
:10CF300010BD0068002808D0017E8907F9D0007E66
:10CF400000F00300012800D000207047F0FF0F0020
:10CF5000F8B514460D0006464FF0FF070BD000F061
:10CF60008BFB0746022801D8002023E129463046E2
:10CF700000F088FBA070304629460B2202F024FF07
:10CF80002080E078002855D030462946212202F042
:10CF90001BFFC0B2E07002284CD92946304600F091
:10CFA0001EFB0090BDF80000A080304629462622D6
:10CFB00002F00AFF010007D0487A400704D00A2295
:10CFC000A01D19F0EBFE35E030462946232202F081
:10CFD000FBFEE17B60F30201E173480721D02946A3
:10CFE000304600F0FCFA0090BDF80000E0802222FC
:10CFF0002946304602F0E8FE02462946304603F054
:10D000004FFC0090BDF80000608130462946242284
:10D0100002F0DAFE207230462946252202F0D4FEC4
:10D02000207330462946272202F0CEFEE17B60F3D2
:10D03000C501E17330462946322202F0C5FE00B236
:10D04000208428B394F8220010B3304629463122B8
:10D0500002F0BAFEC0B284F82200022818D9304685
:10D060002946332202F0B0FE94F82310302260F3F8
:10D07000450184F823102946304602F0A5FE0246F9
:10D080002946304603F00CFC0090BDF80000E08318
:10D090002946304600F0B0FAE084E8B194F82A005E
:10D0A000D0B12946304600F0ADFA84F82A000228B3
:10D0B00012D92946304600F0ABFA2085362229469F
:10D0C000304602F081FE02462946304603F0E8FB76
:10D0D0000090BDF80000A084A07E80B330462946B1
:10D0E000282202F071FE206148B3304629462922E9
:10D0F00002F06AFEC0B2A076022820D9206905F0AD
:10D10000BCFE02285FD02A222946304602F05CFE8F
:10D1100002462946304603F0C3FB0090BDF80000EC
:10D120002083304629462B2202F04EFEE076304620
:10D1300029462C2202F048FE00B10120207794F805
:10D14000360070B32946304600F068FAE08540B3F7
:10D1500094F83600022824D92946304600F076FAA1
:10D1600084F8360002281CD92946304600F05CFAC3
:10D1700020862946304600F05DFA60862946304612
:10D1800000F05EFAA08644222946304602F01CFEDA
:10D1900002462946304603F083FB0090BDF80000AC
:10D1A000A085002D0ED0FD2F0CD294F8360010FB78
:10D1B00007F0000AE070A07684F8220084F82A00C4
:10D1C00084F83600F8BD2946304600F052FA606116
:10D1D0002946304600F040FA0090BDF80000208358
:10D1E000ADE7F8B514460D460646562202F0ECFDB2
:10D1F000C0B2A076022808D97DB12946304600F099
:10D200003BFA022802D80020A076F8BDFD2804D2FF
:10D21000A17E11FB00F0000AA0762946304600F0FE
:10D220001BFA0090BDF80000A08130462946582224
:10D2300002F0CAFDA08230462946592202F0C4FD00
:10D240006082304629465A2202F0BEFDA17F60F37B
:10D250000201A1773DB12946304600F013FAA17FC3
:10D2600060F3C501A1772946304600F002FA20603C
:10D27000304629465B2202F0A7FD2077F8BDF8B5BD
:10D2800014460E460546462202F09EFDC0B2E072EC
:10D29000022808D9002776B13146284600F0ECF97B
:10D2A000022801D8E772F8BDFD2804D2E17A11FB0B
:10D2B00000F0000AE07227804FF480706080288BB5
:10D2C000A98A4822401A401C00B200EBD0704010DE
:10D2D000A080688BE98A401A401C00B200EBD07035
:10D2E0004010E0802846314602F06EFD10F0FF004D
:10D2F000A0720DD047223146284602F065FD024655
:10D300003146284603F0CCFA0090BDF80000208199
:10D31000002EC8D03146284600F0B4F92073F8BD7D
:10D32000F8B515460C4606464E2202F04DFDC0B239
:10D330002872022808D97CB12146304600F09CF9B9
:10D34000022802D800202872F8BDFD2804D2297ACC
:10D3500011FB00F0000A287230462146492202F0F3
:10D3600033FD00B268800028EED04D2221463046C1
:10D3700002F02AFD02462146304603F091FA009061
:10D38000BDF800002880304621464A2202F01CFDEC
:10D3900000B2A88028B1304621464B2202F014FD8D
:10D3A000E880304621464C2202F00EFD08B10121F2
:10D3B00000E00021687A61F38200810861F3C30014
:10D3C0006872002CC0D02146304600F05BF9697AC3
:10D3D00060F301016972F8BDF8B515460C460646C2
:10D3E000502202F0F1FC00B26880002811D03046D3
:10D3F0002146532202F0E8FCC0B22873022808D963
:10D400007CB12146304600F037F9022802D80020CE
:10D410002873F8BDFD2804D2297B11FB00F0000A17
:10D42000287352222146304602F0CEFC02462146A5
:10D43000304603F035FA0090BDF8000028803046F1
:10D440002146542202F0C0FCA860304621465122F9
:10D4500002F0BAFC00B10120697B002C60F382016C
:10D460006973D6D02146304600F00CF9697B60F331
:10D4700001016973F8BD2DE9F0410E46074600250C
:10D4800000F0CCF8040035D03146384600F0DEF824
:10D4900002282FD904EBD470012101EB600431463E
:10D4A000384600F0CDF820440FFA80F8314638466F
:10D4B00000F0BAF804463146384600F0BBF8002CBC
:10D4C00001DD214600E06142002801DD024600E066
:10D4D0004242914205DD002C01DD204604E060421D
:10D4E00002E0002800DC4042404400B2002800DA9C
:10D4F000284605463146384600F07EF804000ED036
:10D500003146384600F07EF8022808D931463846C0
:10D5100000F07EF82044A84200DB05462DB23846D4
:10D520003146682202F050FC04B238463146692286
:10D5300002F04AFC00B2844200DC0446002C01DD0B
:10D54000281905B22846BDE8F08170B50D4604469D
:10D55000482119F0B7FC256070BD43688B4204D1A7
:10D560008068904201D10120704700207047806898
:10D57000002801D0B0F91600704738B50446FFF70F
:10D58000F6FF05460020ADF800006A46132120464C
:10D59000FCF72DFCBDF90000A84202D0204600F0A7
:10D5A00058FAA06818B1BDF80010C18209E0BDF8B2
:10D5B000000030B12046FEF7C6FEA168BDF80000AD
:10D5C000C882BDF90000A84202D0204600F041FA0E
:10D5D00038BD8068002801D0807E8009704770B512
:10D5E0000C460546202202F0EFFB02462146284663
:10D5F000BDE8704003F054B910B5352202F0E4FBE9
:10D6000000B210BD10B5372202F0DEFBC0B210BD73
:10D6100010B5382202F0D8FB00B210BD10B5402280
:10D6200002F0D2FB00B210BD10B5412202F0CCFBDB
:10D6300000B210BD10B5422202F0C6FB00B210BD10
:10D6400010B5432202F0C0FB00B210BD10B5452258
:10D6500002F0BAFBC0B210BD70B50C4605465522AB
:10D6600002F0B2FB024621462846BDE8704003F0B6
:10D6700017B9572202F0A8BB10B5602202F0A4FB34
:10D68000C0B210BD10B5672202F09EFBC0B210BD43
:10D6900038B50C46054600236A46082102F09FFE75
:10D6A000012807D0002804D100222146284603F093
:10D6B0009CFA38BD0098A042F6D138BD38B50C466A
:10D6C000054600236A46072102F089FE012807D09B
:10D6D000002804D100222146284603F081FA38BDF3
:10D6E0000098A042F6D138BD70B515460446FFF744
:10D6F000E5FF29462046BDE87040C9E72DE9F8431B
:10D7000017468846044600216D2202F05DFB06B2F2
:10D71000204600216C2202F057FB05B216B9B5F580
:10D72000807F1FD0204600216E2202F04DFBA18A8F
:10D730006F220844ADF800002046002102F044FBAF
:10D74000E18A0844ADF8020037B1704206B24FF4E6
:10D75000803090FBF5F005B26B462A4631464046D4
:10D7600018F0D4F9BDE8F8832DE9F0411E461546BE
:10D770008846070024D0FFF72CFF022812D000248F
:10D7800096B13DB1384603F00EFC33462A46414679
:10D79000FFF7EAFF002C13D0324641463846BDE879
:10D7A000F041ABE70124EBE724B13246414638466D
:10D7B000FFF7A4FF002D03D0384603F0F4FBD8E7B1
:10D7C000BDE8F0812DE9FF4107460888ADF800006B
:10D7D0004888ADF802000888ADF80400C888ADF8A4
:10D7E00006008888ADF8080048880C46ADF80A00A5
:10D7F000A088ADF80C00E088ADF80E001D46164676
:10D8000069463846FFF7B0FF2B463246384601A935
:10D81000FFF7AAFF2B463246384602A9FFF7A4FFBE
:10D820002B463246384603A9FFF79EFFBDF900306C
:10D83000BDF90400834201DA1D4600E00546BDF94A
:10D840000810BDF90C20914201DA0E4600E01646A0
:10D85000B54205DA834201DA1A4604E0024602E0E4
:10D86000914200DA0A462280BDF90030BDF9041069
:10D870008B4201DD1D4600E00D46BDF90800BDF9F3
:10D880000C20904201DD064600E01646B54205DD5B
:10D890008B4201DD1A4604E00A4602E0904200DDB8
:10D8A0000246A280BDF90230BDF90620934201DA9A
:10D8B0001D4600E01546BDF90A10BDF90E00814273
:10D8C00001DA0E4600E00646B54205DA934201DA77
:10D8D000184604E0104602E0814200DA0846608003
:10D8E000BDF90230BDF906108B4201DD1D4600E096
:10D8F0000D46BDF90A00BDF90E20904201DD064635
:10D9000000E01646B54205DD8B4201DD184604E015
:10D91000084602E0904200DC1046E08005221146F5
:10D92000204617F00FFEBDE8FF812DE9FC410E46B1
:10D9300005460121FEF7EFFCF0BB284603F052FB41
:10D94000044603F057FB0746FBF70CFFA0420ED03E
:10D950003846FBF70FFFA04209D03846FCF79DF888
:10D96000A04204D03846FCF7A0F8A04237D14FF4CB
:10D97000002421462846FEF7D5FC28BB2846FFF7A1
:10D98000F6FD074605F11401684601F00BF9BDF8F4
:10D990000000C01BADF80000BDF80200C01BADF8D0
:10D9A0000200BDF804003844ADF80400BDF80600DC
:10D9B0003844ADF8060000E011E031466A460846FA
:10D9C00017F0DAFD00280BD000230122314628464B
:10D9D000FFF7F8FE1CE00121FEF79DFC10B10020CE
:10D9E000BDE8FC8121462846FEF79CFC80B9D5E9BC
:10D9F0000501CDE900010023012269462846FFF711
:10DA0000E1FE31466A46084617F0B6FD0028E7D029
:10DA1000284603F0C8FA051EDDD10120E0E77CB5F9
:10DA20000C46054603F0E6FAFCF715F900280FD07E
:10DA30002146684601F0B6F869462846FFF775FFAB
:10DA4000002805D0284603F0D5FA694604F021FCE9
:10DA50007CBD7CB50546FFF78AFD044605F114013F
:10DA6000684601F09FF8BDF800006946001BADF85C
:10DA70000000BDF80200001BADF80200BDF8040074
:10DA80002044ADF80400BDF806002044ADF80600BF
:10DA90002846FFF7C4FF7CBD0A4600F1140110467A
:10DAA00001F080B870B50C460546002101F0BFF8C2
:10DAB000064621462846FFF7EFFF704202B21146A4
:10DAC000204617F03FFD0021284601F0A4F82188E8
:10DAD000084420800021284601F0A3F8A188081AF4
:10DAE000A0800021284601F08AF8618808446080FF
:10DAF0000021284601F089F8E188081AE08070BD0D
:10DB0000418BC08A081A401C00B27047018B808A82
:10DB1000081A401C00B27047F0B504464FF4FA668C
:10DB2000C1F341307710642501280BD121F4C040A6
:10DB3000B04207DCB84201DDC0F57A70584390FB73
:10DB4000F5F001B2C2F3413001280BD122F4C040FC
:10DB5000B04207DCB84201DDC0F57A70584390FB53
:10DB6000F5F002B2944201DA204600E01046884205
:10DB700001DA0846F0BD944201DA2046F0BD1046B5
:10DB8000F0BD10B50446FA49FEF7CCFB08B1002001
:10DB900010BD204603F007FA0028F9D0002101F05B
:10DBA0004CF80028F4D0012010BD08B5F1496A46B0
:10DBB000496800912C21FCF71AF9BDF9020008BD53
:10DBC0002DE9F14F00221146009801F0FEFA0021E4
:10DBD000009801F02CF804460021009801F00FF89D
:10DBE00020440FFA80F90021009801F00EF820443B
:10DBF0000FFA80F80098FFF7D8FF00EB090101EB5E
:10DC00000800DFF874A306B25446009803F0C6F982
:10DC1000074600252AE00098D8498068006850F837
:10DC200025008346FEF77EFBF8B95846FFF7A9FFAB
:10DC300040BB0021584600F0DCFF18B3012821D07A
:10DC400002281FD003281DD00021584600F0CBFF2A
:10DC500058B9BBF81A10BBF81600081A401C00B2DD
:10DC60004844A04200DB044624B26D1CBD42D2D31E
:10DC7000544504D004EB080000B2B04200DC30464A
:10DC8000BDE8F88F0098BBF91A10B0F91600081A11
:10DC9000411CA142E8DB0C46E6E770B504460021D2
:10DCA00000F0ADFF05460021204600F0AEFF06461D
:10DCB0000021204600F0BBFF02462046FFF720FF70
:10DCC000401B801B514200EB410000B270BDF0B51B
:10DCD00004464FF4FA66C1F34130771064250128F9
:10DCE0000BD121F4C040B04207DCB84201DDC0F5E1
:10DCF0007A70584390FBF5F001B2C2F3413001282D
:10DD00000BD122F4C040B04207DCB84201DDC0F5BF
:10DD10007A70584390FBF5F002B2944201DA204643
:10DD200000E01046884201DA0846F0BD944201DA6C
:10DD30002046F0BD1046F0BD08B58E496A46096818
:10DD400000912C21FCF753F8BDF9000008BD2DE926
:10DD5000F84F00228046114601F049FA0021404662
:10DD600000F065FF04460021404600F05AFF2044C1
:10DD70000FFA80FA0021404600F04DFF20440FFAD0
:10DD800080F94046FFF7D8FF00EB090101EB0A00DC
:10DD9000DFF8E4B105B25C46404603F0FFF8074601
:10DDA0000021404600F04FFF01284FF0000645D00B
:10DDB00079E000BFD8F808007049006850F82600E4
:10DDC0000090FEF7AFFAC0BB0098FFF7DAFE50B143
:10DDD0000098B8F91810B0F91400091A481CA042AC
:10DDE0002ADB4C1C28E00021009800F002FF58B10B
:10DDF000032809D0062807D0082805D0002100985C
:10DE000000F0EBFE58B118E00098B8F91810B0F91E
:10DE10001400081A411CA1420EDB0C460CE00098CD
:10DE20001430009000F0C7FE5044A04204DB00987C
:10DE300000F0C1FE00EB0A0424B2761CBE42B9D346
:10DE40005C453BD004EB090033E000BFD8F8080084
:10DE50004A49006850F826000090FEF763FA08BBB4
:10DE60000098FFF78EFE58BB0021009800F0C1FE1D
:10DE700030B3012824D0042822D0072820D0002144
:10DE8000009800F0B0FE68B900981430009000F0DF
:10DE900092FE4844A04204DB009800F08CFE00EBA8
:10DEA000090424B2761CBE42D0D35C4506D004EBF4
:10DEB0000A0000B2584501D0A84200DC2846DFE63F
:10DEC0000098B0F91810B8F91400091A481CA042BB
:10DED000E7DB4C1CE5E770B50446002100F09BFE33
:10DEE00005460021204600F09CFE06460021204603
:10DEF00000F09DFE02462046FFF708FE401B801BF7
:10DF0000514200EB410000B270BD2DE9F04F0446D4
:10DF1000408C87B0410501D580057DD4204603F0B3
:10DF200042F85FEA000877D0204600F04AFF0190EF
:10DF3000608C002640054FF4FA6B42F2D17A03D58B
:10DF40002046FFF7E3FD65E00021204600F039FEA2
:10DF50000546504501D1012600E00026C5F34130B9
:10DF600001280DD125F4C040584509DC012008E006
:10DF70000100060044CF030801E0FFFF0100040098
:10DF8000002081464046FFF7A6FF074626B12046FF
:10DF9000FFF7DDFE05462BE0B9F1000F28D0B8F8F9
:10DFA0002200400518D40021404600F00AFE5045EA
:10DFB00012D10021204600F03AFE054600212046FD
:10DFC00000F029FE00EB05090021204600F029FEA3
:10DFD000411901EB09000AE025F4C040B0F57A7F51
:10DFE00001DDC0F57A707843642190FBF1F005B251
:10DFF00020460021022201F0E7FE0FFA80F92046B8
:10E000000021032201F0E0FE02B23B4649462846C9
:10E01000FFF75DFE074600E074E0204600F07DFE5D
:10E020000090608C4FF00009800503D52046FFF773
:10E0300067FD53E00021204600F0C9FDA0F51C510A
:10E040000546D13906D000208146C5F3413001286C
:10E0500002D007E00120F7E725F4C040584501DC75
:10E06000012000E0002083464046FFF716FE82466E
:10E07000B9F1000F04D02046FFF7A2FD05461BE0D2
:10E08000BBF1000F18D0B8F82200800507D400219A
:10E09000404600F09CFDA0F51C51D13936D025F446
:10E0A000C040B0F57A7F01DDC0F57A7000FB0AF060
:10E0B000642190FBF1F005B220460021052201F019
:10E0C00083FE0FFA80FB20460021062201F07CFE31
:10E0D00002B2534659462846FFF71EFD054656EA4A
:10E0E000090605D0DDE900210023204601F09EF855
:10E0F0002046FFF70BFDB8421BD12046FFF700FD7D
:10E10000A84216D1002007B0BDE8F08F00212046BC
:10E1100000F08DFD05460021204600F070FD00EB6B
:10E12000050B0021204600F070FD411901EB0B00AA
:10E13000C1E72046FFF78DFC02A92046FFF7ACFCA3
:10E1400004A94046FFF7AEFC002204A902A817F07C
:10E1500028FB060002D1404601F02CFDE08A6D1E2E
:10E16000284460830021204600F06DFD01281CD06A
:10E17000A08A7F1E3844208302AA29212046FBF76B
:10E1800036FE224622214046FBF731FE2046FFF7AD
:10E1900060FC0021204601F02EFD002204A904F1BC
:10E1A000140017F0FEFA36B904E0208BC01B401CA7
:10E1B000A082E1E710B1404601F0FCFC2046FFF7E9
:10E1C000DCF901209FE738B50C46054600236A4676
:10E1D000042102F004F9012807D0002804D100220C
:10E1E0002146284602F0EDFC38BD0098A042F6D149
:10E1F00038BD38B50C46054600236A46012102F0B9
:10E20000EEF8012807D0002804D100222146284634
:10E2100002F0C8FC38BD0098A042F6D138BD70B5F8
:10E2200015460446FFF7E5FF29462046BDE8704045
:10E23000C9E72DE9F0410E460746002100F0EBFC4E
:10E2400005460021384600F0ECFC04460021384623
:10E2500000F0EDFC7119214401EB400001B2384699
:10E26000BDE8F041C5E72DE9F0410E460746002123
:10E2700000F0C5FC05460021384600F0C6FC044607
:10E280000021384600F0D3FC7119214401EB400015
:10E2900001B23846BDE8F04195E710B5418C41F038
:10E2A0000101418402F09EFE418C41F00201418453
:10E2B00002F0A0FE4068002803D0BDE8104019F02D
:10E2C0008BBE10BD10B5044689B2002202F04AFE92
:10E2D0002046BDE81040E0E72DE9F0479946174693
:10E2E0008846824602F05AFE0646002523E000BF1B
:10E2F000DAF80800B9F1000F006850F8254005D0A1
:10E300004FF480212046FEF706F898B9A18A002331
:10E3100001EB0800A082E08A3A463844E082218B73
:10E3200001EB08002083608B41463844608320461F
:10E33000FFF7D2FF6D1CB542DAD3BDE8F0872DE9B7
:10E34000FF47456816460F4604469DB30021284600
:10E3500000F061FC80460021284600F050FC814618
:10E360004FF480212046FDF7D6FF48B1A98A07EB7C
:10E370000800084407B2E98A06EB0900084410E0E7
:10E38000284600F0BCFCAA8A02EB0801081A3844AF
:10E3900007B2284600F0BAFCEA8A02EB0901081A23
:10E3A000304406B20021284600F041FC39183044C0
:10E3B0000FB206B2A08A381A07B2E08A301A06B243
:10E3C0000FB9002E40D02046FFF743FB02A920469C
:10E3D000FFF762FB4FF0000875B169462846FFF76A
:10E3E00061FB0022694602A817F0DBF95FEA00082A
:10E3F00002D1284601F0DEFBA08A32463844A082D2
:10E40000E08A39463044E082208B00233844208360
:10E41000608B304460832046FFF75EFF8DB122465B
:10E4200022212846FBF7E3FC2046FFF712FB0022DF
:10E43000694604F1140017F0B4F9B8F1000F07D1E0
:10E4400004E02046FFF705FBBDE8FF870028FBD06E
:10E45000284601F0AFFBF7E72DE9F14F82B00298B3
:10E46000FFF78FFB00287CD1029802F09CFD009002
:10E470000021029800F0B1FB82460021029800F0D2
:10E48000B2FB0746009868B1FFF725FD814600986A
:10E49000FFF703FC0546CAF341304FF0640B012837
:10E4A00003D012E03A46514692E02AF4C040B0F55B
:10E4B000FA6F0ADCB0F57A7F01DDC0F57A7000FBF7
:10E4C00009F090FBFBF00FFA80FAC7F34130012806
:10E4D0000DD127F4C040B0F5FA6F08DCB0F57A7FB3
:10E4E00001DDC0F57A70684390FBFBF007B20021B4
:10E4F0006A22029801F068FC06B200216B220298A1
:10E5000001F062FC02B20298FFF700FB804602981D
:10E51000FFF7F6FA0446C6F3413001280ED126F47F
:10E52000C040B0F5FA6F09DCB0F57A7F01DDC0F5C7
:10E530007A7000FB08F090FBFBF006B2C2F34130AA
:10E5400001280DD122F4C040B0F5FA6F08DCB0F517
:10E550007A7F01DDC0F57A70604390FBFBF002B278
:10E5600000E054E00AEB060006B2B81807B200213A
:10E57000029800F03EFB50B1012827D0801E0828E9
:10E5800024D2DFE800F00B13202A3218373A00219A
:10E59000009800F058FB012808D017E009EBD9716A
:10E5A000491008EBD870A1EB600001E0A9EB08006E
:10E5B000304406B20AE005EBD570401004EBD4718C
:10E5C000A0EB610000E0281B384407B23A46314610
:10E5D000029803B0BDE8F04FB1E609EBD9714910DC
:10E5E00008EBD870A1EB600001E0A9EB0800304413
:10E5F00006B2E8E7A9EB080006E009EBD97149107B
:10E6000008EBD870A1EB6000304406B2D3E7BDE858
:10E61000FE8F70B5054602F0C1FC0646002406E0F8
:10E62000A868006850F82400FFF7F3FF641CB442A8
:10E63000F6D3688CC1071ED020F0010068842846FC
:10E64000FFF763FC2846FFF707FF002E13D00021D9
:10E65000284600F0F2FA00280DD0FE4949688842A9
:10E6600009D8FD49096801EBC00050E9022128469C
:10E67000BDE87040104770BD70B5F64D297800298F
:10E6800011D10121297002F0ADFC044606E000BF63
:10E6900020F0020060842046FFF7BBFF608C8107FA
:10E6A000F6D40020287070BD2DE9F041E94C0746F2
:10E6B000E94D60680E46401CC1006060286818F093
:10E6C0006DFA286038B1616800EBC10040E902765C
:10E6D0000846BDE8F081FEE7002202F08BBA70B573
:10E6E00016461D460446002202F084FA2A463146A8
:10E6F0002046BDE87040FEF7F7BF2DE9FF4F81B01F
:10E70000934688460198FFF7B7FFB8F1000F03D191
:10E71000019802F048FC804600242546019802F04A
:10E7200042FC8146002100F082FA0646002148465C
:10E7300000F071FA30440FFA80FA0021484600F0E8
:10E740005EFA304400B200900021404600F06FFABB
:10E7500006460021404600F05EFA304407B2002130
:10E76000404600F04CFA304406B2BBF1000F0FD027
:10E77000BBF1160F34D2DFE80BF0D51123343F4440
:10E7800054676913828796A0A5B5BFC5CBD1FEFD9E
:10E790000021404600F057FA012822D03C461EE0F6
:10E7A0004046FFF798FB02460198FFF7AFF9014694
:10E7B00002EBD270401001EBD171A0EB61004DE093
:10E7C0004046FFF788FB02460198FFF79FF902EBEE
:10E7D000D271491000EBD070A1EB600009E0354622
:10E7E000A0E04046FFF777FB02460198FFF78EF95D
:10E7F000101A384404B2F2E73C461CE0304405B23B
:10E8000090E04046FFF767FB02460198FFF77EF96C
:10E81000014602EBD270401001EBD171A0EB610018
:10E8200007E04046FFF757FB02460198FFF76EF9F5
:10E83000101A384404B24046FFF72FFA02460198F6
:10E84000FFF75EF9101AD9E73C4609E04046FFF7AA
:10E8500042FB02460198FFF759F9101A384404B2F6
:10E860004046FFF71AFA02460198FFF749F902EB12
:10E87000D271491000EBD070A1EB6000BEE70198A7
:10E88000FFF73EF94042BAE74046FFF73FF902463C
:10E890000198FFF73BF902EBD271491000EBD07001
:10E8A000A1EB600007E04046FFF730F9024601980F
:10E8B000FFF72CF9101A04B2E1E74046FFF720F900
:10E8C00005462FE04046FFF721F902460198FFF781
:10E8D0001DF9014602EBD270401001EBD171A0EBA3
:10E8E000610007E04046FFF711F902460198FFF783
:10E8F0000DF9101A04B2E0E70198FFF707F940425A
:10E9000004B20FE00198FFF701F9404204B242E07F
:10E910000198FFF7FBF8404204B24FE04046FFF792
:10E92000F5F804460021484600F08DF901284846D4
:10E930004DD000F046FA00BFB8F8142004990A44FC
:10E94000B9F81410511A0144A1EB0A00204404B292
:10E95000484600F0E2F9B8F816200E990A44B9F8D2
:10E960001610511A014400980022081A284405B2D2
:10E97000012101E01EE00AE0019802F03BF9019854
:10E9800005B02A462146BDE8F04FFEF7ADBE404631
:10E99000FFF7BCF804464046FFF7B2F8024601987C
:10E9A000FFF7AEF802EBD271491000EBD070A1EB8B
:10E9B000600024E74046FFF7A9F804464046FFF709
:10E9C0009FF802460198FFF79BF8101A17E700F02E
:10E9D00054FAB1E770B5054602F0E5FA040012D02A
:10E9E000A88AA18A451A204600F089F90544002129
:10E9F000204600F010F92D1A0021204600F017F9EA
:10EA0000281A00B270BDB5F9140070BD10B50446E7
:10EA1000FFF7E0FF02462046FFF778F8104400B207
:10EA200010BD70B5054602F0BEFA040016D0E88AA3
:10EA3000E18A451A204600F069F905440021204684
:10EA400000F0DDF82D1A0021204600F0F0F8281A19
:10EA500000B270BD1001002078020020B5F9160048
:10EA6000F7E710B50446FFF7DCFF02462046FFF744
:10EA700047F8104400B210BD002100F0AEB80021EC
:10EA800000F0B1B870B50546002100F09AF80446D0
:10EA90000021284600F09BF842F2D1718C4203D04D
:10EAA000884201D00020D4E72846FFF7F6FB01207A
:10EAB000CFE77CB50546FEF75AFD044605F1140183
:10EAC000684600F06FF8BDF800006946001BADF81D
:10EAD0000000BDF80200001BADF80200BDF8040004
:10EAE0002044ADF80400BDF806002044ADF806004F
:10EAF0002846FEF71AFF7CBD70B50D460446FDF7AB
:10EB000022FCA0688582A4E770B50C46054600F19A
:10EB10001401204600F046F8A868002899D0218802
:10EB2000808A081A2080A968A088898A0844A08061
:10EB3000A9686088898A401A6080A968E088898A03
:10EB40000844E08085E77FB50D4606460221FDF7C3
:10EB5000E2FB002820D080213046FDF7EAFBE8B92F
:10EB600002A93046FFF7D0FF0022294602A816F07E
:10EB700069FD040012D04FF480313046FDF7CBFB25
:10EB800070B101208DF8040000956A4611213046CD
:10EB9000FBF72DF99DF8040004B05AE70020FBE7CD
:10EBA0002046F9E70A8802804A8842808A88828063
:10EBB000C988C180704781880088081A401C00B24B
:10EBC000704710B5012201F0FFF800B210BD10B57A
:10EBD000042201F0F9F800B210BD10B5072201F0CF
:10EBE000F3F800B210BD10B5082201F0EDF800B244
:10EBF00010BD10B5092201F0E7F8C0B210BD10B584
:10EC0000102201F0E1F800B210BD10B5112201F0A0
:10EC1000DBF800B210BD10B5122201F0D5F800B239
:10EC200010BD10B5132201F0CFF800B210BD10B521
:10EC3000322201F0C9F800B210BD10B50A2201F06D
:10EC4000C3F880B210BD10B5162201F0BDF8C0B2F5
:10EC500010BD000070B50C460546FDF774FBA868B2
:10EC6000017E01F00302A24207D064F301010176A4
:10EC70002846BDE87040FEF7ECBE70BD70B50C468E
:10EC80000546FDF760FBA868417E01F00F01A14237
:10EC900000D0447670BD70B50C460546FDF753FBB9
:10ECA000A868017E64F38301017670BD70B50C46DF
:10ECB0000546FDF748FBA868017E64F3051101765F
:10ECC00070BD806818B1007E00F00300704703201B
:10ECD0007047806818B1407E00F00F0070470F2029
:10ECE00070478068002802D0007EC0F38100704722
:10ECF0008068002802D0007EC0F301107047806851
:10ED0000002802D0008A404200B270478068002884
:10ED100002D0408A404200B270478068002802D08A
:10ED2000408A404200B270472DE9F047DFF8E484A2
:10ED30000646444602F032F907460025DFF8D8A41B
:10ED40000EE0B0685146006850F825008146FDF796
:10ED5000E9FA20B9B9F91A00A04200DB04466D1C9B
:10ED6000BD42EED30021304600F08EFF81460021E7
:10ED7000304600F08FFF07460021304600F09CFF30
:10ED80000546444504D0708BC01B401B201A04B2BA
:10ED90003046FEF70AFF80463046FEF7B1FEA0EB94
:10EDA0000900C01B694200EB4101A8EB010130469C
:10EDB000FFF7ACFF081A00B2844200DD2046BDE830
:10EDC000F0872DE9F84F0646002100F07BFF01286F
:10EDD00007D0B068002802D0008A404200B2BDE8E7
:10EDE000F88F0021304600F061FF0090002130468E
:10EDF00000F056FF81460021304600F05DFF80465E
:10EE000041F6FF7A5446304602F0C8F8074600251E
:10EE10000EE0B068006850F825008346FE49FDF713
:10EE200081FA20B9BBF91400A04200DC04466D1C35
:10EE3000BD42EED3544506D0B28A09EB0800104417
:10EE4000001B04B200E0F34C3046FEF775FF0546A8
:10EE50003046FEF75BFE0099411AA1EB0901C8F1AB
:10EE6000000001EB4000291A3046FFF748FF084434
:10EE700000B28442B3DD2046B1E72DE9F0470646F3
:10EE8000002100F01FFF01280AD0DFF888833046F8
:10EE9000444602F083F807460025DFF87CA314E01F
:10EEA000B06800288BD0B0F9100088E7B0685146F0
:10EEB000006850F825008146FDF734FA20B9B9F909
:10EEC0001800A04200DB04466D1CBD42EED30021B9
:10EED000304600F0EBFE07460021304600F0E0FE31
:10EEE00081460021304600F0E7FE0546444504D047
:10EEF000308BC01B401B201A04B23046FEF71CFFAB
:10EF000080463046FEF702FEC11BA1EB09006942B4
:10EF100000EB4101A8EB01013046FFF7F0FE081AB3
:10EF200000B28442C1DD204649E770B51646054669
:10EF30000C4651EA06001AD02846FDF704FAA868E4
:10EF400001233246018A21440182A868418A314462
:10EF5000418221462846FFF7BFF900220B212846AF
:10EF6000FAF745FF012803D12846FEF772FD01207C
:10EF700070BD10B50346FFF7C9FE084402B2BDE8F4
:10EF8000104000211846D0E710B50346FFF7B7FE42
:10EF9000084401B2BDE8104000221846C5E770B52C
:10EFA0000C4605469D4916F046F910B1806A40426C
:10EFB00002E02846FFF7A3FE20809949284616F074
:10EFC0003AF910B1806A404202E02846FFF79EFEFF
:10EFD000608070BD002200680A21FAF708BF2DE9A1
:10EFE000F0411646074692B00D4651EA06007AD027
:10EFF000012B1DD08A49384616F08DF887493846CE
:10F0000016F089F8002209213846FAF7F0FE0128A7
:10F0100069D1324629463846FFF787FF012862D179
:10F0200012B03846BDE8F04100220A21FAF7DFBEEF
:10F03000384601F0DFFF8046684616F053F87948FD
:10F040004FF4C874009703902DB3404615F03FFC71
:10F0500040102A46002116F016F9C82801D2C8200F
:10F0600002E0A04200D920460B903846FFF747FE49
:10F070004142281A0891CDE90910684801906A4870
:10F0800007906A4609213846FAF7B1FE01282AD1CD
:10F09000684616F06DF8002E25D0404615F004FCA9
:10F0A00040103246002116F0EEF8C82801D2C820E0
:10F0B00002E0A04200D920460B903846FFF726FE1A
:10F0C0004142301A0891CDE909105548019056483F
:10F0D00007906A4609213846FAF789FE012802D1CD
:10F0E000684616F045F812B0BDE8F0812DE9F0470A
:10F0F0001546824699460C4651EA050064D05046B2
:10F10000FFF7BAFA5046FFF7FAFD40420FFA80F8CF
:10F1100008EB040004B20021504600F0D3FD0128A2
:10F1200013D0002C13DC25DA5046FFF74AFE0646C2
:10F130005046FFF7A2FE304400B2002800DA00205B
:10F140004042844216DA04B214E0002C02DA4FF096
:10F1500000040FE00EDD5046FFF733FE0646504632
:10F16000FFF78BFE304400B2002800DA0020844212
:10F1700000DD04465046FFF7C9FD404206B2701953
:10F1800005B2002D02DD4FF0000510E00FDA504609
:10F19000FFF7C3FD07465046FFF7C6FD384400B2EF
:10F1A000002800DA00204042854200DA05B2A4EBD4
:10F1B000080001B2A81B02B251EA020004D04B467B
:10F1C0005046BDE8F0470AE7F9E570B50D4614462C
:10F1D0000646134915F09FFF3046FFF797FD401B89
:10F1E00002B223463046BDE8704000217EE770B58C
:10F1F0000D4614460646094915F08DFF3046FFF7C7
:10F200007EFD401B01B223463046BDE8704000221F
:10F210006CE7000001E0FFFF0100040089EF000837
:10F2200073EF0008D5EF0008D552020870B51646F6
:10F230001D4604461A46FFF7DAFF2A4631462046A5
:10F24000BDE87040C1E72DE9FF4F85B090460C4600
:10F25000084601F0A8FE06461021FDF75CF80028DC
:10F260006FD03046FFF735FD834600253046FFF767
:10F270003FFD1434CDE9024000B9059C0021304621
:10F2800000F01AFD82460021304600F0FDFC50449B
:10F2900007B20021304600F0FDFC504400B201905E
:10F2A000F08A61883844421AB8F80210501A0FFAEE
:10F2B00080F9728B0198101AE288801A081A00B23D
:10F2C00000903046FEF71CFCC11B0198081A00B2E2
:10F2D0000490B9F1000F0CDB0098002814DAB9F1A2
:10F2E000000006DD05463046FFF717FD401B0AD437
:10F2F0000AE00098002807DD404205B23046FFF7DB
:10F3000013FDE84200D500250398012804D0022807
:10F3100007D003280DD115E0F08A618838442944CC
:10F3200021E0718B0198091AE0882844081A2844C2
:10F3300005B200243046FFF7D4FC0090A8B1029F2C
:10F3400014E0BCE00498F18A00EBD07007EB600099
:10F350000844E2886188521A521C12B202EBD2723F
:10F3600005EB62021144401AE1E7059F0021304697
:10F3700000F096FC50440FFA80F90021304600F06E
:10F3800095FC5044B18A0FFA80FA01EB09003988E4
:10F39000338B421AB8F80010501AA3EB0A02BB884C
:10F3A00000B2D21A891A09B200280ADB002912DA3F
:10F3B000002806DD04463046FFF703FD001B09D494
:10F3C00009E0002907DD484204B23046FFF755FD49
:10F3D000E04200D500243046FEF798FBA0EB09017F
:10F3E000A1EB0A00009900B2012904D0022907D03C
:10F3F00003290DD122E0B18A01EB0900398803E02D
:10F40000318BA1EB0A00B9882144401A204404B290
:10F41000F749304615F07FFE0746F649304615F0AD
:10F420007AFE384306D000220A213046FAF7DFFC84
:10F43000012844D15FEACB7011D013E000EBD07209
:10F44000B18A09EB62000844B9883A88891A491CD4
:10F4500009B201EBD17104EB61011144D5E7002C35
:10F4600000DA00245FEA8B7002D4002C00DD002457
:10F470005FEA4B7002D4002D00DA00255FEA0B70C2
:10F4800002D4002D00DD00250898B8F900100028EE
:10F4900000D020460844A8F80000B8F9021002D1B4
:10F4A0004FF0000000E028460844A8F80200089B3E
:10F4B00009B02A4621463046BDE8F04F8FE509B035
:10F4C000BDE8F08F38B50D460446FFF7D5F80020AB
:10F4D00000902B466A46214604F11400FFF7B3FE64
:10F4E00038BDF8B50E460446FFF7C6F80020009078
:10F4F000204601F058FD054604F114070AE03346A2
:10F500006A4621463846FFF79EFE2C46204601F00B
:10F510004AFD0546002DF2D1F8BD70B50546002024
:10F5200007E000BFFBF786FFA84201D1012070BDB4
:10F53000204615F00DFD0400F4D170BD38B50C4621
:10F540000546FFF799F869462846FCF724FDBDF902
:10F550000220BDF9001023462846FFF740FD38BDC4
:10F560002DE9F04F91B016460C464FF0FF37054697
:10F5700000223B4611462046009715F0ADFF0022C1
:10F580003B4611463046009715F0A6FF102128464D
:10F59000FCF7C1FE002816D02846FFF792FB0700B3
:10F5A00011D0002015F0D4FC8046022F08D00FE0C7
:10F5B000FBF740FFA84208D0404615F0C9FC804642
:10F5C000B8F1000FF4D111B07AE7B8F1000FFAD01A
:10F5D0002846FFF7A2FB05902846FFF7A5FB0C90F5
:10F5E0002846FFF7EEFB0A902846FFF746FC0890F6
:10F5F0002846FFF76EFB8146002019F00C0F0090A3
:10F6000014D0012F10D0032F02D0022F07D00DE00D
:10F610000598002808DC0C98002805DC06E0404628
:10F62000FBF7F9FE0C2801D1012000900020099081
:10F630005FEA897014D0012F10D0032F02D0022F5F
:10F6400007D00DE00A98002808DC0898002805DC9F
:10F6500006E04046FBF7DFFE032801D101200990B8
:10F66000009909980843AED04FF4803739462846B0
:10F6700000F028FB012800D000200E9039462846D3
:10F6800000F002FB06903946284600F003FB0F907D
:10F690003946284600F004FB80463946284600F0EB
:10F6A00005FB814628460122394600F08DFB0FFA02
:10F6B00080FB2846FEF724FA04902846FEF726FA37
:10F6C0000390009800B158468246099800B1584608
:10F6D000109028463946212200F076FBC0B202285D
:10F6E00008D228463946312200F06EFBC0B202280B
:10F6F000FFF469AFDDE9040101440C98A027084438
:10F7000000B20B900098002870D00B980028FBD016
:10F71000E88A7080688BF0800E9840B1A98A01EB6E
:10F7200008003080ABF101010844B08007E0298B6C
:10F73000A1EB0900B080A0EB0B00401C30800699C3
:10F740000498411A0F98091A1098081A0499009001
:10F7500048430B9990FBF1F000B20590002015F0A2
:10F76000FDF900EB8001502000EB4100B0F5A07FD7
:10F770000ADB002015F0F2F900EB8001502000EBCD
:10F78000410090FBF7F000E001200599884201DA82
:10F79000084616E0002015F0E1F900EB800150204A
:10F7A00000EB4100B0F5A07F0ADB002015F0D6F990
:10F7B00000EB8001502000EB410090FBF7F000E0EF
:10F7C0000120009900B2091A0AB2049B0B99C91AC8
:10F7D00009B2002910DCE98A069808447080698B18
:10F7E0000F98091A1098081A401EF08095E0000042
:10F7F00073EF000889EF00080C9B12FB03F393FBE7
:10F80000F1F1511A069AEB8A1144194409B2401ECB
:10F8100071800844F080B5F91620069810448142A2
:10F8200038DA7080002015F099F900EB8001502043
:10F8300000EB4100B0F5A07F0ADB002015F08EF947
:10F8400000EB8001502000EB410090FBF7F000E05E
:10F850000120B6F902100844B6F90610884219DDF5
:10F86000002015F07BF900EB8001502000EB4100F7
:10F87000B0F5A07F0ADB002015F070F900EB8001E5
:10F88000502000EB410090FBF7F000E00120718870
:10F890000844F080B5F91A201098B6F90610121A2B
:10F8A0000F98101A814238DDF080002015F056F9CB
:10F8B00000EB8001502000EB4100B0F5A07F0ADB97
:10F8C000002015F04BF900EB8001502000EB4100C7
:10F8D00090FBF7F000E00120B6F90610081AB6F91F
:10F8E0000210884219DA002015F038F900EB800187
:10F8F000502000EB4100B0F5A07F0ADB002015F09E
:10F900002DF900EB8001502000EB410090FBF7F057
:10F9100000E00120F188081A70800A9903980144D8
:10F920000898084400B20490099800283FF44BAEB0
:10F9300004980028FAD0698B0F98081AE080A0EB91
:10F940000B00401C6080A88A2080288BA08003992F
:10F95000A1EB0801A1EB0901A1EB0A0003990090BA
:10F960004843049990FBF1F000B20290002015F09A
:10F97000F5F800EB8000502606EB40004FF4A07B2A
:10F98000584509DB002015F0E9F800EB800006EB94
:10F99000400090FBF7F000E001200299884201DA74
:10F9A000084613E0002015F0D9F800EB800006EBC4
:10F9B0004000584509DB002015F0D0F800EB80002E
:10F9C00006EB400090FBF7F000E00120009900B248
:10F9D000091A0AB2DDE90331C91A09B2002916DC95
:10F9E000A98A0E9840B14144AAF101000844208040
:10F9F000298BA1EB090008E001EB08002080298B8E
:10FA0000A1EB0901A1EB0A00401EA080DBE5089BE9
:10FA100012FB03F393FBF1F1511A0E9A09B2EAB308
:10FA2000AA8A401E531808EB0A02991809B22180CD
:10FA30000844A080B5F914001044884233DD2080CA
:10FA4000002015F08BF800EB800006EB40005845D5
:10FA500009DB002015F082F800EB800006EB400087
:10FA600090FBF7F000E00120B4F900100844B4F96D
:10FA70000410884217DD002015F070F800EB8000BC
:10FA800006EB400058450ADB002015F067F800EB54
:10FA9000800006EB400090FBF7F001E039E0012028
:10FAA00021880844A080B4F90410B5F9182077E043
:10FAB000A080002015F052F800EB800006EB40001B
:10FAC0005D46A84272DB002015F048F800EB80008C
:10FAD00006EB400090FBF7F0B4F90410081AB4F9F3
:10FAE0000010884292DA002015F038F800EB800010
:10FAF00006EB4000A8425BDB002015F02FF800EB7E
:10FB0000800006EB400090FBF7F0A188081A2080E7
:10FB100059E5AB8A4144194409B2401E218008448A
:10FB2000A080B5F9142002EB0800814232DA20806F
:10FB3000002015F013F800EB800006EB400058455C
:10FB400009DB002015F00AF800EB800006EB40000E
:10FB500090FBF7F000E00120B4F900100844B4F97C
:10FB60000410884216DD002014F0F8FF00EB80003E
:10FB700006EB4000584509DB002014F0EFFF00EBD6
:10FB8000800006EB400090FBF7F000E001202188A8
:10FB90000844A080B5F91820B4F90410A2EB0A02B9
:10FBA000A2EB0900814283DC0DE5FFE7012093E72A
:10FBB0000120AAE71FB5044602AA6946FFF7D0FC58
:10FBC000684615F0B1FC20B902A815F0ADFC00287C
:10FBD00010D0684615F0A8FC18B169462046FDF71C
:10FBE0001EFF02A815F0A0FC002803D002A92046A1
:10FBF000FDF715FF1FBD2DE9F0410D460646FFF745
:10FC000077F8A0B93046FFF788F804463046FFF78A
:10FC10008BF800280BDA002C09DD4042844200DB1F
:10FC2000044622B22B4600213046FFF7D8F9304671
:10FC3000FFF757F8002825D13046FFF7C2F80446F1
:10FC40003046FFF71AF907460021304600F03AF82F
:10FC500001280BD0002F15DA002C13DD78428442E6
:10FC600000DB044621B22B46002206E0002C09DA14
:10FC7000002F07DD2B46002221463046BDE8F0412B
:10FC8000FFF7ADB9BDE8F08110B5102200F09CF887
:10FC900000B210BD10B5112200F096F800B210BDF0
:10FCA00010B5122200F090F800B210BD10B513226A
:10FCB00000F08AF800B210BD10B5322200F084F8CE
:10FCC00000B210BD10B5162200F07EF8C0B210BD13
:10FCD0002DE9FF4F83B005461F46059817F0F9FD43
:10FCE000014601208840B5F8209000F0FF086FEA37
:10FCF000090080B2019095F822004FF0FF36C0F362
:10FD0000800A00244FF0040B1FE0E96801EBC400F7
:10FD10004268920140D5BAF1000F15D10BEBC40235
:10FD20008958049AC1F30741090491420CD1006833
:10FD3000817911EA080F07D06A46059917F052FE3B
:10FD4000012830D0022831D0641C688CC0F3C50073
:10FD5000A042DAD820E0E96851F83400827912EA4A
:10FD6000080F18D00BEBC4028A58C2F307411FFAE0
:10FD700082FA049A090491420DD1019A1AEA020FFB
:10FD800009D1B24507DD6A46059917F02BFE012817
:10FD90000FD002280AD0641C688CC0F3C500A042B2
:10FDA000D9D8002E0EDB00983860012007B0BDE8DE
:10FDB000F08F5046CA45F6D05645ECDA0646009814
:10FDC0003860E8E70020F1E72DE9F8438846064669
:10FDD00014460121104600F0CBFE0746002515E031
:10FDE0006B46224641463046FFF772FF0546012822
:10FDF00027D07FB1022D05D0B8F1000F02D04FF00F
:10FE0000000803E0304601F0CEF80646002EE7D1A8
:10FE1000012D16D0B8F1000F03D1012C05D0042C10
:10FE200003D0204617F048FC0AE031680FE0012CAF
:10FE30000AD0C88A50B161B1012C0CD0B1F91600BA
:10FE400000900098BDE8F883888AF3E709680029E4
:10FE5000EDD10020F4E7B1F91400F1E71421F848DE
:10FE600016F01ABC2DE9F041074601F097F8054657
:10FE7000002412E0B868006850F824603046FDF7AE
:10FE8000E8FD00222A213046F9F7B1FF3046FDF7A0
:10FE9000E0FD3046FFF7E6FF641CAC42EAD3BDE864
:10FEA000F0812DE9F84F0446E64890460D4600786B
:10FEB000002875D02046FDF7CCFD05F47F05042110
:10FEC000404600F055FE06460221404600F050FE36
:10FED00081460121404600F04BFE00901021404633
:10FEE00000F046FE07464FF6FF7BEEB1B5F5702FEA
:10FEF00012D08DB1204600210422FFF765FF00B229
:10FF000042F2D17A504507D0204600210122FFF766
:10FF10005BFF00B250454AD100222A212046F9F762
:10FF200066FF2046FEF7B9F94FF4702A554500D018
:10FF3000ADBBD84500D02EB1204601F034F808B151
:10FF4000FEF7ABF9554500D04DBB47B32046002125
:10FF50006D22FFF739FF00B240B9204600216C2224
:10FF6000FFF732FF00B2B0F5807F01D0022710E02A
:10FF70000021204600F004FEFF2807D12046002182
:10FF80006722FFF721FF10F0FF0F01D0012700E0EB
:10FF90000027A06828B1817E67F38711817606E08B
:10FFA0001FE027B12046FCF7CEF9A068F3E75F46D3
:10FFB000B84502D0B9F1000F02D02046FDF7DDFAB6
:10FFC0002046FDF746FDB84504D0009949EA0600F1
:10FFD000084206D0B5F5803F03D02046BDE8F84F73
:10FFE00040E7BDE8F88F2DE9FF5F07469A460E46C9
:10FFF0000025934816F0D0FB04464FF470284FF0CC
:020000040801F1
:1000000004093DE054453DD021468D4816F06AFB79
:1000100083462068B84232D1A068B04201D046453C
:100020002DD1A1880298814203D0A0F57F41FF39EC
:1000300025D1002512E000BFF86809EBC501415841
:100040008A010AD5464503D021F07F41B14204D14F
:1000500050F83500A18817F0DCFB6D1C788CC0F3DC
:10006000C500A842E8D80021204615F054F82146E2
:10007000734816F095FB204616F07DFD01255C4681
:10008000002CBFD104B02846BDE8F09F2DE9F04711
:10009000174688464FF6FF79044600234A463946FC
:1000A000FFF7A1FF618C00250426C1F3C502E068BB
:1000B00009E000BF06EBC503C3585FEA831C01D407
:1000C000DB0102D56D1CAA42F4D84FF0806202EB2E
:1000D00071214FEAF1516184C1F3C501C90016F0E5
:1000E0005DFDE060608C6FF00702C0F3C50009E0C1
:1000F000E16802EBC00C01EBC0036144D1E900C12F
:10010000C3E900C1401EA842F2D8E068082100EB14
:10011000C50016F0D7FEE16841F83580E06806EBCF
:10012000C501425867F3170242504A4639462046F5
:10013000BDE8F047B5E62DE9F05F4FF6FF7A0F0016
:1001400005461FFA82F802F47F09564602D0F87974
:1001500000B900260024214659E0EA68042000EB9B
:10016000C40B964652F80B00C0F307424FEA024C0C
:10017000524683B2904501D0434509D1B9F5702F5D
:1001800001D0CC4504D12FB15EF83430BB4201D050
:10019000641C3CE0800104D5002349462846FFF753
:1001A00022FFE86850F80B10CA0101D489010CD570
:1001B00050F8340017F0E6FAE86850F8340016F00A
:1001C000DAFCE968002041F83400204608220AE001
:1001D000E96802EBC00C01EBC0036144401CD1E9AB
:1001E00000C1C3E900C1698CC1F3C501491E814248
:1001F000EED8688CC108491E61F3C8006884C0F35A
:10020000C500C100E86816F0C9FC0121E860688CEF
:10021000C0F3C500A042A0D8002907D0002E05D009
:10022000324649462846BDE8F05F3AE62CE72DE91C
:10023000F0410C46498C06460020C1F3C50112E08E
:1002400080FB00201801002026B1E26852F830201F
:10025000B24207D14FF6FF724FF470212046FFF7EC
:1002600020FE02E0401C8142EED8204600F096FEBF
:100270000746002507E0A068006850F825103046C2
:10028000FFF7D5FF6D1CBD42F5D308E670B50646F5
:10029000FE480078002812D000200CE0002506E07F
:1002A000E06850F825103046FFF7C1FF6D1C606A0A
:1002B000A842F5D8204614F068FC0400EED170BDC9
:1002C000F249087070472DE9F04105460F46698CE8
:1002D00000200426C1F3C503EA680DE006EBC00464
:1002E00014595FEAC41C06D524F07F44BC4202D1F5
:1002F00052F83000D3E5401C8342EFD84FF08060C5
:1003000000EB71204FEAF0506884C0F3C500C100D3
:10031000104616F043FCE860C8B3688CC0F3C5040F
:10032000641E17D06FF003025FEA4203E86802EB35
:10033000C40141585FEAC11C0CD489010AD403EB03
:10034000C40C00EBC4018444641EDCE9000CC1E968
:10035000000CEBD1E868082100EBC40016F0B2FDF8
:10036000082016F0F2FBE96841F8340017F007FAAC
:10037000EA6806EBC400115841F080711150EA6838
:1003800067F317011150E86850F8340087E5FFE77C
:10039000FEE72DE9F0410C4615461F460646194674
:1003A000FFF791FF2A46214617F013FB22463946F4
:1003B0003046BDE8F04174E52DE9F0410C461546A4
:1003C0001F4606461946FFF77EFF2A46214617F0CC
:1003D00004FB224639463046BDE8F04161E5F0B401
:1003E000468C00240425C6F3C50612E0C76805EB59
:1003F000C40C57F80C705FEAC71C09D527F07F477B
:100400009F4205D1C06850F83400F0BC17F0EABA3A
:10041000641CA642EAD80020F0BC7047F0B4448CBB
:1004200000230425C4F3C5040BE000BFC66805EB38
:10043000C307F659F70103D526F07F46964202D04E
:100440005B1C9C42F2D89C4201D10020E4E7C068CA
:1004500050F83300F0BC17F0DCB92DE9F041046826
:100460008B48A688256816F040F910E0A1420BD011
:1004700008682268904207D18868A268904203D138
:100480008888A288904236D0814816F081F9010010
:10049000ECD1698C00270420C1F3C50129E000BF1D
:1004A000EA6800EBC703D258930121D5A36822F074
:1004B0007F429A421CD12146754816F071F92046B8
:1004C00016F059FBE868314600EBC704206817F0C6
:1004D000A0F9E86850F8370017F09AFA00280AD017
:1004E0006068216820F07F422846BDE8F04122E69E
:1004F0007F1CB942D4D8D2E42DE9F04104460D4620
:10050000668C00200423C6F3C501E2680BE000BF3F
:1005100003EBC007D7595FEA871C03D527F07F4755
:10052000AF4202D0401C8142F2D8814202D002EB9D
:10053000C000B4E44FF0806000EB76204FEAF0504A
:100540006084C0F3C500C100104616F027FBE060D0
:10055000608CC0F3C500401E0DD06FF00702E1684B
:1005600002EBC00601EBC0030E44401ED6E90016A4
:10057000C3E90016F3D10821E06816F0A3FC0820B7
:1005800016F0E3FAE168086017F0F9F8E1684868E6
:1005900040F000704860E16865F317004860E0686B
:1005A0007DE470B50468A068A28800F47F06314637
:1005B0002068FFF709FCE060A5880020A0802346A2
:1005C0002A4631462068FFF70EFDA580A168206805
:1005D000FFF792FFA1880068E268BDE8704017F05D
:1005E000F8B92DE9FE43066804460025728C042004
:1005F000C2F3C5020CE000BFF36800EBC507DB598E
:100600009F0104D5A76823F07F43BB4204D06D1C33
:10061000AA42F1D8BDE8FE83A0888146472861D070
:100620000EDC342851D006DC20285BD0302859D08D
:10063000332811D149E0362854D044280CD151E058
:10064000612845D004DC55284CD0572804D13CE023
:1006500066283AD0672838D091B3FF2933D0D4E93F
:100660000302121A4A4300EB22200090F06801278F
:1006700001AA50F83500494617F0B4F988B1DDE910
:10068000001081420DD1BDF8002003E018010020C8
:1006900080FB0020BDF804309A4202D1814200D193
:1006A0000027F068A188009A50F8350017F091F9FA
:1006B000002FAFD0A288A1682068FFF7F2FBA9E75E
:1006C000FFE7E068D1E72069CFE7FF29FBDAF8E729
:1006D000E0680028F7D02269002AC6D08029C4DB50
:1006E0000092C3E7002901DCA08945E0FF2901DB76
:1006F000208A41E0A389C8B29FB2228AF90AC0F1D8
:10070000FF0311FB03F192B24FEAD22C1CFB001144
:10071000803101EBC11C0CEBC131C1F3C45CBDF8ED
:1007200008106CF3CF21C7F3451C1CFB03FCC2F37C
:10073000451818FB00CC0CF1800C0CEBCC1808EB26
:10074000CC3CCCF3C55C6CF34A1107F01F0717FBD8
:1007500003F302F01F0212FB0030803000EBC012E6
:1007600002EBC030C0F3C45060F30401ADF80810D0
:1007700088B20290BDF80800ADF8000076E72DE9D8
:10078000F047074692B0408C1A9E40F004007884EF
:1007900090463A8499468A4632893846FFF714FBD8
:1007A0000546A7F82090328951463846FFF70CFBE2
:1007B0000446788CA54220F00400788403D12904F3
:1007C000B1EB044F68D0A7F82080328951463846F3
:1007D000FFF7FAFA05468046A7F8209051463846BA
:1007E000FFF78AFE318900682A4617F0F2F830894F
:1007F0000B2823D147F6FF794D4501D04C451DD13B
:100800003846FDF783F900EBD07045103846FDF708
:1008100077F900EBD0704010C84506D1691C431C25
:10082000994200DA00E0194688464C4506D1691C19
:10083000421C914201DA6C1C00E01446D34815F0CA
:1008400033FF05002BD02F60C5E903843089A880D1
:100850006846C5F808A014F045FCCD48FF21CDE955
:100860000050CC480290CC48039000200890CDE97D
:10087000090130880B9070889DF8421040420C901E
:10088000F0680790002060F300018DF84210306995
:100890000690684614F06CFC12B0BDE8F087FEE7E5
:1008A00077B581B00E46050017D06122FFF78CFAAC
:1008B000040012D0206880B1284631466222FFF73A
:1008C00083FA10F0FF0208D0236820460399984766
:1008D0000090BDF80000ADF80C00039804B070BDA6
:1008E0002DE9F84F00259046894606462C460427F8
:1008F000E5E000BFF16807EBC400085882017AD434
:1009000080B230EA090211D05FF0000230EA08003C
:100910000ED0002082426ED051F834A06A461021D9
:10092000504617F05FF8002871D103E00122EDE78F
:100930000120EFE76A461121504617F053F80028CE
:1009400065D16A461221504617F04CF800285ED156
:100950006A461321504617F045F8002857D16A46D9
:100960001521504617F03EF8002850D16A46142150
:10097000504617F037F8E8BB6A460A21504617F090
:1009800031F8B8BB6A466A21504617F02BF888BB8D
:100990006A466B21504617F025F858BB6A4601217C
:1009A000504617F01FF828BB6A460421504617F03E
:1009B00019F8F8B96A460221504617F013F8C8B979
:1009C0006A460321504617F00DF898B96A4605218A
:1009D000504617F007F868B96A460621504617F0E6
:1009E00001F838B96A463221504616F0FBFF08B9C3
:1009F0006A4601E00BE061E06D21504616F0F2FF1F
:100A000028B96A466C21504616F0ECFF10B103205D
:100A1000BDE8F88F6A466821504616F0E3FFE8BB50
:100A20006A466921504616F0DDFFB8BB6A466D2163
:100A3000504616F0D7FF88BB6A466C21504616F028
:100A4000D1FF58BB6A463721504616F0CBFF28BB72
:100A50006A463821504616F0C5FFF8B96A46352176
:100A6000504616F0BFFFC8B96A464021504616F0FE
:100A7000B9FF98B96A464521504616F0B3FF68B9E8
:100A80006A464121504616F0ADFF38B96A46422108
:100A9000504616F0A7FF08B96A4600E00AE0432175
:100AA000504616F09FFF28B96A464921504616F075
:100AB00099FF08B1022501E005B90125641C708C7D
:100AC000C0F3C500A0423FF615AF2846A0E70022BC
:100AD00000686021A2E4C9B2002200F01BBA70B520
:100AE00092B0064614460D46684614F0FBFA002004
:100AF000FF210890CDE909012848CDE90060284888
:100B000003906042CDE90B50684614F031FB12B0FF
:100B100070BD70B592B0064614460D46684614F096
:100B2000E1FA00213046009600F02AF800210890F2
:100B3000CDE90901194801906042CDE90B506846A2
:100B400014F016FBE3E780B2704700F47F007047B3
:100B500070B50D4606465B22FFF736F9C4B2304643
:100B600029461622FFF730F904B90124204670BD4A
:100B700010B50C4616F052FF204000D0012010BDE9
:100B800010B56022FFF720F9C0B210BD80FB002035
:100B9000E3050108A30501085B040108D70A010861
:100BA000CF0A010813460A460121FFF7F2BB13469C
:100BB0000A460221FFF7EDBB13460A460321FFF761
:100BC000E8BB13460A460421FFF7E3BB13460A4677
:100BD0000521FFF7DEBB13460A460621FFF7D9BB06
:100BE00013460A460721FFF7D4BB13460A460821DD
:100BF000FFF7CFBB13460A460921FFF7CABB1346CE
:100C00000A466821FFF7C5BB13460A466921FFF76C
:100C1000C0BB13460A466A21FFF7BBBB13460A4610
:100C20006B21FFF7B6BB13460A466C21FFF7B1BB39
:100C300013460A466D21FFF7ACBB13460A466E21E8
:100C4000FFF7A7BB13460A466F21FFF7A2BB134667
:100C50000A461021FFF79DBB13460A461121FFF7F4
:100C600098BB13460A461221FFF793BB13460A4668
:100C70001321FFF78EBB13460A461421FFF789BBE9
:100C800013460A461521FFF784BB07B481B013460B
:100C9000BDF80810ADF80010009A202104B0FFF74D
:100CA00078BB13460A462121FFF773BB07B481B016
:100CB0001346BDF80810ADF80010009A222104B0C8
:100CC000FFF767BB13460A462321FFF762BB1346B3
:100CD0000A462421FFF75DBB13460A462521FFF78C
:100CE00058BB13460A462621FFF753BB13460A4654
:100CF0002721FFF74EBB13460A462821FFF749BBC1
:100D000013460A462921FFF744BB07B481B01346B6
:100D1000BDF80810ADF80010009A2A2104B0FFF7C2
:100D200038BB13460A462B21FFF733BB13460A464E
:100D30002C21FFF72EBB07B481B01346BDF8081075
:100D4000ADF80010009A302104B0FFF722BB134623
:100D50000A463121FFF71DBB13460A463221FFF731
:100D600018BB13460A463321FFF713BB13460A4646
:100D70003421FFF70EBB13460A463521FFF709BBA6
:100D800007B481B01346BDF80810ADF80010009A02
:100D9000362104B0FFF7FDBA13460A463721FFF7A4
:100DA000F8BA13460A463821FFF7F3BA13460A4643
:100DB0004021FFF7EEBA13460A464121FFF7E9BA90
:100DC00013460A464221FFF7E4BA13460A46432176
:100DD000FFF7DFBA07B481B01346BDF80810ADF8CD
:100DE0000010009A442104B0FFF7D3BA13460A4614
:100DF0004521FFF7CEBA13460A464621FFF7C9BA86
:100E000007B481B01346BDF80810ADF80010009A81
:100E1000472104B0FFF7BDBA13460A464821FFF741
:100E2000B8BA13460A464921FFF7B3BA13460A4631
:100E30004A21FFF7AEBA13460A464B21FFF7A9BA7B
:100E400013460A464C21FFF7A4BA07B481B01346F3
:100E5000BDF80810ADF80010009A4D2104B0FFF75E
:100E600098BA13460A464E21FFF793BA13460A462C
:100E70005021FFF78EBA13460A465121FFF789BA6F
:100E800007B481B01346BDF80810ADF80010009A01
:100E9000522104B0FFF77DBA13460A465321FFF7EB
:100EA00078BA13460A465421FFF773BA07B481B0E3
:100EB0001346BDF80810ADF80010009A552104B093
:100EC000FFF767BA13460A465621FFF762BA134680
:100ED0000A465721FFF75DBA13460A465821FFF725
:100EE00058BA13460A465921FFF753BA13460A4621
:100EF0005A21FFF74EBA13460A465B21FFF749BA5B
:100F000013460A460B21FFF744BA13460A46172137
:100F1000FFF73FBA13460A466021FFF73ABA134675
:100F20000A466121FFF735BA13460A466221FFF7E8
:100F300030BA13460A466321FFF72BBA13460A4616
:100F40006421FFF726BA13460A466521FFF721BA46
:100F500013460A466621FFF71CBA13460A46672164
:100F6000FFF717BA13460A460A21FFF712BA1346CB
:100F70000A461621FFF70DBA8068002809D000291B
:100F800002DA4268511803D443680A468B4201D8FA
:100F900000207047006850F82200704780680028E1
:100FA00000D040687047002800D04068704770B596
:100FB0000646FFF7F8FF050001D000240AE00020F4
:100FC00070BD21462846FFF7D7FFB04201D1204629
:100FD00070BD641C2846FFF7E1FFA042F1D84FF036
:100FE000FF3070BD00B50146FFF7DDFF0028FAD1E4
:100FF000084600BD10B5416809B1FFF7F3FF04468C
:10100000FE4815F072FB0EE00021426A05E0C3685D
:1010100053F82130A34208D0491C8A42F7D8014630
:10102000F64815F0B5FB0028EED110BD2DE9F041D2
:10103000044600222121F8F7DAFE00287ED00021A4
:101040002046FFF799FF10B1FFF7F0FFF7E72046C2
:10105000FBF774F90646002013F07AFF05460027D7
:101060001CE0686AA04202D0A86AA04203D12146CF
:101070002846FAF736F9286BA04200D12F63286D75
:10108000B04207D1FAF7F9F9A04203D12146284628
:10109000FAF727F9284613F05BFF0546002DE0D14B
:1010A0002046FBF738FF606804260028204602D05F
:1010B000FFF77DFF29E0FFF79DFF05460020EA6866
:1010C000696A04E052F82030A3420AD0401C8142F1
:1010D000F8D806E0E96806EB80028A5841F820203B
:1010E000401C696A491E8142F4D8686A401E81002A
:1010F0006862E86815F052FDE8601BE0096806EBDD
:1011000080028A5841F82020401C616889684A683A
:10111000521E8242F2D8606880684068401E486073
:101120006168820089680868114615F037FD6168BA
:10113000896808602046BDE8F04100E001E015F054
:101140001ABDBDE8F08170B50546FCF782FC284663
:10115000FFF729FF040001D0FEF72CFD2846BCB1A3
:10116000FFF764FF2046FDF787FA00212046FEF7CF
:1011700042FD2046FEF71EFD002222212046F8F700
:1011800036FE2046BDE8704000222421F8F72FBE2D
:10119000FFF730FF040007D02069A842284604D199
:1011A000FFF744FF0020206170BDBDE870403DE7BF
:1011B00010B50446FCF74DFC02E000BFFFF736FF18
:1011C00000212046FFF7D8FE0028F7D100231A4659
:1011D00019462046FEF72AF8A068002803D000210F
:1011E0000182A068418210BD0068ACE730B591B0C3
:1011F00005460C46684613F075FF0020CDE9005007
:1012000001200B9060420C90AFF2230003906846DF
:1012100013F0AEFF11B030BD95E70146784814F0E9
:101220002BBD70B5064640680C46002867D0002CE0
:1012300065D03046FCF70DFC2046FBF784F83046BD
:101240007568FFF7B4FE0146042207E0A86802EBC8
:1012500081030068C35840F82130491C2846FFF735
:101260009DFE801E8842F1DAA9684868401E4860E9
:10127000A96805D082000868114615F08FFC03E0CC
:10128000086815F078FC0020A9680860A168486823
:10129000401C4860A2688100106815F07FFCA168BE
:1012A00008602046FFF77AFE6FF0030101EB800033
:1012B000A16809680E50002128467460FEF79BFC67
:1012C0002846FEF777FC324622212846F8F78FFDA4
:1012D000002224212846F8F78AFD324622212046A2
:1012E000F8F785FD002223212046F8F780FD3046DF
:1012F000FCF7D3FF3046BDE87040FCF7AABB70BDD9
:1013000070B50C00064604D5FFF74DFEFFF746FE0C
:1013100004443046FFF74BFE02463046FFF743FEDB
:101320000546002C2DDBFFF739FEA04229DD944253
:1013300027D015DA6FF00301A24214DDA86801EB93
:1013400082030068C35840F82230521EF4E7A868B0
:1013500001EB82030068C35840F82230521C00E0C1
:101360000421A242F3DBA86800222221006840F891
:1013700024602846F8F73BFD2846BDE87040FCF79E
:1013800068BB70BD2DE9F0470E468046FFF70BFEA7
:1013900005463046FFF707FE04464046FFF707FEC6
:1013A00007463046FFF703FE814632462421204699
:1013B000F8F71DFD424624212846F8F718FDA868D5
:1013C0002221006840F82760A0680268284642F899
:1013D00029803246F8F70BFD324623212846F8F7DC
:1013E00006FD424622212046F8F701FD4246232110
:1013F0002046F8F7FCFC284604E0000038FB0020FB
:1014000019120108FCF725FBA54202D02046FCF783
:1014100020FB31464046BDE8F047F9F7CDB82DE94D
:10142000F0410E461746050007D01146B047022886
:1014300018D0012827D0002420E000200DE000254E
:1014400007E0E0683A46314650F82500FFF7E7FF2D
:101450006D1C606AA842F4D8204613F096FB040085
:10146000EDD102206DE621462846FFF785FD3A467C
:101470003146FFF7D4FF0228F4D0641C2846FFF75A
:101480008DFDA042EFD800205BE6C8E708B5D30881
:10149000BDF8002063F30402ADF800208A08BDF80F
:1014A000001062F34A11ADF80010C108BDF8000049
:1014B00061F3CF20ADF8000080B208BDFE490020E6
:1014C00048600861C860886008604861FB4908603E
:1014D000486070471CB50B8804892344ADF8003080
:1014E0004B8844892344ADF802308B880489234417
:1014F000ADF80430C98843891944ADF80610436932
:10150000694698471CBD2DE9F34F0546EB4893B05B
:10151000083841680E683069820701D542076ED4E9
:10152000C0F3011002281ED0012801D0032866D183
:1015300000200F90084613F030FB8346A988B5F9C8
:101540000000EA88091A491C0CB2B5F90210521AB7
:10155000521C17B24FF4A052B2FBF4F3BB420EDAA6
:10156000B2FBF4F20CE029463046149A00F06EFF0C
:10157000149A15B029463046BDE8F04FAAE73A461E
:101580000C920791317CC1F30111012905D06880CB
:10159000611E0844E8800020BEE07188081A401EE1
:1015A000E880001B401C6880F5E700BF0C99A7EBA2
:1015B0000A00884200DD084600B201900120CBF805
:1015C0001000BAF1000F20D1A7421EDB0194307C3D
:1015D000C0F30110032810D000202146149A00F017
:1015E000F5FE307CC0F30110012809D0318807983E
:1015F000081A401EA880001B56E00120EDE797E086
:10160000079828800798204466E00F9820B94FF487
:10161000205015F055FB0F90307CC0F301100328CB
:101620001BD000208646DDF850C001990F980A9023
:1016300014FB01F0401E0D90601E48430E900020E8
:101640008146884222DA0E9ABEF1000F02EB0900B1
:1016500001D00D9A101A002212E00120E2E70A9B45
:10166000BEF1000F03EB400863460CF1020C1B882F
:10167000A8F8003001D0084400E0401A521C12B211
:10168000A242ECDB09F1010000B2D9E7307CC0F3E3
:10169000011001281BD031880798091AA1EB0A0014
:1016A000401EA8800199401A401C288001990AEB2D
:1016B0000108B84513DBDBF81800C0070FD0DBF8D2
:1016C000180080070BD50120CBF814000AE007981A
:1016D0005044288001990844401EA880E6E7002174
:1016E000CBF814100F9828B1024629463046FFF770
:1016F000F1FE05E0149AF8E7B16A09B1304688476F
:10170000DBF810000028F7D101981499604301EB31
:10171000400014900FFA88F08246B842FFF646AFB8
:101720000F98002804D015B0BDE8F04F15F012BB9B
:1017300015B0BDE8F08F2DE9F041604E0746083E38
:10174000706813F02AFA04463868C56B296B09B132
:1017500028468847206850B1606828B907E070685B
:101760000068816A01B1884720690028F7D101200B
:10177000206171680968C9688A69D20702D08969DD
:10178000890700D400206061606908B1012600E08B
:1017900000263868416971B1016911F0300F06D037
:1017A000490704D5D5E90010FFF7ADFE03E0D5E900
:1017B0000021FFF78FFE206800280BD06168002908
:1017C00008D03A68127CB243D20703D1A2688242A1
:1017D00002D1A160BDE8F081A060FBE72DE9F047F0
:1017E000894686B00446866802A94846FCF754F943
:1017F0004846FBF7BCFE0146024602A813F0A2FED3
:1018000002AA314604A813F0B7FE4FF400250DF1EB
:10181000100A20B929464846FAF77DFD98B14FF0E5
:101820000108224614214846C4F808A0F8F7DFFA58
:10183000224615214846F8F7DAFA2246162148468C
:10184000F8F7D5FA01E04FF0000829464846FAF7C4
:1018500062FD20B1306800907068019006E009F1E7
:1018600014023146684613F087FE90B1C4F808D0E0
:101870004846FFF793FB0746002508E0D9F8080023
:10188000006850F82510204600F020F86D1CBD427D
:10189000F4D3B8F1000F15D0224617214846C4F8FA
:1018A00008A0F8F7A4FA224618214846F8F79FFA4C
:1018B00022461921484603E0C8F9002024010020EF
:1018C000F8F795FAA66006B0BDE8F0872DE9F04379
:1018D0000D4681468BB001212846FAF71CFD0028F1
:1018E0007ED12846FBF775FE040027D0284600214C
:1018F0006022FEF769FA00F0FF08B8F1020F6FD31B
:101900006B4622462946484600F007FE012867D16B
:101910000126002205F11401684613F042FFA0B130
:1019200000208DF82000CDF824D008AA12212846E6
:10193000F8F75DFA9DF8200030B106E00BB02946BB
:101940004846BDE8F04349E70026012C01D146F0A6
:10195000020632466946484601F0C1FD04003FD008
:10196000284600216E22FEF72FFA60F30F07284663
:1019700000216F22FEF728FA60F31F4702A801F04A
:10198000EDF88DF81380284600216D22FEF71CFA31
:1019900000B2ADF80800B0F5616F02DDA0F561603E
:1019A00003E0002803DA00F56160ADF8080028467E
:1019B00000216C22FEF708FAADF80A002846002143
:1019C0006722FEF701FA8DF81400FE4840680068AF
:1019D000007CC0F3C0008DF81C00B00710D500E0FB
:1019E00043E0D4E90001C4E902016089618A084446
:1019F000401E01B2E181B4F90600814200DDE081C0
:101A0000B4F90A00BDF9061088422ADCB00705D5F2
:101A1000334622464946284600F04BFD29464846B3
:101A2000FFF7DCFEA88A02AAC119D9F804000088D1
:101A3000081AADF80C00E88A00EB2741D9F8040039
:101A40004088081AADF80E002146484601F07DFD99
:101A5000B00706D5E089401C6081618A0844401EB9
:101A6000CDE72146484601F075FD0BB0BDE8F08397
:101A70002DE9F0470C00814605D1D2484068F7F7C0
:101A800071FE04002AD021464846FFF71FFF1FE0E1
:101A90000027FFF783FA0646002508E0A0680068E3
:101AA00050F82510DFB14846FFF710FF6D1CB54216
:101AB000F4D34A4617212046F8F799F94A461821E7
:101AC0002046F8F794F94A4619212046F8F78FF98D
:101AD000A0464046FFF767FA0400D9D1F4E6414535
:101AE000E4D10127E2E72DE9FC410D4600248046C0
:101AF0002246143113F055FE00281DD0012128463E
:101B0000FAF709FCB8B92846FBF763FD98B900203D
:101B10008DF800006A4612212846CDF80480F8F7B7
:101B200066F99DF80000022805D02846FFF736FA2E
:101B3000074600260CE00020BDE8FC81A86800688C
:101B400050F826104046FFF7CEFF040006D1761C61
:101B5000BE42F3D39DF8000000B92C462046EBE7C7
:101B60002DE9F041974C074694B0606813F015F8E2
:101B70000546006850B1686828B107E060680068F1
:101B8000816A01B1884728690028F7D1002560687B
:101B9000F7F7E8FD01467868FFF7A5FF064660689D
:101BA000416919B17868FFF79EFF054656EA0500BE
:101BB00051D1606812F078FE401E0FFA80F860681C
:101BC00012F085FE401E03B20022114611A8CDF886
:101BD000008013F081FCF86AB0B103A802F074FF32
:101BE000606811AAC16A079190F829108DF8261033
:101BF000418DADF8101090F829008DF80F00FB6AA8
:101C000003A93846984726E06068C06A98B16946DB
:101C100003F075FE01281ED103A800F09FFF606845
:101C200011AA90F829108DF81710C36A03A9384635
:101C300001F0EFF80FE003A802F046FF6068418D65
:101C4000ADF8101090F829008DF80F0003A9384660
:101C50007A6802F071FF606890F82810C9070CD00C
:101C600006B9066938463146FFF702FF60684069E9
:101C700090B105B9054629460BE0406928B105B980
:101C8000054629463846FFF7F3FE0EB96068066937
:101C900031463846FFF7ECFE6068F7F7FEFE014676
:101CA0003846FFF7E5FE6068F7F7FFFE0146384665
:101CB000FFF7DEFE60680168097C890703D414B071
:101CC000BDE8F04137E514B084E52DE9F04F3D4E15
:101CD000054689B070680168CC6BC9688968216065
:101CE000016809698A0701D4C90723D012F0DCFD15
:101CF000401E07B2706812F0EAFD401E03B20022D7
:101D0000114601A8009713F0E7FB01A96160706814
:101D10000068027CC068920705D5826942F0020221
:101D20008261A1607AE08169826961F34102826126
:101D3000A56073E0A9882A88891A491C0FFA81F9DD
:101D4000E9886A88891A491C0FFA81F812F0ACFDFB
:101D50000146B5F90600814203DC706812F0A4FD6B
:101D6000401E07B242464946B246706800F023FC66
:101D700081460026B5F902000DF10C0B2CE02A88F3
:101D8000ADF80C20AA88ADF81020ADF80E00ADF823
:101D90001210C4F804B0C4F808B0DAF804000168FE
:101DA000C96889682160BDF91210B94201DDADF83A
:101DB0001270BDF91260B74209D10068C06881692C
:101DC00002E000001C01002041F002018161204678
:101DD000FFF7C6FE0FFA88F000EB0908A8F1010131
:101DE000B942CCDDB7421CD02988ADF80C10A988C7
:101DF000ADF81010ADF80E00ADF81270C4F804B0D4
:101E0000C4F808B0DAF804000168C968896821607C
:101E10000068C068816941F0020181612046FFF7D6
:101E20009FFE09B085E42DE9F041FE4C00202060C2
:101E30006068B0F85051002D4DD0002703E04119E3
:101E400091F83011D1B16D1EF9D50068416B01B127
:101E5000884760680168C9688A6922F001028A615E
:101E60000168C9688A6922F002028A6190F8281024
:101E7000002641F0040180F8281022E02F46E4E714
:101E8000811991F83011D9B9BE4205D10168C968EC
:101E90008A6942F001028A610168C9688A6922F090
:101EA00002028A6100EBC6003030FFF70EFF606867
:101EB00000EBC600303013F037FB21680844206087
:101EC000761C6068B0F85011B142D9DC10F8281FB8
:101ED00021F0040101707DE42DE9FC410025DFF8CB
:101EE00044834FE0294491F83011E9BB002441E0DC
:101EF000011991F83011C1BBA5423AD000EBC401E1
:101F000000EBC5003030303113F02FFC68B370683F
:101F1000B04600EBC40200EBC501684630313032F8
:101F200013F052FB684613F0FFFA0646D8F8040097
:101F300000EBC500303013F0F7FA0746D8F804007C
:101F400000EBC400303013F0EFFA3844864210D270
:101F5000D8F80400464600EBC5006946303000F072
:101F600011FA0120716801E00BE002E0214481F8E0
:101F70003001641CD8F804004646B0F85011A14264
:101F8000B6D86D1CD8F80410B1F85021AA42A9D8CF
:101F9000D2E52DE9F0418AB0074613F00EF800268D
:101FA000A04C054600960FB1F86801E012F079FCEC
:101FB00060600069FCF760FB6068406908B1FCF78D
:101FC0005BFB6068C069FCF757FB6068006AFCF760
:101FD00053FB60680169E1B3FFF77EFFFFF723FF62
:101FE0006068B0F8501199B30168097C890715D56C
:101FF00012F05AFC401E07B2606812F068FC401EE6
:1020000003B20022114601A8009713F065FA606838
:1020100001A90268D26B5160FFF78DFB60684FF435
:102020008071303014F04EFF6068202100F5987008
:1020300014F048FF6068A0F85061284612F0C5FF10
:10204000009060680068436A13B12268009998475D
:1020500000E009E014F08EFE12F0C3FA01F065FB17
:10206000714D6F6927B13EE0A0F850610AB032E7C8
:1020700000F0A5F91BF006F9074600227F21FEF7C4
:1020800010FE00F092F9014600223846FEF7FDFDF1
:1020900000F081F9014600223846FEF707FF0022D2
:1020A00003213846FEF7D3FD002203213846FEF710
:1020B000D3FD002203213846FEF7D3FD0022032181
:1020C0003846FEF7D3FD002203213846FEF713FF02
:1020D00056A138461BF043FC00231A460621384619
:1020E000FCF7FDFA6F61286812F06FFF4FF49678E5
:1020F00040450CD2206841F28831884234D9686862
:10210000009908446860A868401CA8602CE012F0A0
:1021100054FF28606068406828B100684FF47A7105
:10212000B1FBF0F000E03220696809B90121696073
:10213000A968F1B14FF47A7251436A68B1FBF2F4C5
:102140006E60AE60844200D904462869204428614C
:10215000E868401CE86015F055FFC0F164032246B2
:1021600033A138461BF031FC2E4D08356C6814B194
:1021700037E00446E4E700F022F91BF083F8044658
:1021800000227F21FEF78DFD00F00FF901460022AD
:102190002046FEF77AFD00F0FEF8014600222046B8
:1021A000FEF784FE002203212046FEF750FD0022A8
:1021B00003212046FEF750FD002203212046FEF7B2
:1021C00050FD002203212046FEF750FD17A12046B6
:1021D0001BF0C5FB00231A4604212046FCF77FFABA
:1021E0006C60286812F0F1FE40457FF63FAF12F0B8
:1021F000E4FE286002A814F03DFD04990298401AFC
:10220000820A514200EB81206621B0FBF1F39DF878
:1022100021109DF82000CDE9000109A120461BF006
:10222000D4FB23E71C010020C8F900203F00000078
:102230002575204650530A25752525204350550005
:1022400025752E2575206B42207573656420282521
:1022500064202525290A2564252520667261672EBC
:102260000000000010B5044613F01AF82CB16068A5
:1022700000280DD0BDE810408BE6002004E0606827
:1022800008B1FFF786FE204612F07FFC0400F6D16D
:1022900010BD7FB50E46040003D112F002FB04000E
:1022A0002CD0F7F7D8FC002828D094F82800400755
:1022B00024D4002506B3ADF80050ADF802502046F6
:1022C00012F005FB401EADF80400204612F0ECFAB7
:1022D000401EADF806006A46314602A813F04CF9DC
:1022E00000280BD02068017C890708D5DDE90001B2
:1022F000C4E90C0101202AE0A4F850517FBD826995
:102300000AB102A9904700260BE000BF04EBC6010A
:10231000002202A8303113F044FA0028EED1761CD6
:10232000B6B2B4F85001B042F0D880B2202804D23E
:1023300004EBC00002A9303004E0A4F8505104F1CD
:102340003000694600F01EF8B4F85001401CA4F8B3
:10235000500160680028D1D015F03EFE7FBDB54821
:1023600040687047B34948607047B3480021016135
:10237000C1607047B049C868002802D00969B1FB44
:10238000F0F070470A8802804A8842808A888280FA
:10239000C988C1807047FF2208B511461046FFF773
:1023A00075F80090BDF8000008BD002208B5114680
:1023B0001046FFF76BF80090BDF8000008BD10B59F
:1023C00012F06FFABDE81040F7F76FBB2DE9F04748
:1023D0000C4617468246002601EBD47931E00025F1
:1023E000601C00EBD07827E0A01B401E01B2601BF0
:1023F000401E00B2BAF1000F0AD015FB041207EB21
:10240000420311FB040107EB410210FB046009E0E9
:1024100010FB046207EB420311FB040007EB4002D0
:1024200015FB041007EB400116FB045007EB4000BE
:1024300000F0F6F86D1C2DB2B5EB680FD4DB761CFE
:1024400036B2B6EB690FCADBBDE8F087F8B58B880A
:102450000C884D881B1BCC885B1C641B641C13FB05
:1024600004F300245B1E0DE002EB430602EB44077D
:102470003588ADF80050B7F800C0A6F800C05B1E64
:102480003D80641CA342EFD843884C88CA881B1B3C
:102490005B1ECB8043889A1A521E4A8003880C88A0
:1024A0008A881B1B5B1E8B800088801A401E088058
:1024B000F8BD2DE9FC41064614468846D8072AD0C7
:1024C00004F108000125002206F11401074613F06B
:1024D00068F958B100208DF800006A461221304694
:1024E0000197F7F784FC9DF80000A0B16089218A6C
:1024F0000844401EA4F80E00B4F90E10B4F906000A
:10250000814200DDE08102B02A4621464046BDE816
:10251000F04101F015B80025EEE72DE9F04107463E
:1025200088B01D46164688460846FBF720F8044644
:1025300002A94046FBF7B0FA2246114602A813F062
:1025400001F8022E04D0012E28D0002008B0C2E4E9
:10255000DDE90201CDE9040100231A4604A9404641
:10256000FBF730F904AA6846B96813F005F80028AB
:10257000ECD0DDE90001CDE906010123002206A926
:102580004046FBF71FF906A902AA084612F0F4FF1D
:102590000028DBD006982860079809E002AA684660
:1025A000B96812F0E9FF0028D0D00098286001989F
:1025B00068600120CAE72DE9FC410068C068C06876
:1025C000B0FBF1F4944200DD14461A4F78680068BD
:1025D000806918B30020ADF80000ADF80400ADF834
:1025E000020025B2681E06B2ADF80660786869463A
:1025F000006882699047BDF80600BDF80210401AD5
:10260000401C00B2A04202DD351EEBDC01E0002DD3
:1026100001DC0020BCE4BDF90640641C2046B7E4A0
:1026200030B504880D8805801088088018881080CF
:102630001C8030BD1C010020C8F9002010B510B16D
:10264000FEF7D8FC01E012F02CF9BDE81040F7F7D6
:1026500059BA70B50446FFF7F1FF05000AD02046CD
:10266000294A0021FDF767FD21462846BDE8704054
:1026700000F039B870BD416070470160704710B517
:10268000FFF7DCFF08B1406910BD204810BD10B550
:10269000FFF7D4FF08B1806910BD1C4810BD10B50C
:1026A000FFF7CCFF08B1C06910BD184810BD08B5D0
:1026B000FFF7C4FF08B1006902E0112013F0C3FC6A
:1026C0000090BDF8000008BD08B5FFF7B7FF18B1CE
:1026D000408AADF8000003E0052013F0B4FC009040
:1026E000BDF8000008BD70B5044640680D4608B14D
:1026F000FFF7F9FF2268002A04D029462046BDE8EA
:102700007040104770BD0000FFFF0F00740B0408FD
:102710007047016B002900D00847704738B5044660
:10272000102114F0CFFB01206080FF202073BDF842
:102730000010002060F3040189B260F34A1189B2ED
:1027400060F3CF21ADF8001088B20090BDF8000012
:102750000090BDF80000208038BD7CB50E7BDDE91F
:102760000654022E08D94E88002E05D0A54203D06B
:10277000CDE900540469A0477CBD2DE9F04F85B038
:10278000824610B294468B460FFA82F9AAEB000EED
:10279000DDF838800FFA8EF20492ABEB000217B22C
:1027A00003920AEB000203F5B471119C58441E46D3
:1027B000029212B203B2019088457DD04FF4B471F9
:1027C0008E4202D9A6F5B476B6B2884503D9A8F5EB
:1027D000B4701FFA80F80F99ACEB010000B20090C2
:1027E000109818B101EBD1704010401C05B25A216D
:1027F000B6FBF1F0B8FBF1F1C0B2C9B2042800D1C8
:102800000320042900D1032188427CD146457AD88F
:1028100068B3012854D0022876D003287ED106F16F
:102820005A0000B214F08AF8009910FB01F10AEB8B
:10283000E130401B208030B214F080F810FB09F129
:102840000BEBE130401B608008F15A0000B214F03D
:1028500075F810FB09F10AEBE1302844A0800FFA6B
:1028600088F014F06BF8009910FB01F15AE130B2D6
:1028700014F064F8009910FB01F10BEBE130401B00
:1028800060805A3630B214F059F810FB09F10AEBA7
:10289000E1302844A0800FFA88F014F04FF810FBC4
:1028A00009F10BEBE1302844E08008F15A0000B256
:1028B00014F044F8009900E0E5E010FB01F129E094
:1028C00030B214F03BF810FB09F10BEBE130284477
:1028D000E0805A3630B214F031F8009910FB01F163
:1028E0000AEBE1302844A0800FFA88F014F026F8B3
:1028F000009910FB01F10BEBE130401B608008F107
:102900005A0000B202E038E00BE007E014F016F8DD
:1029100010FB09F10AEBE130401B208005B0BDE857
:10292000F08F06F15A0000B214F008F810FB09F11C
:102930000AEBE130401B208030B213F0FFFF00991A
:1029400010FB01F10BEBE1302844E0800FFA88F036
:1029500013F0F4FF10FB09F10BEBE130401B60803A
:1029600008F15A0000B213F0E9FF009910FB01F1E1
:102970000AEBE1302844A080D0E730B1012837D0FD
:10298000022861D003287DD099E001297BD108F18C
:102990005A0000B213F0D2FF10FB09F10AEBE1304C
:1029A000401B20800FFA88F0029013F0C7FF074603
:1029B00030B2804613F0C2FF874201DA029800E08D
:1029C000404613F0BBFF009910FB01F10BEBE13027
:1029D000401B60805A3630B213F0B0FF10FB09F193
:1029E0000AEBE1302844A08001982844E08095E774
:1029F000022964D1AEEB050020800FFA88F013F0B5
:102A00009DFF10FB09F10BEBE130401B608006F1EC
:102A10005A0000B2019013F091FF074608F15A00E6
:102A200000B2804613F08AFF874201DD019800E082
:102A3000404613F083FF009910FB01F10AEBE130EF
:102A40002844A08030B269E0032938D106F15A0049
:102A500000B213F073FF10FB09F10AEBE130401BE9
:102A600020800398401B608008F15A0000B213F0E8
:102A700065FF10FB09F10AEBE1302844A0800FFA52
:102A800088F001E01AE01AE0804613F057FF009941
:102A900010FB01F730B2064613F050FF009910FB0F
:102AA00001F0874201DD404600E0304613F046FF6A
:102AB000009910FB01F00BEBE03096E729B1049888
:102AC00020806780A280E38028E708F15A0000B2E6
:102AD000039013F033FF074606F15A0000B201904D
:102AE00013F02CFF874201DA039800E0019813F0FD
:102AF00025FF009910FB01F10AEBE130401B20801B
:102B000030B213F01BFF10FB09F10BEBE130401B5F
:102B1000608002982844A0800FFA88F013F00EFF1E
:102B200010FB09F10BEBE1305FE7000008B5D308BB
:102B3000BDF8002063F30402ADF800208A08BDF858
:102B4000001062F34A11ADF80010C108BDF8000092
:102B500061F3CF20ADF8000080B208BD38B504465F
:102B6000182114F0AFF9002211461046FFF7DEFFDE
:102B70000090BDF800000090BDF800002081FF200B
:102B8000E072401C60800120207538BDF0B597B020
:102B9000074614460D4601A801F096FFFF22114694
:102BA0001046FFF7C3FF0090BDF800000090BDF88D
:102BB0000000ADF8080000262A4601A9384601F0B9
:102BC000BBFF0FA800F090F923462A460FA938460C
:102BD000009600F0D1F917B0F0BD38B54469049DF6
:102BE000002C01D00095A04738BD01460020891E69
:102BF0000D2909D2DFE801F00708080708070707D1
:102C00000707070707000120704701460020032936
:102C100001D0062900D1012070472DE9F04F074669
:102C2000C87A89B015460E46022803D8012009B09B
:102C3000BDE8F08F18463269B16802F003FB041E4C
:102C4000F5D0207D00F01F00FFF7DFFF4FF4807804
:102C500008B1062011E0207D00F01F000E2806D0EC
:102C600014280AD0FFF7C1FF30B1052005E03088F5
:102C70004FF00E0930B902E00420814606E070886A
:102C8000404503D000204FF00509A061226A22B11F
:102C900029463846FFF77AFFB7E0A069F0B3294626
:102CA00002A800F0FBF8B6F9003013B9708840456F
:102CB00029D0A88829886A88401A401C01B2E8886F
:102CC00006F1040C801A401C02B27088CDE9000C99
:102CD00002A802F0ECF9BDF8080029880844ADF814
:102CE0000800BDF80A1068880844ADF80A00BDF86D
:102CF0000C0029880844ADF80C00BDF80E10688857
:102D00000844ADF80E0002AA04A8B96812F034FC19
:102D100000287AD004A8D7F8088000E00BE0B8605B
:102D2000CDF800902A4631463846A369FFF755FF93
:102D3000C7F8088069E02A4604A8B96812F01CFCAC
:102D4000F0B3BDF81400BDF81010401A401C0FFA83
:102D500080FB0BEB4B0013F0B3FF039004A901A819
:102D6000D7F808A000F09AF8012101A812F0C0FBE2
:102D7000BDF91000B5F90010BDF91280401A069097
:102D8000B5F90200A8EB000536E001AA514607A8F4
:102D900012F0F2FB70B30398009006985B4601B204
:102DA0002AB2204602F02EFE01280ED0204602F064
:102DB0003CFE039813F0CEFF204602F036FE00E002
:102DC00023E00020C7F808A031E707A8B860CDF8D5
:102DD000009001AA31463846039BFFF7FEFEBDF87E
:102DE0000600401CADF80600BDF80A00401CADF816
:102DF0000A006D1C08F10108BDF916004045C4DA4F
:102E0000C7F808A0039813F0A5FF204602F00DFEB6
:102E10000CE770B5164604463BB1C87A022811D9B2
:102E2000A569204625B1A84704E021A2314606E065
:102E3000FFF7F3FE002805D11DA231462046BDE86C
:102E40007040A3E670BD014600200F290AD2DFE8DA
:102E500001F009090909080A080C0E10120C0E10DD
:102E60001200102070471820704701207047022080
:102E700070470420704708207047032130B1007864
:102E8000A0F120015F2903D8012070470846704750
:102E9000802801D302207047002070470A880280F2
:102EA0004A8842808A888280C988C1807047000031
:102EB0004E6F0A646174610008B5D308BDF8002044
:102EC00063F30402ADF800208A08BDF8001062F335
:102ED0004A11ADF80010C108BDF8000061F3CF2021
:102EE000ADF8000080B208BD38B50446202113F0CB
:102EF000E9FFFF20A07600F0E8FA0090BDF800009E
:102F0000A081F74820604FF6FF706060A06000F07D
:102F1000DCFA0090BDF80000E081052013F093F882
:102F20000090BDF8000020820020E07638BD30B46B
:102F3000C469A44630BC60470021A0F13002092AD0
:102F400001D8D1B216E0612801D32038C0B241388F
:102F500006280FD2DFE800F0030507090B0D0A2150
:102F600008E00B2106E00C2104E00D2102E00E2117
:102F700000E00F21084670472DE9FF4FB5B0887E6D
:102F8000429F1E4692460C4602287DD920680028A2
:102F90007AD03598C069002876D0202222A826F061
:102FA00020F820680390002E6ED0307800286BD077
:102FB0003598514682682EA812F0DEFA002863D0B8
:102FC000207FB0F1000B01D14FF0010B607F810732
:102FD00007D4BAF80410BAF80000081A401C03B26B
:102FE0000FE0B4F91210009141F6FF72CDE9012013
:102FF000B4F91430314606A8226815F08EFDBDF9EB
:1030000018300398B4F912100025B0F908906A1E20
:1030100001EB09000B90BAF80000ADF81000BAF807
:103020000210ADF81210B4F916000690B4F91800A9
:103030000144ADF8121007B3F8B9BAF9021000292B
:103040001BDAD7F808C0ACEB0100002801DCA1EBCB
:103050000C000B99C1F1000C4FF4806101EB4C01A5
:10306000884200DD3A603868002806DB0546BDF876
:103070001210B8880844ADF81200617F0020CDE935
:103080000001B4F9142000E0A2E070192D93039917
:1030900015F0C9FC00EB050829E0617F0020CDE9AF
:1030A0000001B4F9142006EB08002D9B039915F0DC
:1030B000BAFC454600EB0508BDF812000B99084420
:1030C00000B2ADF812007FB110F5806F0CDB3868EC
:1030D000002809DA3D60BDF91210BAF90200081A99
:1030E0007860BAF90200B860705D002870D0BDF950
:1030F000121001EB090035998968B1F90210884274
:10310000CBDB5846CDF8C0B0BBF1020F02D003288C
:1031100016D029E0607F0090B4F91430A8EB0501C7
:103120007019039A15F0B0FB0746504600F0C7F936
:10313000C01BBDF8101000EBD07001EB600011E077
:10314000607F0090B4F91430A8EB05017019039A60
:1031500015F09AFB0746504600F0B1F9BDF8101083
:10316000C01B0844ADF81000D4E9019BD94502D931
:103170004846D9468346A07F800717D00FA800F0A5
:1031800007FAA089ADF83C00039890F90E0000B949
:103190000120ADF83E00A07E8DF84400A07F9DF890
:1031A0004510C00860F301018DF8451000200E9015
:1031B00000F08BF9339000F088F9319012A801F0FB
:1031C00083FC208AADF84C00BDF9100032906FE10D
:1031D00072E100BFBDF81010069800270844ADF852
:1031E0001000701908972190A8EB05002A90BFE005
:1031F0000021A9F57F420991FF3A09D0ABF57F4143
:10320000FF3905D0374A291830461268904709908F
:1032100008AB6A4601A9219815F021FB607FC00721
:103220000AD00198232802D0012F13D004E047B11F
:10323000012F0AD0022F0BD0E0683190022F53D01B
:1032400054E008980E90012047E00027E0684CE029
:10325000002042E0202841D108990E98081A07283A
:1032600001D0A08937E00E9A21982BA9104406229C
:1032700010F8013B01F8013B521EF9D100208DF8F6
:10328000B2009DF8AD00FFF757FE07469DF8AC0071
:10329000FFF752FE07EB001007909DF8AF00FFF715
:1032A0004BFE07469DF8AE00FFF746FE07EB001009
:1032B00009909DF8B100FFF73FFE07469DF8B0006A
:1032C000FFF73AFE07EB0010C2B20998C1B20798A7
:1032D000C0B2FFF7F1FD33900220074648E000003E
:1032E000740B0408D402002033983190DDE90021EA
:1032F000039811F05CF82C904FF6FF70814522D0B6
:10330000834520D0099848451DD358451BD2BDF8A8
:103310001010ADF82410BDF81200ADF82600A28AF6
:103320000A442C99491E1144ADF828100B9909AA9A
:10333000491E0844ADF82A0012A9359801F0FCFB9B
:10334000E089ADF8C400BDF8C400ADF8940004AA4B
:1033500022A9019B3598FFF7EAFD2C98002807DD8C
:10336000BDF81010A08A01442C980844ADF8100054
:103370002A99089881423FF63BAFA07F800723D56A
:103380003298ADF80000206802AB6A46B0F9081028
:10339000BDF93E0001EBD171491000EBD07001EB9B
:1033A0006000BDF812100844BDF81010ADF8081008
:1033B000ADF80200ADF80A00BDF8C400ADF83C005D
:1033C0000FA9359800F003F9A07FC0071FD03298ED
:1033D000ADF800002068BDF8121002AB02894089E8
:1033E0001144091A03986A4690F90D00081ABDF8AD
:1033F0001010ADF80810ADF80200ADF80A00BDF8E5
:10340000C400ADF83C000FA9359800F0E0F8617FEA
:103410000020CDE9000106EB0800B4F914200746AE
:103420002D9B039915F0FFFA454600EB0508BAF805
:103430000000ADF810003098022802D0032816D002
:1034400029E0607F0090B4F91430A8EB05013846FC
:10345000039A15F019FA0746504600F030F8C01BE1
:10346000BDF8101000EBD07001EB600011E0607F40
:103470000090B4F91430A8EB05013846039A15F012
:1034800003FA0746504600F01AF8BDF81010C01BAA
:103490000844ADF81000BDF812100B980844359997
:1034A00000B2ADF812008968B1F90610884203DC59
:1034B000705D00287FF48EAE39B0BDE8F08F818852
:1034C0000088081A401C00B27047002208B5114657
:1034D0001046FFF7F1FC0090BDF8000008BD2DE993
:1034E000F0410546806B17460E46002826D0A86C92
:1034F00013F02BFB04001CD0A96C13F0E3FCFEF7C7
:103500002EFF296821626968E161A968A1610068EC
:103510003A462146007CC0F3801084F824003068CD
:10352000206070686060AB6B28469847050001D04A
:1035300003E0FEE7204613F01EFB2846BDE8F081BD
:10354000C36B002B00D018477047036C002B00D0D2
:103550001847704770B50C460546FFF7DAF8206A41
:103560002860E0696860A069A860FEF7F8FE00685E
:1035700094F82420016962F3861101616A6C12B12A
:103580002146284690472046BDE8704013F0F3BA24
:1035900038B504460A2113F095FC01206080FF2015
:1035A0002072BDF80010002060F3040189B260F3BE
:1035B0004A1189B260F3CF21ADF8001088B20090B3
:1035C000BDF800000090BDF80000208038BD30B488
:1035D0004C88002C06D00C7A022C03D9046AA4462D
:1035E00030BC604730BC704710B50346FA4A002033
:1035F00052F8304024B1401CC0B21028F8D301E08A
:10360000102802D34FF0FF3010BD42F8303002EBEB
:10361000C002516010BD2DE9F8431E46174688468A
:1036200081460025EC4C0DE00090D0F800C03346F8
:103630003A4641464846E047002808D0022800D1D3
:103640000125083420680028EED115B10220BDE81C
:10365000F8830120FBE72DE9FF4F81B00025DDE96C
:103660000E86994692468B462C46DB4F15E000BFEE
:1036700038F91400411C0FD057F8300060B10090A9
:10368000D0F800C04B46524659460198E047002802
:1036900007D0022800D10125641CB442E8DB1DB12B
:1036A000022005B0BDE8F08F0120FAE70021421C9E
:1036B00008D0C94A002352F8301042F8303002EBEB
:1036C000C000436008467047F0B50025C24E07466B
:1036D0002C4600BF06EBC4004068B84204D156F83F
:1036E00034502046FFF7E2FF641CE4B2102CF1D303
:1036F0002846F0BD10B50179022906D0052913D15D
:103700008068BDE8104013F036BA044640690028CE
:103710000AD00169002904DA406813F02CFA6069C4
:10372000EFE74169491E416110BD70B5AB4D002402
:10373000C4EBC40655F8260008B113F01CFA05EBDB
:1037400086001C2113F0BEFB641CE4B2042CEFD3F2
:1037500070BD0020A04A014652F831300BB1401C28
:10376000C0B2491CC9B21029F6D3704770B59A4D42
:10377000060008D05FF0000455F83410B9B108799C
:10378000022805D002E02868002800D0012070BD82
:10379000887CB1F91020C007304601F1080102D041
:1037A00012F053F801E011F0FCFF0028EED0641C89
:1037B000E4B2102CE0D3002070BD2DE9F05F064686
:1037C0000A9F8A461D46B86900FB02F18C12002848
:1037D00000DD641C97F82830544502DA980707D4B6
:1037E000D4E08C120AEB050CA44502DA98077DD4CC
:1037F00082E0521C424341F3950142F395044FEAA3
:103800002129221204F0FF08C9B2A9EB0A0491454C
:1038100005D0002803DA11B9FF219146641E9145B5
:1038200027D1002C0CDBAC420ADA01EB080041087E
:10383000980701D5C1F1FF01305D01F011F9305554
:1038400097F82800641C800706D5A9EB0A01A94255
:103850004CDA8DE0304609E0AC4200DD2C46002C0D
:1038600044D005DDA5EB040106EB040013F02AFBB0
:1038700089E04FF0FF0B002844DAF86940424843E2
:103880004FEAA028002C0DDBAC420BDA08FB01F05C
:10389000C0F34721980701D5C1F1FF01305D01F068
:1038A000DFF83055B969A8F1FF0041438812641E62
:1038B00011D4AC420FDAC8F1FF014143ABEB6120F8
:1038C000C1B297F82800800701D5C1F1FF01305D32
:1038D00001F0C6F8305597F82800A41C800709D5D8
:1038E000A9EB0A01491EA9424DDC00E04EE0002987
:1038F000B0DC48E0AC4202DD0120BDE8F09F002CC6
:10390000B0DA40E0C1F1FF00F96941434FEAA12874
:10391000002C0EDBAC420CDA00FB08F0ABEB6020B5
:10392000C1B2980701D5C1F1FF01305D01F098F8EF
:103930003055B969C8F1FF0041438912641C0ED4A7
:10394000AC420CDA4843C0F3472197F828008007BF
:1039500001D5C1F1FF01305D01F082F8305597F8D3
:103960002800641C800707D5A9EB0A01A9420DDCD9
:103970000029BFF66FAF06E0AC4200DD2C46002CFC
:1039800004D03FF76FAF4FF00200B6E74FF00000F2
:10399000B3E72DE9F0478046089D1F46E86900FB24
:1039A00001F39B12002806DD934206DD95F82800FE
:1039B00080070DD490E09342F8DBCB1943439B1270
:1039C00000280DDD93423DDA95F8280080077DD46C
:1039D0000120BDE8F0870000A8FC002038FC002092
:1039E0009342F1DCA869521C504340F39500031246
:1039F000C0B2FF22002827D06E6AC0F1FF0404FB8A
:103A000006F4A2EB242600BFA3EB0104A14636D0A6
:103A1000002C15DBBC4213DAC0F1FF00C6F1FF0138
:103A20004843A2EB6020C1B295F82800800701D579
:103A3000C1F1FF0118F8040001F012F808F80400C1
:103A4000641C1CE0A869CFE74FF0FF06DCE7002C00
:103A500010DBBC420EDAA6EB6000C1B295F828007C
:103A6000800701D5C1F1FF0118F8040000F0F8FF4C
:103A700008F80400686A641C361ABC4202DA686AF4
:103A8000B042E4DBBC4218DA002C16DBA8697043B4
:103A900080127043C0F34721E869002801DAC1F1C0
:103AA000FF0195F82800800701D5C1F1FF0118F842
:103AB000040000F0D5FF08F8040095F828008007FE
:103AC00008D54946B94507DC002900E004E00CDBD5
:103AD000404608E0641C01D500207AE7BC4204DCC3
:103AE000391B08EB040013F0EDF9022071E7F8B57B
:103AF000069CA58A266A521B658A12B2491B94F855
:103B0000285009B24FEAC57526B1009485B3FFF776
:103B100040FFF8BD85B1207C810727D000F003016C
:103B2000012923D0022901D1511C1FD4C043800791
:103B300028D1002A1ADC25E0227C02F00304022CA2
:103B400014D0D543AD0711D0012C01D100290DDCD3
:103B5000920701EB030207D0002A13DB49420FD57D
:103B60000021002B0EDD0FE0002A02DA0120F8BD53
:103B700010E04A4206D49A420ADA991A104405E043
:103B8000994201DB0020F2E7994201DA13F09AF939
:103B90000220ECE7FFF711FEE9E72DE9F0470F46B9
:103BA000DDE908699846154604462C2113F08AF988
:103BB000B54206D1B9F1030F03D16D1E761E2DB2A9
:103BC00036B2B54205DD4046B846074630462E4679
:103BD000054627816581A4F80C80E68184F8109061
:103BE0006782A8EB07004B46A582002801DD01464D
:103BF00001E0A7EB0801721B002A01DD154600E079
:103C0000AD1BA94294F8281002DD41F0010101E04A
:103C100021F0010184F828100025E561FE4E2660A0
:103C2000A5612571CE074FF480150DD020B195FB0D
:103C3000F0F65643B612E66122B195FBF2F242432A
:103C40009012A061E0690CE022B195FBF2F64643C8
:103C5000B612A66120B195FBF0F050438012E061EE
:103C6000A0692062980709D003F00300012808D05A
:103C7000022812D0D843800713D006E021F00200BA
:103C800001E041F0020084F82800216A8810606297
:103C9000002901DA404260629BE6206A0028F0DCDD
:103CA000ECE7206A0028ECDDE8E72DE9FC471C463C
:103CB000DDF8288016460F468146B42B01DDB43C62
:103CC00024B204F15A0000B212F038FE07EB60157E
:103CD000204612F033FE06EB601000B2CDE900087A
:103CE0002BB2324639464846FFF757FFBDE8FC87FE
:103CF0002DE9FF4F81B08B460E9D16461C46B5F947
:103D00000A10B5F90C00571AB5F9082005F1100989
:103D1000ABEB020305F13C0AB4285BDAB5F90E20DF
:103D2000B42A7CDA00287AD0002A78D0904276DD56
:103D3000B14258DC696D79434FEAA12CA96A7F1C16
:103D400079438912A0F20F15582D01D8002909DBFB
:103D5000451E592D01D8002904DB5B38B32802D257
:103D6000002900DD0021A2F20F10582801D80029F7
:103D700009DB501E592801D8002904DB5B3AB32A1D
:103D800002D2002900DD0021ACEB010001EB600054
:103D90000125C71AA74200DD2746002F0DDD3BB2E3
:103DA00032465946CDF800900198FFF7A0FE050075
:103DB00003D13946019813F085F8A74200DD274664
:103DC000002F00DA0027CDF800A05BE0B54274D1E7
:103DD000284666E468DDB5F90E20B42A64DD904219
:103DE00062DDB14201DA01205BE4696D79434FEA9B
:103DF000A12CA96A7F1C79438912A0F20F15582DB6
:103E000001D8002909DB451E592D01D8002904DB02
:103E10005B38B32802D2002900DD002100E043E036
:103E2000A2F20F10582801D8002909DB501E59288A
:103E300001D8002904DB5B3AB32A02D2002900DD55
:103E40000021ACEB010001EB60000125C71AA7427D
:103E500000DD2746002F0DDD3BB232465946CDF836
:103E600000A00198FFF743FE050003D139460198F1
:103E700013F028F8A74200DD2746002F00DA0027BC
:103E8000CDF800900BEB070001B20198E41B384419
:103E900023B207463246FFF72AFE060096D1214696
:103EA000384613F00FF891E70127B846B42805D03B
:103EB00038B109DAB14209DC0AE047E0B14210DC6E
:103EC00004E0B14202DC0CE0B14201DC032708E06F
:103ED000234632465946CDF800900198FFF707FE79
:103EE0000746B5F90E00B42806D060B1B5F90A004E
:103EF0000FDAB04204DC0EE0B5F90A00B04206DD8C
:103F00004FF0030803E0B5F90A00B042F8DDBFB195
:103F10000EE0B042F4DD234632465946CDF800A00B
:103F20000198FFF7E4FD804657B1B8F1000F07D0C4
:103F3000032F02D0012F05D008E0B8F1030F05D1FF
:103F4000002046E74046B8F1010FFAD0022040E7D2
:103F50002DE9F8430546884640F26710411C089C4D
:103F60001746002B01DA002302E08B4200DB0346F8
:103F7000002C01DA002402E08C4200DB04469C4263
:103F800003DAC3F5B470204403E0E01A002800DC33
:103F9000181BA5F86800AB81EC81A5F808806F813B
:103FA0001E482860012028718B4200D9FEE7B42BFF
:103FB00001D2002000E00120002C01DB8B4200DD5B
:103FC000FEE7B42C05D3A4F1B401B42901D2002634
:103FD00000E0012600903A46414605F11000FFF747
:103FE00064FE23463A46414605F13C000096FFF741
:103FF0005CFEBDE8F8832DE9F04F91B00E00054658
:1040000044D02E83286808B112F0B5FD06EB4600B7
:10401000062101EB400003E0EF3A0108F13C010802
:1040200012F093FD286040B3022101EB46010144E8
:10403000E960042101EB86010144C5E90101012188
:104040000024012E1AD0F000083012F039FE81460B
:1040500000EB860000F10408B00000B2A346ADF802
:104060001000C0F101028010ADF812B00FFA82FA10
:104070005C46CDF828B00690ABE0FEE7B4220270B3
:10408000E8680480E8684180A868048011B0BDE851
:10409000F08F0027BDF81220BAF1000F07DC0321D2
:1040A00001EB42010AEB01000FFA80FA0CE0BDF8C7
:1040B00010100523521A03EB420202EB0A00491EBC
:1040C0000FFA80FAADF81010BDF81200401CADF8E0
:1040D000120004A800F0D3FC68B1BDF9100006A9D5
:1040E000821041F827200AA900F0030041F82700B8
:1040F0007F1C042FCEDB042F71D1099906988842CA
:1041000012D129F8140028F814B0DDE90A0101449D
:10411000DDE90C201044084469680855696800010D
:104120000855641C24B252E00799884219D029F836
:10413000140028F814B06A680A9810556A680001DB
:104140001055641C069A20B2521E29F8102028F837
:1041500010B0DDE90B120A440D99091D11446A687B
:104160002FE0089929F81400884228F814B0DDE9F6
:104170000A025946104412D06A6810556A68000154
:104180001055641C069A20B2521E29F8102028F8F7
:104190001010DDE90C12114408316A6811E00C9A24
:1041A00010446A6810556A6800011055641C069A2C
:1041B00020B2521E29F8102028F810100D996A68B4
:1041C0000C3111546A6809011154401C04B20BF1FE
:1041D000010B04A800F053FC00287FF45AAF40F212
:1041E000D32016FB00F109EB4402881232F9022CAD
:1041F000824205D108EB440232F9022C82421AD0E5
:10420000A1EB8021B1F5007F03DC494341F3CF31BD
:1042100006E0C1F58061494341F3CF31C1F10F019F
:1042200029F8140028F81400686801556868090125
:104230000155641C24B2A01E0EE000BF38F8102007
:1042400029F8142039F8102028F8142069680A5C2D
:104250000A55641C24B2401E0028EFDAEA680021E7
:10426000084611801BE0EA6822F81100AB6839F8B3
:10427000102023F811200AE0AE6839F9102036F832
:104280001130934200DA1A4626F81120401C38F902
:1042900010208A4201D1A042EEDB491C09B2A042A3
:1042A000E1DB484612F056FDF0E62DE9FE4F804670
:1042B000DDF830900E461C4699F81200174600F0C3
:1042C000010AB9F91050684609F1080100F0BFFB76
:1042D000BDF90200BAF1000F30D0B84251DCBDF98F
:1042E0000600B8424DDB00BFBDF900004119B142E4
:1042F00005DCBDF904203119521B914209DDBDF9DD
:1043000002104A19BA4240DCBDF90620521BBA42DB
:104310003BDBBAF1000F18D0801B00D50020A04273
:1043200031DCBDF90410891B091A491C4218A2424C
:1043300000DD211A002926DB4044EFE0B84213DCFF
:10434000BDF90600B8420FDBCEE7871BA7420BDCA6
:10435000002F03DB3946404612F0B4FDBDF90400DE
:10436000851B6D1C002D02DC0020BDE8FE8FA542E0
:1043700004DA611B08EB050012F0A4FD1FB9A54289
:1043800001D10120F1E70220EFE7BDF80430821BE4
:10439000181A401C0FFA80FCBDF80600401A401C99
:1043A00003B2781A00B2A84202DA281A401E01E0CD
:1043B000591B401AD9F8141000B20223CF6803EB3E
:1043C0004003FB5A37F810609B1B1EB28B6849688C
:1043D00033F8103037F810004FF0000700EB010BF6
:1043E00002EB0C00401B18440FFA80F95019C01A58
:1043F000401E05B2BAF1000F22D06BE0F11B01EBB9
:104400000B0010F8010C029009EB07005FEA000AAC
:1044100008D4A24506DA18F80A10029800F020FB2A
:1044200008F80A00B5EB070A08D4A24506DA18F81E
:104430000A10029800F014FB08F80A007F1C3FB233
:10444000B742DBDB09EB0700A04201DA014600E0DE
:104450002146002901DA002002E0A04200DB2046CC
:1044600000B2211A404412F02DFDA81B411CA142AC
:1044700001DA0A4600E02246002A01DA002402E0BE
:10448000A14200DA0C4621B2404647E0F11B01EBA5
:104490000B0010F8010CC0F1FF00029009EB0700BF
:1044A0005FEA000A08D4A24506DA18F80A10029852
:1044B00000F0D6FA08F80A00B5EB070A08D4A245BE
:1044C00006DA18F80A10029800F0CAFA08F80A008A
:1044D0007F1C3FB2B742D9DB681CA04201DA691CDD
:1044E00000E02146002901DA002504E0A04201DABB
:1044F0006D1C00E025462AB2A9EB0200A11A8842F1
:1045000001DA034600E00B46002B01DA002002E04E
:10451000884200DB084601B208EB020012F0D2FC30
:1045200031E72DE9F0411546064688880A881C4681
:10453000801A401C02B2C8884B88C01A401C00B2C6
:10454000824200DA1046B5EB600F00DD4510002D09
:1045500000DA002506F1080000F079FA3582B4741B
:10456000FA483060022030710023BDB1F8480021C4
:104570004FF47A72C1EBC10400EB8404B4F9184023
:10458000AC421BD1C1EBC10100EB81004169491C68
:1045900041610169102D04DA012303E07361BDE874
:1045A000F0812B110B44934205DA102D01DA012220
:1045B00000E02A110A4402617061F0E7491C0429F5
:1045C000D8D300244FEA0401C1EBC10700EB8707F1
:1045D000D7F814C0BCF1000F07D12CB1D7F810C028
:1045E000D4F810E0F44500DA3C46491C0429EBD32A
:1045F0003CB16069401CC4E90430102D0EDA012082
:104600000DE01C2012F0A1FA040006D01C2112F0CB
:1046100059FC4FF0FF3020610BE0FEE728111844F1
:10462000904205DA102D01DA012000E028111A1855
:104630002261204629467461BDE8F041DBE42DE9A2
:10464000F0410646069C1D46B4F90A0090420CDC77
:10465000B4F90E00904208DBB4F908304F199F42BC
:1046600003DBB4F90C00884201DA012097E78742A6
:1046700003DD381A281A401C05B28B4203DD581A94
:10468000291A0DB20644B4F9100090420ADB002743
:1046900005E0217DF05D00F0E3F9F0557F1CAF42AD
:1046A000F7DB24E0B4F9121091420ADC002705E0A0
:1046B000617DF05D00F0D4F9F0557F1CAF42F7DB6F
:1046C00015E0677D237D091AFC1A101A6043491C06
:1046D00090FBF1F053FA80F0C7B2002405E0305DA2
:1046E000394600F0BDF93055641CAC42F7DB0220BE
:1046F00055E72DE9F0410446DDE906781D461646EA
:10470000083000F0A4F9267567752582A4F8128098
:10471000904820600320207141E72DE9F0411D46BB
:10472000069B0646B3F90A7097420DDCB3F90E00FA
:10473000904209DBB3F9080001EB050C844503DB6B
:10474000B3F90C408C4201DA012028E7A4EB000EFB
:104750001B690EF1010ED21B0FFA8EFE02FB0E3703
:10476000A44504DDACEB0402AA1A521C15B288421F
:1047700004DD401A291A0DB2064401E0081A074464
:10478000002405E0395D305D00F06AF93055641CA5
:10479000AC42F7DB022002E770B50446154608304C
:1047A00000F055F96C48256120600420207170BD2F
:1047B0002DE9F04F91B0894605461E4692460024E9
:1047C000102102A81A9F12F07DFB002108463EE04E
:1047D000D7F808C00CEB8002D2F800E0421C9045EC
:1047E00001D9401C00E000200CEB80004FEA2E4372
:1047F000D0F800B04FEA2B4CA3EB0C00002801DDF1
:10480000804601E0C0F1000890FBF8F00BDD534555
:104810001CDBD4451ADC02AB03EBC403C3F800B0C5
:10482000C3F804E00AE0534510DCD4450EDB02ABCC
:1048300003EBC403C3F800E0C3F804B009B181423C
:1048400004D0641CA4B20146022C06D090B2B7F882
:104850000C808045BCD8022C77D1BDF90800BDF989
:104860001010884205DCBDF90C10BDF9140081421E
:1048700006DD02AC94E80F00CDE90401CDE9022386
:104880000121BDF90E00CDE90001BDF90C30BDF9E3
:104890000A20BDF9081006A8FFF77FF90E9858BB4B
:1048A0009DF84000C00727D0BDF90810BDF90C00E5
:1048B000814201DA0C4600E0044600DD08468046ED
:1048C0004FF0000712E000BF09EB0700A04203DB36
:1048D000404501DC012000E00020C0EB0020C1B217
:1048E000E85D00F0BDF8E8557F1CBFB2B742EBDBD6
:1048F00006A8FEF7FFFE63E006AF33465246494680
:1049000028460097FFF7F3F8044606A8FEF7F2FEE4
:10491000DCB10021BDF91600CDE90001BDF914306C
:10492000BDF91220BDF9101006A8FFF736F90E9850
:1049300088BB9DF84000C0072ED0BDF91010BDF90E
:10494000140081420ADA0C4609E037E0AB42010864
:1049500038FC00203F4601081B470108044600DDE3
:10496000084680464FF0000712E000BF09EB070041
:10497000A04203DB404501DC012000E00020C0EB49
:104980000020C1B2E85D00F06BF8E8557F1CBFB2B3
:10499000B742EBDBACE7FFE73346524649462846D1
:1049A0000097FFF7A4F8054606A8FEF7A3FE2DB171
:1049B000022C05D0022D03D0204675E4002073E4BC
:1049C000022071E42DE9F041064615460C469000A0
:1049D00012F0BBF8010039D00023206808601846A7
:1049E0006F1E16E004EB800234F920C0B2F904E037
:1049F000F44505D1B2F902C0B2F906E0F44506D09B
:104A000001EB830C12685B1CCCF800209BB2401CAD
:104A100080B2B842E6DB04EB8500B4F9002030F93F
:104A2000045CAA4205D1B4F9022030F9024CA2423A
:104A300006D001EB830250F8040C5B1C10609BB2A3
:104A4000B160B3811348306005203071A7E50A8852
:104A500002804A8842808A888280C988C1807047E3
:104A6000FD2902D2022901D80020704710FB01F075
:104A700000EBC01101EBC030C0F3C7507047B0F974
:104A80000210B0F90000814201DC012070470020D3
:104A900070470000B147010808B5D308BDF80020F1
:104AA00063F30402ADF800208A08BDF8001062F339
:104AB0004A11ADF80010C108BDF8000061F3CF2025
:104AC000ADF8000080B208BD38B50446382112F0B8
:104AD000F9F900F045F80090BDF8000024F8040F43
:104AE00000F03EF80090BDF80000608000F042F851
:104AF0000090BDF80000E080FF2525720220A07222
:104B000000F038F80090BDF80000608300F032F843
:104B10000090BDF8000020851B48206104F8015C6E
:104B2000A57584F82650A57784F83250E07F20F0F0
:104B30003E001E30E07738BD30B4D38854881B1B4C
:104B40005B1C1BB2012B09DB938814881B1B5B1CAD
:104B50001BB2012B02DBC36830BC184730BC704766
:104B6000FF2208B511461046FFF796FF0090BDF8EA
:104B7000000008BD002208B511461046FFF78CFF63
:104B80000090BDF8000008BD740B04082DE9F04347
:104B900087B08946DDE91251DDE91076DDE90E8C3A
:104BA00070B1846A002C08D0CDF80080CDE90451A2
:104BB0000396CDE901C74946A04707B0BDE8F08399
:104BC000FEE700002DE9FF410D460746BDF8001045
:104BD000002060F3040189B260F34A1189B260F3E6
:104BE000CF21ADF8001088B20090BDF80000019010
:104BF0003968BC6801F01F001646042816D0062844
:104C000014D0052812D0142810D007281DD0082849
:104C10002AD0092837D00A2849D00B2851D00C288F
:104C20004FD00D284DD00E284BD04BE0FEF70BF99E
:104C3000C1083868C0F38A2010FB065001FB004110
:104C4000022201A800F0F2FA3CE0C1F38A21EA1046
:104C5000C91D05F00700C90811FB06210834C0F181
:104C60000700615C01221CE0A807C1F38A21400F04
:104C7000AA10C91C890811FB06211034C0F10600D6
:104C8000615C03220DE0E807C1F38A21400F6A103E
:104C9000491C490811FB06214034C0F10400615C45
:104CA0000F2282401140C140ADF804100AE0C1F368
:104CB0008A2010FB025004F58064205CADF80400EB
:104CC00000E00193BDF8040004B0BDE8F081FFB539
:104CD0008368006800F01F04052C08D00B2C10D04E
:104CE0000C2C23D00D2C32D00E2C47D01CE0C0F35E
:104CF0008A2010FB021000EB40001844807804B0BA
:104D0000F0BD01F00704C0F38A20C910C01DC0081F
:104D100010FB0210185CC4F1070101228A40104008
:104D2000C84001D00020EAE7FF20E8E7FCA4C0F378
:104D30008A20246800948C07640F8910C01C8008A6
:104D400010FB0210185CC4F10601032210E0F5A765
:104D5000C0F38A20F0CF8DE8F000CC07640F491033
:104D6000401C400810FB0210185CC4F104010F2223
:104D70008A401040C8401DF80000C0E7C0F38A20F8
:104D800010FB0210185CBAE72DE9F0410D460168EE
:104D90008046846801F01F001F46164605280DD086
:104DA0000B281AD00C2827D00D2839D00E288CD1EA
:104DB000C1F38A2010FB0250235486E7FEF743F824
:104DC000D8F80010C008C1F38A2111FB065100FB7E
:104DD0000100204400F8017C77E7D809C1F38A215B
:104DE000EA10C91D05F00703C90811FB0621625C22
:104DF000C3F1070301250DE09809AA07530FC1F37A
:104E00008A21AA10C91C890811FB0621625CC3F122
:104E1000060303259D40AA4398401043605454E77D
:104E20001809EA07530FC1F38A216A10491C49087F
:104E300011FB0621625CC3F104030F25EAE72DE9AB
:104E4000FF410D4601680746846801F01F001646C1
:104E5000042816D0062814D005281ED007282BD0E9
:104E600008283FD0092856D00A2808D1C1F38A2043
:104E700010FB025004F58064BDF80C102154BDE80D
:104E8000FF81FDF7E0FFC2083868C0F38A2010FBFD
:104E9000065000FB024003A90BE0FDF7D4FFC20857
:104EA0003868C0F38A2010FB065000FB024003A9BB
:104EB000521E00F0BBF9E2E7C1F38A21EA10C91DD6
:104EC00005F00700C90811FB06210834C0F10703EB
:104ED000625C0120984082436254BDF80C0000F0EF
:104EE000010014E0A807C1F38A21400FAA10C91CD1
:104EF000890811FB06211034C0F10603625C03200F
:104F0000984082436254BDF80C0000F003009840C2
:104F100010436054B3E7E807420FC1F38A216810D9
:104F2000491C490811FB06014034C2F10403605CCE
:104F30000F229A4090436054BDF80C2002F00F02FB
:104F40009A40024362549AE738B5037803F01F038E
:104F50000B2B01D1012932D80C2B01D103292ED8DA
:104F60000D2B01D10F292AD80E2B28D092B2D40AAA
:104F7000C4EBC40505EB0424E41D640964F3174382
:104F8000C2F3451404EB440505EB0424E41CA40916
:104F900064F30F2302F01F02C2EBC20404EB0222EF
:104FA000D21D520962F30703FF2262F31F630093CD
:104FB0008068042200EB8100694600F037F938BDB3
:104FC000F0B543004B4310FB01F4C51700EB5576D9
:104FD000012707EBE60616FB01F600EB957507EBDC
:104FE000A50515FB01F500EBD07007EB6000484309
:104FF000121F112A20D2DFE802F00C090C14171A34
:105000001C0E100B121F1F1F1F1F090004EB440072
:10501000F0BD1846F0BD3046F0BD2846F0BD204634
:10502000F0BD06F10800F0BD05F11000F0BD403004
:10503000F0BD04F58060F0BD0020F0BD2DE9F04129
:10504000074615460E460C2011F07FFD041E1BD0AE
:105050000C2111F037FF2A4631463846FFF7B0FFE2
:10506000606090B111F071FDA06070B1616811F0E5
:1050700029FF206820F0E00067F3942066F35F507A
:1050800065F30400206020461FE6204611F073FD02
:1050900000201AE610B5040008D0A06808B111F08D
:1050A0006AFD2046BDE8104011F065BD10BD2DE938
:1050B000FF410446DDE90A671D004FF0000002D100
:1050C000B6F5807F36D0039001900290ADF80C10B9
:1050D0000090ADF80410ADF80A20ADF80E203B4664
:1050E00032462946684610F011FD3B4632462946B5
:1050F00001A810F00BFD3B463246294602A810F0ED
:1051000005FD3B463246294603A810F0FFFCBDF9D9
:105110000000BDF90430984213DA054612E00000A1
:105120000055AAFF00112233445566778899AABB1F
:10513000CCDDEEFF2080491E6080A180521EE280FF
:105140009DE61D46BDF90820BDF90C108A4201DA22
:10515000164600E00E46B54203DA984206DB1846D2
:1051600004E08A4201DA104600E00846801E2080F2
:10517000BDF90030BDF90420934201DD1D4600E079
:105180001546BDF90800BDF90C10884201DD064640
:1051900000E00E46B54205DD934201DD194604E00C
:1051A000114602E0884200DD0146891CA180BDF95C
:1051B0000230BDF90620934201DA1D4600E0154693
:1051C000BDF90A00BDF90E10884201DA064600E07A
:1051D0000E46B54205DA934201DA194604E011465B
:1051E00002E0884200DA0146891E6180BDF9023082
:1051F000BDF90620934201DD1D4600E01546BDF9CC
:105200000A00BDF90E10884201DD064600E00E4698
:10521000B54205DD934201DD194604E0114602E086
:10522000884200DD0146891CE18028E610B503466E
:1052300005E000BF11F8014B03F8014B521E002A94
:10524000F8D110BD2DE9F04115460E460746124C27
:105250000FF0B3FE80462B4632463946204600F01A
:1052600077FB20B10020A062E06950B110E02C2152
:10527000204611F027FE4FF00040A0620020BDE85C
:10528000F08140460FF0A1FEE06108B90120E06125
:105290002046F4E7704770478CFB002008B5D30820
:1052A000BDF8002063F30402ADF800208A08BDF8C1
:1052B000001062F34A11ADF80010C108BDF80000FB
:1052C00061F3CF20ADF8000080B208BD70B54C6A24
:1052D0000D46002C12D0287C012802D1204610F067
:1052E0005AFFE06808B111F046FC206908B111F0DE
:1052F00042FC204611F03FFC0020686270BDC16096
:1053000070472DE9FF4F8046007D81B091460E46E3
:1053100000F01F00FDF797FD8246012101FA0AF116
:10532000491E0025D8F814001FFA81FB00F01F0168
:105330002F462C46072906D0082912D009291FD04C
:105340000A2932D12BE0C0F38A20C01DC50804EB26
:10535000E60115FB091406F00700C0F10707083441
:1053600023E0C0F38A20C01C850804EBA60115FBCE
:105370000914062106F00300A1EB4007103414E0E5
:10538000C0F38A20401C450804EB660115FB091494
:10539000042106F00100A1EB8007403405E0C0F3D2
:1053A0008A2515FB096404F580642846D8F8249002
:1053B00011F086FC061E40D098F8100068B100225B
:1053C000211D484610F0DFFF00232A46314648469B
:1053D00010F09AFF3146002028E0D8F804008068D9
:1053E0000119F8E70A78D9F80C30FA4002EA0B0202
:1053F00003EB42030E9D1B8800EB4004ADF8003028
:105400002B55BDF800301D0A0E9B23445D70D9F862
:105410001040A25C9A70A7EB0A0257B2002F03DA81
:10542000CAF1080257B2491C401C00B2049A9042CB
:10543000D8DB304611F08EFC012005B0BDE8F08FBE
:105440002DE9FF4F8046FBA087B000680490FAA0CA
:10545000FAA3006893460F4605900FCB8DE80F0026
:10546000B8F80810002089B2CAB2090A09E000BFE2
:10547000149C00EB4003401CE254149C00B22344F3
:1054800059700A9B9842F3DB98F814004FF000091A
:1054900000F01F00FDF7D7FC8246012101FA0AF156
:1054A000491E88B206900025D8F814002C4600F05A
:1054B0001F012E460B2906D00C2912D00D2920D011
:1054C0000E2931D12CE0C0F38A20C01DC50804EBA1
:1054D000E70115FB0B1407F00700C0F1070604A84D
:1054E0000DE0C0F38A20C01C850804EBA70115FB62
:1054F0000B1407F003000621A1EB400605A8814626
:1055000012E0C0F38A20401C450804EB670115FB3C
:105510000B1407F001000421A1EB80066846EEE7BA
:10552000C0F38A2515FB0B742846D8F8247011F0B7
:10553000C7FB5FEA000B13D098F8100098B1002267
:10554000211D384610F01FFF00232A4659463846D1
:1055500010F0DAFE5946CAF10802002053B221E0E9
:1055600000200BB06AE7D8F8040080680119F2E760
:105570000A78069CF240224098F8144004F01F0478
:105580000E2C01D019F80220149C00EB40052C448D
:10559000A270A6EB0A0256B2002E01DA1E46491C82
:1055A000401C00B20A9A9042E2DB584611F0D2FB4E
:1055B0000120D6E72DE9F84F0C461D461646207D02
:1055C000DDE90A32002100F01F00042816D005286A
:1055D00014D0062812D00B2839D00C2837D00D282B
:1055E00035D00E2833D0072838D0082836D00928DF
:1055F00034D00A2832D00020BDE8F88F277C012F54
:1056000033D198469146D4F824A0FDF71CFC0746F8
:105610006069C0F38A2015FB00607843C110002246
:105620005046091D10F0AFFE002470B9FD0805FBBF
:1056300008F56B462A4649465046009410F064FE31
:1056400018B90098854200D1012421460DE000924E
:105650002A4631462046FFF7F3FE05E000922A462F
:1056600031462046FFF74DFE01460846C4E78160FB
:1056700070472DE9FE430646087C0C46012801D000
:1056800030B329E0606810F052FF70A123F0FAFCFB
:1056900028B902226846616810F040FD10B1002070
:1056A000BDE8FE83606A38B9142011F04EFA6062DA
:1056B00068B1142111F006FCD4F8240069460C22CC
:1056C00011F8013B00F8013B521EF9D104E0FEE75E
:1056D000606880680028E3D0207D00F01F00042867
:1056E00016D0052814D0062812D0142810D00E2861
:1056F0000ED0072812D0082810D009280ED00A286A
:105700000CD00B286BD00C2869D00D2867D068E02E
:10571000207C80BB60688068A06160E0FDF793FB3F
:1057200001278740606A38B9142011F00EFA6062D0
:10573000B8B1142111F0C6FB7800656A11F005FAC2
:10574000E86078B1384611F000FA286158B1E8688D
:1057500078B3207C012807D060680024D0F8088046
:105760003BE0FEE7FEE7FEE700220421284610F0BA
:105770000AFE00241AE032E000230422694628468B
:1057800010F0C2FD9DF800209DF801109DF8020068
:10579000FFF784FD0190E868BDF8041000EB4400B9
:1057A000018029699DF803000855641CBC42E3D3BD
:1057B00015E016E008EB840618F824207178B0781C
:1057C000FFF76CFD0090E868BDF8001000EB4400A6
:1057D00001802969F0780855641CBC42EAD3012095
:1057E0005EE721463046FFF771FD58E7416070479C
:1057F0007FB514460D460846FDF73FFB20B1012852
:1058000026D0022849D045E0296801F01F00001F7A
:1058100011283FD2880A216860F39421216028680A
:10582000400D60F35F512160287860F3040121602E
:105830003FE0000000FF00000055AAFF00112233E6
:10584000445566778899AABBCCDDEEFF62696E008D
:10585000284610F06CFEAFF20C0123F013FCC8B91F
:1058600002222946684610F059FC68B903AB0422AD
:105870002146684610F048FD0546684610F08BFC4E
:1058800045B90398042805D1207800F01F00001FB7
:1058900011280ED3002004B070BD2068012161F3EF
:1058A0009420C0F3140000F5001020F01F000B300E
:1058B00020600120EFE70160704710B5694810F0E3
:1058C000F3FE040004D0142111F0FCFA204610BDB0
:1058D000FEE710B51421634810F0DEFEFFF7EDFF80
:1058E00060B1AFF2F3010160AFF279214160AFF234
:1058F0003B318160AFF22B61C16010BDFEE72DE945
:10590000F0410F4605460421384611F0DBFA25B177
:105910002846FDF7B2FA18B105E00020BDE8F08195
:10592000A8680028FAD000264E4810F0DEFE0BE0F2
:1059300023682BB13A46294698470646012805D0E8
:105940002146484810F024FF0400F1D13046E5E735
:105950002DE9FF410E461D460446282111F0B2FAFA
:10596000AEB13046FDF789FA08B9B16879B1BDF832
:10597000081021812074E56001280BD066600027A3
:10598000384810F0B2FE054604F1140830E000205B
:1059900004B0C3E7304623F06EFB401C11F0D5F88D
:1059A000606018B1314623F088FBE8E7FEE72B681A
:1059B000CBB16868B8B14246314628469847074699
:1059C000012810D125606A6821462846904707467D
:1059D0000128DDD00421404611F074FA0020206235
:1059E000A0616062E06129461E4810F0D1FE0546C4
:1059F000002DDCD1207C012802D1606811F0BBF8B9
:105A00003846C5E72DE9FC4105680E46089FAC689D
:105A100000213CB1CDE90037134601463246284605
:105A2000A04701460846BDE8FC8110B50446006861
:105A300000280BD0C2680AB121469047207C01287B
:105A400004D1606811F097F80020606010BD10B5B7
:105A500004460146034810F0A3FE2046BDE810406E
:105A600011F089B874FB00202DE9F047B3F902402A
:105A7000DDE908091D46904614FB08F301EB4303DA
:105A8000B5F900100A9A03EB4106B2F90230B2F9F7
:105A9000002003FB09F300EB430000EB4207A8885A
:105AA000401A401C00B24FEA400A0AE0524639460A
:105AB000304611F073F9641C06EB480607EB490702
:105AC00024B2B5F90600A042F0DABDE8F0877047CD
:105AD00010B50C465421204611F0F4F9134820610A
:105AE0001348E0601348E0621348E06113486061C6
:105AF00013482062134860621348A062AFF231007D
:105B00002063AFF29B0060631048A0631048E0631D
:105B10001048206410486064104820652C20A06460
:105B200010BD0846542111F0CDB90000716B010879
:105B300053AF01088BAF01089B8801089B820108C5
:105B4000E38F0108859101085B5F01088762010806
:105B50007D630108C96301084F6401086B7801087F
:105B600078B58BB2D90AC2F1FF0411FB04F581B2FA
:105B7000C80A10FB0250803000EBC01505EBC030A6
:105B8000C0F3C455BDF8000065F3CF20C3F345153D
:105B900015FB04F5C1F3451616FB0255803505EBE0
:105BA000C51606EBC535C5F3C55565F34A1003F0B8
:105BB0001F0313FB04F301F01F0111FB02318031BD
:105BC00001EBC11202EBC131C1F3C45161F3040016
:105BD000ADF8000080B278BD2DE9FF4F99B098462E
:105BE000DDE926B12D9816468A464FF000090428B3
:105BF00011D0052811D0062812D0142870D1012701
:105C00000225002418FB06F00E901A98401E0D90F5
:105C1000701E069051E10027F2E701270325F0E707
:105C200001270225FCF79BFB0068D0F83890E8E7D5
:105C3000289860430BEB2022299860430AEB20212F
:105C400010124FEA212E7DD41A9B98427ADABEF1C7
:105C5000000F77DBB64575DAD2B2CBB2802A05DA0F
:105C6000C2F17F024FF0FF31520003E001215200E8
:105C7000A2F580720992802B05DAC3F17F034FF001
:105C8000FF325B0003E001225B00A3F580730A93FF
:105C90000EFB080C199B0CFB05330793431811935B
:105CA00072D4DDF834C063456EDC1EEB02036BD4A6
:105CB000DDF818C0634567DCDDF81CC011FB05C1C9
:105CC000CDE915C112FB08F101FB05C10C91D7B359
:105CD0002D99052905D014290BD0062955D066E049
:105CE000EFE01598807807900C9881781698807866
:105CF00010E0199A0E990EFB08FC02EB41010A18FC
:105D00000EFB08111CF802000790119803FB08F322
:105D1000085C995C079A91420AD00A9A11FB02F238
:105D20000A99C1F58073079911FB0321C1F307217B
:105D3000079A90420DD0099A10FB02F20998C0F51B
:105D4000807301E02FE035E0079810FB0320C0F3DB
:105D5000072008442C994008085527D01598017849
:105D6000407801EB0020ADF80C000C9801784078E9
:105D700001EB0020ADF8100016980178407801EB97
:105D80000020ADF8080023E04CE0159801881FFAC8
:105D900089F0814207D00C990988814203D0169975
:105DA0000988814203D12C990020085583E0FF2106
:105DB0000846CEE715980088ADF80C0016980088C4
:105DC000ADF808000888ADF810002C98FF210155A7
:105DD000BDF80C00BDF81010884209D1BDF80810BC
:105DE000884205D12B98BDF80C1000EB440017E059
:105DF0000A98C2B2DDE90310FFF7B2FE04900998D9
:105E0000C2B2DDE90201FFF7ABFE7F2202900499E6
:105E1000FFF7A6FE00902B98BDF8001000EB4400A1
:105E2000018048E0079B93F800C05B780CEB0323EC
:105E3000DDF8ACC09BB22CF81430DDF8B4C0BCF176
:105E4000050F06D0BCF1060F06D0BCF1140F09D126
:105E50000AE0079B9B780FE01FFA89FC634501D19C
:105E6000002309E0FF2307E0199B0EFB083C0E9B73
:105E700000EB43031CF8033008B9002905DBDDF80B
:105E800034C0604503D1002901DD09980AE0BEF164
:105E9000000F01D1002A04DB06998E4508D1002AA3
:105EA00006DD0A98C0F1FF0010FB03F0010A00E0D4
:105EB00000212C980155641C24B22A988442FFF6D4
:105EC000B7AE1DB0BDE8F08FF0B5D0E90646059D30
:105ED0004FF480772EB9BC4203D10802186010023B
:105EE00039E0B0F928C0A1EB0C01B0F92AC0A2EB4F
:105EF0000C029EB1BC421AD1446906694C4306FBB0
:105F00001244066A06EBA4041C6003694B43416912
:105F1000406A01FB023100EBA1001CE0066A01FBB4
:105F200004611960416A806902FB001013E0466950
:105F300007694E4307FB12666643046A04EBA62416
:105F40001C6003694B43416901FB02318269406A6D
:105F5000514300EBA1202860F0BD2DE9FF4FA1B017
:105F60000D46309FDDF8CCB04FF48031B7F900001A
:105F70004FF00A0940421A907888B1FBF0F01A9964
:105F8000199091FBF9F478681D900846614201EB85
:105F9000810100EB410604F1010820B210F0CEFCB3
:105FA00005900FFA88F010F0C9FC82465A3420B2EE
:105FB00010F0C4FC044608F15A0000B210F0BEFC18
:105FC000059AC6F10A0101FB02F3614300FB0611C9
:105FD0000AFB063391FBF9F093FBF9F2189050118C
:105FE0001790189840111890BDF9740000021B908A
:105FF000BDF9760000021C90A8882988401A401C30
:1060000004B2E8886988401A401C0FFA80FA00261A
:1060100047E00CA80090B5F90200B5F9001082190C
:106020000BAB13A8FFF750FF0EA80090B5F90200C4
:10603000B5F9041082190DAB13A8FFF745FF0B9BB0
:106040000D980E99A0EB03080C980022A1EB000C10
:106050001146012C08DD4FEA0822611E92FBF1F285
:106060004FEA0C2C9CFBF1F199463B7DDB071CD0E1
:10607000DDE93138CDE906B3CDF80090CDE9010274
:106080000DF10C0C8CE81201DDE92301DDE92E2372
:10609000FFF7A2FD3298761C00EB4400A34436B211
:1060A00032905645B5DB25B00CE7319B042B52D01E
:1060B000052B13D0062B4ED0142BEBD1239B1E9314
:1060C000249B12932E9B079305912F9B3299864612
:1060D00009920020CDF88090109188E0239B1293C4
:1060E000249B1093DDE92E3C0491CE4632998146E3
:1060F000E0460192002009912AE0049A0199424366
:1061000041430EEB212109EB222209124FEA222200
:1061100007D4DDF840C0614503DA002A01DB9A426A
:1061200001DB002210E002FB0811DDF848C001EBA2
:10613000410161440A7891F801C002EB0C22DDF8BC
:1061400024C02CF810208A780BF80020401C00B2E4
:10615000A042D2DB9EE7CDE906B3DDF8C880CDF8DA
:106160000090CDE901020DF10C0C8CE81201DDE983
:106170002301DDE92E2300F03DF88BE70999209AF1
:10618000414302EB2121059A42430EEB22220912E0
:106190004FEA222209D4DDF848C0614505DA002A19
:1061A00003DBDDF81CC0624503DB00210BF80010A7
:1061B0001BE002FB0319DDF87880DDF840C008EB36
:1061C00049080CEB4009B8F80080A9F80080DDF818
:1061D0001C8003FB08FCDDF8788008EB4C0C614464
:1061E00002FB03110A780BF80020401C00B2A04209
:1061F000C4DB4FE72DE9FF5F9846DDE90E54DDE98A
:1062000011A6DDE9149BFCF7AAF800683146876BFC
:10621000484610F08FFE0020034630E010990AFB3C
:1062200000F2414305EB212104EB222209124FEA3F
:10623000222209D4DDF804C0614505DA002A03DB17
:10624000DDF808C0624502DB09F800300AE002FB15
:106250000811DDF800C0139A0CEB410102EB40027B
:1062600009881180BBF1060F07D11399BAB231F832
:106270001010914201D109F80030401C00B2B04228
:10628000CCDBBDE8FF9F70B5064615460C46D0072F
:1062900001D0002070BDA80743D5A06A00F00040DF
:1062A00000F5C040A06220460FF03EF9A16A400010
:1062B00021F00042824202D960F31E01A162A06A6D
:1062C00020F0004010F041FC2146606168B9A06AEE
:1062D00000F0004000F54060A06220F0004010F0A7
:1062E00034FC214660610028D4D00846D0E9001271
:1062F0008160E2606188E181A1892089081A401CDF
:10630000A16A00B221F0004100EB400291FBF2F1E2
:106310002182A16A21F0004191FBF0F041106182DD
:106320002AE00846D0E900128160E2600FF0FCF834
:106330004100A06A61F31E00A06220F0004010F04E
:1063400004FC6061A16A21F0004110F0BBFDA06A6D
:1063500005F0010565F3DF70A0626069002899D03F
:10636000306004F108007060B060FBF7F8FF00686F
:10637000016965F386110161204670BD2DE9F04188
:1063800017460C460646FBF7EAFF0546F807A06AE3
:1063900020F000410BD0606910F094FDA06A40F03D
:1063A0000041A1622868016941F0400104E0A16256
:1063B0002868016921F04001016160690834C6E97B
:1063C0000004B460BDE8F081FEB5054600680290A7
:1063D00000980C4620F0E00000906868164681881E
:1063E0000088081A0099401C60F3942100916868A5
:1063F000C1884088081A0099401C60F35F510091E1
:10640000A06A002801DA052100E00421009861F368
:10641000040000906846FEF73EFF206A2860E069AD
:106420006860A069A860FBF79AFF006894F82420D0
:106430006B46016962F38611016104F1080231467D
:106440002846FCF7E6FC2846FCF763F9FEBD4869E0
:1064500010F091BB2DE9F047814642F30006C0F1F0
:106460005A001D460F46540800B2761C10F066FA1A
:10647000A7EB040800FB08F0C711484610F05EFACD
:1064800000FB08F0C011002F06DD7F3F39120A1B08
:1064900032442A80214405E07F3739120A1B214407
:1064A0002A80891BA980002806DD7F380012011B85
:1064B00031446980204405E07F300012011B2044F4
:1064C0006980801BE880BDE8F0877CB50446806960
:1064D00061896D468668A08903290ED0032867D09C
:1064E000814203D12289E3889A427CD302297BD05E
:1064F00001297AD0022979D0B1E003281FD1E088A0
:10650000218988421BD25A3000B210F017FAB4F930
:106510000410B4F90E20891A48432168098801EB58
:10652000E030ADF80000B4F9060010F007FAA188D9
:1065300010FB01F02168498801EBE03040E0206861
:10654000A18800880844ADF8040020684088401EF7
:10655000ADF80600E0885A3000B210F0EFF9B4F957
:106560000410B4F90E20891A48432168098801EB08
:10657000E030ADF80000B4F9060010F0DFF9A188B2
:1065800010FB01F021683246498801EBE030ADF89C
:106590000200694608460EF0EFFF30B1A069856041
:1065A000D4E905202169FEF7C7FAA089032856D14E
:1065B00020680088ADF800002068A1884088401A53
:1065C000ADF8020020895A3000B210F0B7F9A18866
:1065D00010FB01F02168098801EBE030ADF8040000
:1065E000B4F9080003E018E012E015E011E010F043
:1065F000A5F9B4F90410B4F90E20891A48432168AA
:106600003246498801EBE030ADF8060069461BE0F0
:1066100018B1012801D022E008BB2068324600886A
:10662000ADF800002068A1884088401AADF802004B
:106630002068A18800880844ADF804002068294635
:106640004088401EADF8060008460EF095FF30B1B8
:10665000A0698560D4E905202169FEF76DFAA0697B
:1066600086607CBD7CB50446806961896D4686681C
:10667000A08902290CD002287ED0814203D1228930
:10668000E3889A4279D3002978D0012977D0D4E0E1
:1066900002283FD1E088218988423BD25A3000B29B
:1066A00010F04CF9A18810FB01F02168098801EB7A
:1066B000E030ADF80000B4F9060010F03FF9B4F98D
:1066C0000410B4F90E20891A48432168498801EB67
:1066D000E030ADF80600B4F9080010F02FF9A188F9
:1066E00010FB01F02168498801EBE030ADF80200B1
:1066F00020895A3000B210F021F9B4F90410B4F92D
:106700000E20891A48432168098801EBE030ADF872
:10671000040066E020680088401EADF80400206890
:10672000A1884088401AADF80200E0885A3000B2D3
:1067300010F004F9A18810FB01F02168098801EB31
:10674000E030ADF80000B4F9060010F0F7F8B4F945
:106750000410B4F90E20891A48432168324649884A
:1067600001EBE030ADF80600694608460EF004FF84
:1067700058B1A069856003E00AE03BE034E036E010
:10678000D4E905202169FEF7D7F9A089022854D160
:106790002068A1880088401AADF800002068408871
:1067A000401EADF8060020895A3000B210F0C6F83D
:1067B000B4F90410B4F90E20891A484321680988F5
:1067C00001EBE030ADF80400B4F9080010F0B6F8C1
:1067D000A18810FB01F02168498801EBE030ADF899
:1067E0000200324669461DE0032803D025E0032855
:1067F00000D010BB2068A18832460088401AADF84E
:1068000000002068A1884088401AADF80200206886
:1068100029460088401EADF8040020684088401ECC
:10682000ADF8060008460EF0A7FE30B1A0698560FD
:10683000D4E905202169FEF77FF9A06986607CBD57
:106840007CB50446806961896D468668A089012906
:106850000CD0012867D0814203D12289E3889A4273
:106860007ED300297DD003297CD0B5E0012822D138
:10687000E088218988421ED2B4F9060010F05EF843
:10688000A18810FB01F02168498801EBE030ADF8E8
:106890000600E0885A3000B210F050F8B4F9041045
:1068A000B4F90E20891A48432168098801EBE030C9
:1068B000ADF8040042E02068A1880088401AADF8D5
:1068C000000020684088ADF80200B4F9060010F01E
:1068D00035F8A18810FB01F02168498801EBE03010
:1068E000ADF80600E0885A3000B210F027F8B4F98D
:1068F0000410B4F90E20891A4843216832460988E9
:1069000001EBE030ADF80400694608460EF034FEB5
:1069100030B1A0698560D4E905202169FEF70CF942
:10692000A089012858D120680088401EADF80400D5
:106930002068A18840880844ADF80600B4F9080032
:106940000FF0FCFFB4F90410B4F90E20891A484383
:106950002168498801EBE030ADF80200208902E0AF
:1069600018E010E014E05A3000B20FF0E7FFA18801
:1069700010FB01F021683246098801EBE030ADF8E8
:10698000000069461DE0022804D0032802D023E05D
:10699000022821D12068A18832460088401AADF82B
:1069A000000020684088ADF8020020680088401E82
:1069B000ADF804002068A18840880844ADF80600BE
:1069C000294608460EF0D8FD30B1A0698560D4E9AB
:1069D00005202169FEF7B0F8A06986607CBD7CB512
:1069E0000446806961896D468668A08961B1002886
:1069F00065D0814203D12289E3889A427ED302295D
:106A00007DD003297CD0B0E010BBE088218988428A
:106A10001ED2B4F906000FF091FFB4F90410B4F9D6
:106A20000E20891A48432168498801EBE030ADF80F
:106A30000200E0885A3000B20FF080FFA18810FBFE
:106A400001F02168098801EBE030ADF8040040E076
:106A500020680088ADF800002068A18840880844BC
:106A6000ADF80600B4F906000FF068FFB4F90410A1
:106A7000B4F90E20891A48432168498801EBE030B7
:106A8000ADF80200E0885A3000B20FF057FFA1883D
:106A900010FB01F021683246098801EBE030ADF8C7
:106AA0000400694608460EF067FD30B1A0698560B4
:106AB000D4E905202169FEF73FF8A089F0BB2068E2
:106AC000A18800880844ADF8040020684088ADF82B
:106AD0000200B4F908000FF031FFA18810FB01F0AB
:106AE0002168498801EBE030ADF8060020895A3072
:106AF00000B20FF023FFB4F9041002E012E00FE03F
:106B00000CE0B4F90E20891A4843216832460988FE
:106B100001EBE030ADF8000069461BE0022801D02F
:106B2000012822D120680088ADF800002068408844
:106B3000ADF802002068A188008800E015E0084454
:106B4000ADF804002068A188324640880844ADF8BA
:106B50000600294608460EF00FFD30B1A069856099
:106B6000D4E905202169FDF7E7FFA06986607CBDB7
:106B70002DE9F04FCBB08346DDE95465087B98469C
:106B800014460F4602287DD9B7F90200002879D0B3
:106B9000AE4277D01AB281469246404500DD91461A
:106BA00001A8FDF791FF787B00F003008DF8060047
:106BB000B86840B100208DF80700B8680590387BB0
:106BC0008DF81E0005E0387B8DF807003888ADF899
:106BD00008002188A8F10103A1EB0802ADF84020CC
:106BE0006188A1EB0801ADF8421020881844ADF887
:106BF0004400B4F802C0ADF8D4006344ADF84630A8
:106C0000ADF8D020ADF8D210ADF8D630B7F802C04C
:106C10006244ADF8D020B7F802C0614409B2ADF8C3
:106C2000D210B7F802C0A0EB0C00ADF8D400B7F852
:106C300002C0801AA3EB0C034FF0FF3C1BB2CDF84F
:106C40000CC1401CADF8D6304FF0000C00B2CDF8AE
:106C500010C1002812DD581A401C00B200280DDDBA
:106C6000012347F6FF7234A937A8FDF75AFC01202B
:106C70004490002137A8FCF7B7FC4390002347F667
:106C8000FF7200E02DE010A93DA8FDF74AFC0021AD
:106C90003DA8FCF7A9FC459006F5B470A84205D0C4
:106CA00005F5B4714FF4B4708E4220D147F6FF70F1
:106CB000ADF8040010AA01A95846FDF73DFF45981C
:106CC000FCF7F4FC4398401C02D04398FCF7EEFC20
:106CD0003DA8FCF70FFD4498002802D037A8FCF728
:106CE00009FD4BB0BDE8F08FA6F5B476B6B286428A
:106CF000FAD202E0A5F5B475ADB28542FAD228B257
:106D000049900090B4F90220B4F9001033B219A8E8
:106D10004A93FDF71DF9002119A8FCF765FC469080
:106D2000B54203D9A81BC0F5B47000E0701BDBF8B6
:106D3000081000913C282ADDB8F10A0F27D95A2003
:106D4000B6FBF0F1B5FBF0F000F00300ADF8540035
:106D500001A8ADF84CA0ADF8505001F00301169019
:106D60001294ADF84E60ADF85210ADF8569010A8E0
:106D7000CDE9170B12A8FFF732FE12A8FFF760FD4E
:106D800012A8FFF76FFC12A8FFF79FFB04E010AA00
:106D900001A95846FDF7D0FE19A8FCF7ABFC3DA8A9
:106DA000FCF7A8FC449810B137A8FCF7A3FC469860
:106DB000FCF77CFC4598FCF779FC4398401C02D01A
:106DC0004398FCF773FC787B40078AD509F0FF02F3
:106DD00012AB51464A98FFF73DFBBDF848002188A9
:106DE00012AA0844ADF84800BDF84C0021880844B8
:106DF000ADF84C00BDF84A0061880844ADF84A007F
:106E0000BDF84E0061880844ADF84E0015A8009901
:106E10000EF0B2FB15AEC0B1002347F6FF7212A907
:106E200043A8FDF77EFB002143A8FCF7DDFB0546E8
:106E3000584610AA01A9CBF80860FDF77DFE284648
:106E4000FCF734FC43A8FCF755FC09F0FF0212AB39
:106E500051464998FFF7FEFABDF84800218812AA6A
:106E60000844ADF84800BDF84C0021880844ADF84E
:106E70004C00BDF84A0061880844ADF84A00BDF8EE
:106E80004E0061880844ADF84E0015A800990EF038
:106E900073FBC0B1002347F6FF7212A943A8FDF7A8
:106EA00040FB002143A8FCF79FFB0446584610AA6C
:106EB00001A9CBF80860FDF73FFE2046FCF7F6FB82
:106EC00043A8FCF717FC0098CBF8080009E700007E
:106ED00078B58BB2D90AC2F1FF0411FB04F581B277
:106EE000C80A10FB0250803000EBC01505EBC03023
:106EF000C0F3C455BDF8000065F3CF20C3F34515BA
:106F000015FB04F5C1F3451616FB0255803505EB5C
:106F1000C51606EBC535C5F3C55565F34A1003F034
:106F20001F0313FB04F301F01F0111FB0231803139
:106F300001EBC11202EBC131C1F3C45161F3040092
:106F4000ADF8000080B278BD7CB50446087E0D46E1
:106F500002280ED9A268684629680EF00DFB0028A9
:106F600007D0216B09B120468847226D294620466B
:106F700090477CBD2DE9FF4F1D468A880B888BB05A
:106F8000D21A521C17B2CA8849880446511A491CA1
:106F90001C98DDF868A00FFA81F9012805D00228B5
:106FA00005D003284DD1FE4802E0FE4800E0FE482F
:106FB00080465FEA0A002088ADF804002888ADF812
:106FC000080005D09AF80000FD283DD319983EE04E
:106FD000DDE901104346199A9847009000202DE002
:106FE000002621E0BDF8080035F81610884205D1CA
:106FF000BDF8040034F8161088420FD004EB4600A8
:1070000043460088ADF8040005EB4600199A008855
:10701000ADF80800DDE901109847009004EB460048
:10702000BDF800100180761CBE42DBDB0D9804EB3E
:107030004004189805EB40050AF1010082464845D6
:10704000CEDB0FB0BDE8F08F19994843000A024625
:107050000090DDE9011043469847099000203DE08B
:1070600000262FE01AF8060058B3FD2801D319981E
:1070700002E019994843000ABDF8081035F81620B7
:10708000914208D1BDF8041034F81620914202D183
:107090000099814210D004EB460102460988ADF800
:1070A000041005EB460143460988ADF8081000902E
:1070B000DDE901109847099004EB4600BDF8241063
:1070C0000180761CBE42CDDB0D9804EB400418987D
:1070D00005EB40051B9882440BF1010083464845AF
:1070E000BEDBAEE72DE9FF4F8A880B8889B0D21A44
:1070F000521C17B2CA8849880446511ADDE916B8ED
:10710000491C19980FFA81F9012813D0022813D0CD
:10711000032843D1A24E00BF5FEA08000ED0002032
:1071200006902088ADF8140098F80000FD2837D3A9
:107130005A4638E09B4EEFE79B4EEDE72088ADF8CE
:107140000000ADF808005A4600990C98B047059029
:10715000002020E0002517E0BDF8080034F81510E5
:1071600088420BD004EB45005A460088ADF8140065
:10717000ADF8080005990C98B047059004EB450060
:10718000BDF8141001806D1CBD42E5DB0B9804EBCB
:10719000400408F1010080464845DBDB0DB051E7B3
:1071A00000FB0BF0020A05990C98B04708900020EC
:1071B00034E0002529E000BF18F8050020B3069947
:1071C000884205D1BDF8141034F81520914216D02C
:1071D000FD2801D35A4602E000FB0BF0020A04EB43
:1071E00045000088ADF8180006990C98B047089043
:1071F00018F80500069034F81500ADF8140004EBFB
:107200004500BDF8201001806D1CBD42D4DB0B98F9
:10721000189904EB400488440AF10100824648456D
:10722000C7DBBBE72DE9FF4F06468A8808888BB08D
:10723000101A401C07B2CA884888DDE919BA101A2A
:10724000401C0FFA80F85FEA0A001D46584605D038
:10725000FD287DD9A7F1040B00202BE1FD2811D3D7
:1072600000247F000BE03A46294630460FF096FD99
:107270000D98641C06EB4006189805EB4005444544
:10728000F1DBDEE6002021E0002415E006EB440AF5
:107290005A46BAF80000ADF8180005EB4400008823
:1072A000ADF81400DDE90501FFF712FE0590BDF809
:1072B0001410AAF80010641CBC42E7DB0D9806EB22
:1072C0004006189805EB400509F10100814640454C
:1072D000DADBB6E6D14600241CE000BF99F80020B6
:1072E000AAB1FF2A06EB44001AD009900088ADF835
:1072F000200005EB44000088ADF81C00DDE9070123
:10730000FFF7E6FD0690BDF818100998018009F115
:107310000109641CBC4202DA5FEA8970DED17EE0BA
:1073200005EB44010988F1E7D9F80000F0B3401CEF
:107330007AD099F80020BAB1FF2A06EB440072D047
:1073400009900088ADF8200005EB4400008800E0BB
:10735000B9E0ADF81C00DDE90701FFF7B9FD0690C3
:10736000BDF818100998018009F10100059099F8FD
:107370000120EAB1FF2A06EB440066D0099040885C
:10738000ADF8200005EB44004088ADF81C00DDE9B5
:107390000701FFF79DFD0690BDF81810099806E05B
:1073A000297A0108017B01088F7A010834E04180C5
:1073B0000598401C05900278AAB1FF2A06EB44000C
:1073C00047D009908088ADF8200005EB4400808804
:1073D000ADF81C00DDE90701FFF77AFD0690BDF866
:1073E00018100998818005984278AAB1FF2A06EB07
:1073F000440032D00590C088ADF8200005EB440071
:10740000C088ADF81C00DDE90701FFF761FD0690BB
:10741000BDF818100598C18009F10409241D5C45C8
:1074200082DB3BE000E00CE005EB440006EB4401AE
:1074300002880A8042884A8082888A80C088C88000
:10744000EAE705EB440109888DE705EB440149882B
:10745000A5E705EB44018988C4E705EB4401C98829
:10746000D9E700BF99F80020AAB1FF2A06EB440033
:1074700025D009900088ADF8200005EB4400008875
:10748000ADF81C00DDE90701FFF722FD0690BDF80D
:1074900018100998018009F10109641CBC42E1DB64
:1074A0000D981B9906EB400618988A4405EB400599
:1074B0000198401C01904045FFF60CAFC1E505EB7B
:1074C00044010988E6E700202DE000241FE000BF0A
:1074D0001AF80400D0B1FD2801D35A4602E000FB9F
:1074E0000BF0020A06EB440003900088ADF8180088
:1074F00005EB44000088ADF81400DDE90501FFF755
:10750000E7FC05900398BDF814100180641CBC4290
:10751000DEDB0D981B9906EB400618988A4405EBB4
:10752000400509F1010081464045CEDB89E52DE9A2
:10753000FF4F044688880A8883B0801A401C05B231
:10754000C8884988DDE91086401A401C0FFA80F986
:1075500076B1BDF81800B8F1FD0F00EB00400090C7
:107560007ED3A5F104084FF0000BBDF818A032E15E
:10757000B8F1FD0F0ED3002608E02A4620460699F2
:107580000EF012FC0598761C04EB40044E45F4DB2B
:1075900007B057E5BDF80010002060F3040189B280
:1075A00060F34A1189B260F3CF21ADF8001088B2C0
:1075B0000090BDF800000090014642460698FFF793
:1075C00087FC01900699404689B2CA0A424362F399
:1075D0000F06C1F3451201F01F0101FB08F102FB88
:1075E00008F261F30F0762F31F46BA46C8F1FF01C4
:1075F00000224FE0002047E0BDF8003034F8107062
:10760000BB423BD004EB4003B7B21B88ADF800305F
:10761000ADF808309BB24FEAD32C0CFB01778037D2
:1076200007EBC71C0CEBC737BDF80480C7F3C45782
:1076300067F3CF28C3F3451C370C0CFB0177803769
:1076400007EBC71C0CEBC737C7F3C55767F34A18DE
:107650001FFA8AF703F01F0303FB0173803300E076
:10766000C0E003EBC31707EBC333C3F3C45363F3A7
:107670000408ADF804801FFA88F3019304EB40037B
:10768000BDF804701F80401CA842B5DB0598521C51
:1076900004EB40044A45ADDB7AE7002710E032787E
:1076A000FF2A12D02088ADF8040001990698FFF750
:1076B0000FFC0190BDF804002080A41C761C7F1CE8
:1076C000AF425DDAB007EAD15AE0A4F800A0F4E7CF
:1076D0003068411C43D0E8B33278FF2A53D0208869
:1076E000ADF8040001990698FFF7F2FB0190BDF890
:1076F0000400208016F8012FA41CFF2A46D0208801
:10770000ADF8040001990698FFF7E2FB0190BDF87F
:107710000400208016F8012FA41CFF2A39D02088ED
:10772000ADF8040001990698FFF7D2FB0190BDF86F
:107730000400208016F8012FA41CFF2A2CD02088DA
:10774000ADF8040001990698FFF7C2FB0190BDF85F
:10775000040000E011E02080A41C761C0FE0A007CC
:1077600007D0A4F800A0022000990151A4F806A0B7
:1077700003E000982060009860600834361D3F1DCB
:107780004745A5DD1CE0A4F800A0B3E7A4F800A0DD
:10779000C0E7A4F800A0CDE7A4F800A0DCE73278A9
:1077A000FF2A1CD02088ADF8040001990698FFF745
:1077B0008FFB0190BDF804002080A41C761C7F1C68
:1077C000AF42ECDB05980BF1010B401B04EB4004CE
:1077D0001298401B0644CB45FFF65FAFD8E6A4F8ED
:1077E00000A0EAE700222188ADF800109346104679
:1077F00033E0002727E0307818B3904205D0FF2807
:107800002FD000FB08F31B0A9B46904203D134F8AB
:107810001700814210D0BBF1FF0F24D004EB4700CA
:107820005A460088ADF8000000990698FFF750FB13
:107830000090327834F8171004EB4700BDF80030A0
:107840000380761C7F1CAF42D5DB059804EB400417
:107850001298401B06440AF1010082464845C8DBE5
:1078600096E64346D0E70698E2E72DE9F04FCD686B
:1078700089B00C46074615B1207C002872D0207CC8
:10788000012800D10025786881880088081A401CEA
:1078900000B20790BA6805A821680DF06DFE0028B7
:1078A0007FD0FAF75CFD83460068D7F80090C16985
:1078B00041BB007C400610D47868BDF91410B0F9C3
:1078C0000020B0F90200891ABDF91620121A079893
:1078D00000FB021109EB410013E07968BDF91620A5
:1078E000B1F90230B1F90010D21A079B5A4302EBEA
:1078F000420202EB0900BDF91420511A01EB4101CB
:1079000008448146D4F804A05FEA0A0014D0206835
:107910008288B0F90010B0F90200521A521C0FFA16
:1079200082F8BDF91420511ABDF91620101A08FB6F
:1079300000110AEB410A01E04FF000089DB16069B7
:107940008288B0F90010B0F90200521A521C16B227
:10795000BDF91420511ABDF916202944101A06FB4E
:10796000001501E01DE00026786841880088494242
:107970000AB2404201B205A80DF0F1FDDBF80000AB
:10798000C069D0B160680028207E0DD001A9CDF873
:10799000008081E86100534605A94846079A00F037
:1079A000E8F809B0BDE8F08F8DE86100A36805A98B
:1079B0004846079A00F044F9F3E7607E80B16168B9
:1079C0000029217E25D0CDF80080CDE90360CDE9E6
:1079D0000115534605A94846079AFFF7CBFAE0E799
:1079E00060680028207E0BD001A9CDF8008081E8D6
:1079F0006100534605A94846079AFFF713FCD0E7F4
:107A00008DE86100A36805A94846079AFFF78FFD36
:107A1000C7E7CDE90260CDE90015A36805A948468E
:107A2000079AFFF75FFBBCE717B581B0022A03D8BE
:107A3000BDF8080004B010BDBDF80400BDF8081082
:107A4000C30ACC0A13FB04F35B0963F3CF2000F0F5
:107A50001F0301F01F0413FB04F35B0963F304002D
:107A6000C0F34513C1F3451113FB01F1890961F31B
:107A70004A10ADF80400FF2A07D0DDE90101FFF745
:107A800027FA0090BDF80000D4E780B2D2E717B51E
:107A900081B0022A02D8BDF80800CBE7BDF8083053
:107AA000BDF80400D90AA1EBD021002900DC002197
:107AB00061F3CF20C3F34511C0F34514091BADF8A2
:107AC0000400002900DC002161F34A1003F01F01CB
:107AD00000F01F03C91AADF80400002900DC0021E2
:107AE00061F30400ADF80400FF2A07D0DDE90101CD
:107AF000FFF7EEF90090BDF800009BE780B299E730
:107B000017B581B0022A02D8BDF8080092E7BDF887
:107B10000830BDF80400D90A01EBD0211F2900D399
:107B20001F2161F3CF20C3F34511C0F34514214455
:107B3000ADF804003F2900D33F2161F34A1003F060
:107B40001F0100F01F031944ADF804001F2900D3E2
:107B50001F2161F30400ADF80400FF2A07D0DDE91E
:107B60000101FFF7B5F90090BDF8000062E780B2AF
:107B700060E72DE9FF4F85B09A460C46DDF850B01E
:107B8000FAF7EDFB0390A0882188401A401C06B24A
:107B9000E0886188401A401C0FFA80F8BBF1000FA2
:107BA00001D0002048E000271DE0002515E01398D3
:107BB00002900AEB4500079A0088ADF8040060883F
:107BC000384400B2009020880599284403B20398F5
:107BD0000068D0F81CC0E0476D1CB542E7DB129985
:107BE0007F1C0AEB410A4745DFDBDAE600251AE095
:107BF0001BF80500B0B113994843000A02900AEB44
:107C00004500079A0088ADF80400618801EB09007F
:107C100000B2009020880599284403B203980068B8
:107C2000C769B8476D1CB542E2DB159909F101003F
:107C30008B4412990AEB410A81464045D6DBB0E6F7
:107C40002DE9FF4F83B00C46DDF84480FAF787FB3F
:107C5000BDF818A08146B8F1000F0CD0A08821888B
:107C6000401A401C07B2E0886188401A401C0FFA95
:107C700080FB00263FE0B4F9026017E0B4F9005041
:107C80000FFA86F80DE010980290ADF804A0CDF838
:107C90000080D9F800002BB2059AC7690399B8474C
:107CA0006D1CB4F90400A842EDDA761CB4F90600A4
:107CB000B042E3DA6CE4002518E000BF18F80500D4
:107CC00098B11099ADF804A04843000A029060886A
:107CD0000399304400B200902088059A284403B2EA
:107CE000D9F80000D0F81CC0E0476D1CBD42E5DBB0
:107CF0001298761C80445E45DDDB49E482B2D00AEE
:107D0000C0EBC00303EB0020C01D400960F3174126
:107D10000846C2F3451101EB410303EB0121C91CE5
:107D2000890961F30F2002F01F01C1EBC10202EBD0
:107D30000121C91D490961F30700FF2161F31F609B
:107D4000704770B5E64D04466868002808D044B115
:107D5000204600F0BBF9A9682044884200D30020E7
:107D600070BDE048006870BD2DE9F041064615463B
:107D70000F46002005E039462046B04701280AD0CA
:107D80002046FFF7DEFF040002D060688000F2D1D9
:107D90000020BDE8F08105B12C600120F9E74068C2
:107DA0000A6820F04040904200D2086000207047EE
:107DB0002DE9F0414268096822F040428A4226D10A
:107DC000044600F083F9DFF818830546D8F8082048
:107DD000131BA2EB05005E1BC8F8080015D0274650
:107DE0006119324638460EF0D9FF06E0A068401B04
:107DF000A060204600F06AF90444D8F808008442E4
:107E0000F4D1B81929460FF05DF80120C1E7002030
:107E1000BFE700680968884201D10120704700204F
:107E200070472DE9F84F8146407A0F4600F0070071
:107E3000022819D010468046974200DD3A46164681
:107E40000320A74CA74A00EB460020F00305A068DA
:107E500011681035411A636805EB010C9C4505D289
:107E6000416821F0004124E00846E4E79D4219D82A
:107E700092464FF0FF3B48196168884210D90022B2
:107E800069469948CDF800B0FFF76EFF00226946B9
:107E90009648FFF769FFA168DAF80000091AEAE7D7
:107EA000A068DDE728460EF050FEC0B1416841F001
:107EB000004188EA6702416089EA02010160416885
:107EC00001F04041491C31F0804141608681A0F8B9
:107ED0000E8005D500F110018160BDE8F88FFEE746
:107EE000A16801F1100229448260A160F5E710B594
:107EF0007C4C20680EF03FFE7948002181602160B3
:107F0000416010BD70B5774D044628680EF033FE11
:107F100020460EF01AFE2860714DA86020B121465F
:107F20000EF0D0FF6C6070BDFEE72DE9FC410C4601
:107F30008178154611FB04F109128A4202DC00889F
:107F4000BDE8FC81027A00EB820111F8023C13FBD0
:107F500004F31B129D4202DB31F8040CF0E701230D
:107F60005FE000BF00EB8301897811FB04F1091287
:107F70008D4254DC00EB830737F8040DADF80400A4
:107F80000198FFF7BBFE0646B888ADF804000198DB
:107F9000FFF7B4FE0146B87810FB04F0BA7900127E
:107FA00012FB04F2D0EB22223DD0281A00B2C0EB23
:107FB000002090FBF2F0C2B2C2F1FF03C8B210FB86
:107FC00002F0F4B214FB030000EBC01404EBC03069
:107FD000840EBDF8000064F30400C1F3072414FB11
:107FE00002F4C6F3072515FB034404EBC41505EBA7
:107FF000C434640E64F34A10C1F3074111FB02F16B
:10800000C6F3074212FB031101EBC11202EBC131AF
:10801000890E61F3CF20ADF8000080B290E75B1CC1
:10802000DBB29A429ED8FEE7FEB50546407A164678
:108030000C4640072FD02A4F387820B90020FFF790
:1080400061FF01203870687A00F00700022818D01C
:108050004FEA060080EA640068400190002000902A
:108060006A4601A92248FFF77FFE01280BD032465D
:1080700021462846FFF7D5FE009000280BD00024AB
:1080800018E02046E6E700980422416802EBB1714F
:108090004FEAB1014160FEBD22462846FFF745FF89
:1080A00002900098BDF80810806800EB4400641C42
:1080B000018024B20098B0F90E10A142ECDCFEBDA4
:1080C0004168002901DA0EF056BD7047B0F90C0086
:1080D000032101EB400020F0030010307047000046
:1080E0002C010020880200209F7D0108B17D01083D
:1080F000137E01082DE9FF4F89B00446169EDDE985
:1081000019577000DDF86090DDF828A00FFA80FBA9
:10811000B9F1040F22D0B9F1060F1FD0B9F1050F44
:108120005CD0B9F1140F56D1B4F90000B4F90210C3
:10813000CDF80CB006FB01030AEB43020092E28883
:108140004FF00008511A491C0FFA81F9A188081A4A
:10815000401C0FFA80FA4FEA4A0B81E020460DF0EE
:10816000E3F90146039038460EF0E4FEB4F900004E
:10817000B4F90280A18806FB0802081A401C00B26C
:10818000069040000AEB420A2E4602900CE051464F
:108190003046029A0EF002FE069908F10108DA4410
:1081A00006EB41060FFA88F8B4F906004045EEDA0E
:1081B000B9F1060F0FD14FF6FF700022ADF80000A5
:1081C000114605E035F81130834200D17A54491C3C
:1081D000039B9942F6D30DB0BDE8F08FB4F90010BF
:1081E000B4F9023006FB031000EB400202EB0A0078
:1081F000A288511A491C0AB2B11A01EB41010EB210
:10820000E188C91A491C0CB2002317E000210DE0D7
:1082100090F802C007F801C010F801CB10F8028BEB
:108220000CEB082C25F811C0491C09B29142EFDB78
:108230005B1C05EB4205174430441BB2A342E5DB4F
:10824000C9E75A46284600990EF0A8FD0399009800
:1082500005EB4A050844009008F101000FFA80F888
:10826000C845EEDBDDE90A014A000C9902FB01007A
:10827000B4F90010B4F9022006FB02110D18002415
:1082800008E05246294638460EF088FD641C5744E3
:10829000354424B24C45F4DB9DE72DE9FF4FA1B0F6
:1082A0000D46824681681446DDF8B8901CA800F09F
:1082B00092F91CA8FBF75AFA1A90288818B968880E
:1082C000B0F5807F01D0012000E0002019901C2132
:1082D0000BA80EF0F7FDE87A8DF84400287B4FF0EC
:1082E000000600F00F008DF8450006A80B90DDE9B0
:1082F000190101432BD1B9F1040F06D0B9F10E0FCA
:108300000AD0B9F1140F20D021E0A87AF8B9249846
:108310000BA9CDE90B4013E021466846DAF80820A6
:108320000DF02AF900280ED024980C9610940E9087
:108330002889ADF8340002208DF83C000B9472E0DF
:108340005046FEF701FE25B046E7A87AF0B3DAF80A
:1083500008000388ADF818308088ADF81C00DAF802
:108360000810C01A401C4988ADF81A10DAF8082025
:108370000FFA80FBD288ADF81E20A6882788511AF4
:10838000F61B761C36B21396E6886788491CF61BE6
:10839000761C36B20FFA81F81896F9F7E0FF0CF068
:1083A00096FA074606A80DF0BFF85E46B84201D916
:1083B000B7FBFBF806FB08F670000EF081FC179087
:1083C00030460EF07DFC16900E9000E016E006A8F8
:1083D000109002208DF83C0017980C90BDF91E00FB
:1083E0000A90BDF81A00A8F101084044CDF86C804D
:1083F000ADF81E00B9F1040F1DD116E0A088218848
:108400006288401A401C01B2E088801A249A401CFD
:10841000CDE90B4200B2490001FB00200E90022082
:1084200010948DF83C000BA98AE7288818B9688851
:10843000B0F5807F01D0022000E001208DF83C00E3
:10844000BCE006A91EA800F0C6F86088404202B24F
:108450002088404201B21EA80DF081F8DDE9161215
:10846000199870B1CDE9042113991898CDE900014C
:10847000CDE902591EA95046139B249AFCF786FBAE
:108480000BE0CDE90321CDE9015913980090024694
:108490001EA8189B2499FFF72DFEA87A02285AD906
:1084A0002A8992B2D70A17FB00F767F30F01C2F3CC
:1084B000451717FB00F767F31F4102F01F0212FB7D
:1084C00000F262F30F030493C0F1FF07002340E0C2
:1084D000179800EB430EBEF80000ADF81400BDF88D
:1084E00014C088B24FEADC2212FB0700803000EB98
:1084F000C01202EBC030C0F3C452BDF85000CCF340
:10850000451862F3CF200A0C18FB0722803202EBD9
:10851000C21808EBC232C2F3C55262F34A10804659
:1085200004980CF01F0280B212FB0700803000EBB1
:10853000C01202EBC030C0F3C452404662F30400E4
:10854000ADF8500080B20090BDF80020AEF80020D9
:108550005B1CB342BCD31A98E8B1BDF91A70DDF8C0
:10856000588014E0BDF918105B463A464046FBF7C8
:1085700052F810B1022804D006E0594640460EF0E9
:10858000A1FC02208DF83C007F1CD8443FB2BDF90D
:108590001E00B842E6DA0BA95046FEF7D5FCBDF83E
:1085A0001E001B99401CADF81A00084401B20A983D
:1085B000ADF81E10814201DDADF81E00BDF91A10A4
:1085C0000A9881427FF73DAF16980EF0C3FB1798CB
:1085D0000EF0C0FBB7E60A8802804A8842808A888B
:1085E0008280C988C18070472DE9FF4F9FB0987B7A
:1085F0008A7E00F00F04DDF8B0E00E46032C18D0A0
:10860000012C1DD0022C21D0042C13D0082C7DD19C
:10861000E74D4FF0FF0A6101FD2A2FD2E54F387870
:10862000904202D17868A04225D00020DFF88883EC
:108630001FE00424DE4D4FF0F00A103D1021EBE75F
:10864000DB4D4FF0800A163D0221E5E7D84D4FF093
:10865000C00A143D0421DFE715F800C0BCF1FF0F8C
:108660001DD01CFB02FC4FEA1C2C00BF08F800C008
:10867000401C8842F0D3D04D3A707C601F9AB3F80A
:108680000680188907902199926808FB04F0B1F9D7
:108690000010B2F90030994203DB002302E0944657
:1086A000E4E75B1A9B46B2F9043001EB08079F42EE
:1086B00001DC414601E0591A491C89462199B2F969
:1086C0000230B1F90210994201DB002300E05B1A8D
:1086D0001193079BB2F906200B44934201DC0799E2
:1086E00001E0511A491C0A91119941430BFB0410F6
:1086F0000EEBD00100F007072C911C2115A80EF0FD
:10870000E1FBB089ADF85C00B07E00E0C2E08DF81E
:108710006C00B07FC0F3C2008DF86D00F9F71FFE4A
:108720000CF0D5F8079A08FB02F1814200DC0846FC
:108730001C900EF0C5FA0790189021980026018829
:1087400001EB0B02ADF80C200188A9F101000144F6
:108750002198ADF810104388119818448B1AADF881
:108760001200ADF80E00ADF83810ADF834200A99BB
:10877000ADF836005B1C08441BB2ADF83A000B9311
:108780000DA8FAF7F3FF1D9003A815901A90C4F1F5
:10879000080008EB0B010F90A1EB09006043129059
:1087A000119860E033462AFA07F059464FF0000C62
:1087B0001FE02C9ADDF83C801278A8EB07080240F5
:1087C00032FA08F205D015F80280079A02F80680FE
:1087D00002E0079A02F806C00F9A974202D2274495
:1087E000E04004E02C9A0027521C50462C92491C71
:1087F000761C4945DDDB1D9880B10798BDF9122034
:108800001844BDF90C1080460B9BFAF704FF8DF855
:10881000640018B940460B990EF054FBA9EB0B000D
:1088200081191C98814205D2BDF81200401CADF898
:1088300012000EE002208DF8640015A91F98FEF7C3
:1088400083FBBDF81200401CADF80E00ADF812001D
:10885000002612982C99384401EBD00100F007074C
:1088600001982C91401C0A99019088429ADBBDF92D
:108870000E10BDF91200814209D0401EADF8120061
:1088800002208DF8640015A91F98FEF75DFB07987C
:108890000EF060FA23B0BDE8F08FF0B51C46074635
:1088A00097B015460E4608680023224601A90BF032
:1088B0002BFDE8B3BDF80C20002A3FD0BDF80A100C
:1088C00000293BD02888BDF80E30184400B2ADF81E
:1088D0004C0033686D88B3F808C05B89ACEB0303C8
:1088E0002B44BDF810509B1A5B1B1BB2ADF84E30E9
:1088F0004518B968B1F900C065451FDBB1F90450EE
:10890000A8421BDC9818B1F90220904216DBB1F99D
:108910000600834212DC214601980BF0F1FC00288E
:108920000CD00199097B890708D101AB13AA00E09B
:1089300006E0009031463846FFF756FE17B0F0BD0E
:10894000202CFBD3A4F57840FF38F7D0A4F50050D5
:108950000C38F3D02888BDF80E10BDF8102008445C
:1089600001B26888104402B2BDF80C00104400B295
:108970000090BDF80A00084403B214A80CF0ACFD46
:1089800005A8FCF7A1F802208DF817008DF83E002D
:108990008DF84A008DF82E00B089ADF83200012024
:1089A000ADF83400FB6814AA05A938469847C5E716
:1089B00062CF030838010020E0F900202DE9FF4FC5
:1089C000B2F90240B3F90250C5B0AC4208DA1288DD
:1089D00064F31F4062F30F0065F31F411A8807E03C
:1089E0001B8865F31F40128864F31F4163F30F0077
:1089F00062F30F010FFA81F904B20514A9EB040622
:108A00004FEA214AAAEB05070391002E01DD31460A
:108A100000E07142002F01DD384600E078428142DB
:108A200001DD012000E0002015904698B0F9021009
:108A3000159858B1002F01DD384600E07842420118
:108A4000002E01DD30460CE070420AE0002E01DD10
:108A5000304600E070424201002F01DD384600E060
:108A6000784292FBF0F0FE4A105C10FB01F03F30C0
:108A7000C0114FEA600800F0010202EB080B494602
:108A80004C4500DA2146A1EB0001ADF8581001DD9C
:108A9000214600E049460144ADF85C105146554579
:108AA00000DA2946A1EB0001ADF85A1001DD294694
:108AB00000E051460844ADF85E00459816A982686A
:108AC00008460CF059FD00287ED01598002100289A
:108AD0007BD0002E16DDAAEB080000B2CDE9000124
:108AE000A5EB080002B24B46214620A8FBF755F83B
:108AF0000AEB0B00012100B2CDE900014B4605EB6A
:108B00000B0015E00AEB0B0000B2CDE9000105EB0C
:108B10000B0002B24B46214620A8FBF73EF8AAEB19
:108B20000800012100B2CDE900014B46A5EB080089
:108B300002B221460AA8FBF730F8002120A8FAF774
:108B400053FD189000210AA8FAF74EFD159046989B
:108B50004FF0FF39C846407AC00623D4A819032134
:108B600000B2CDE90001E01B03B22A4621462BA842
:108B7000FBF713F8039902200A14911909B2CDE901
:108B80000010039801B2C81B03B236A8FBF705F822
:108B900000212BA8FAF728FD8146002136A8FAF714
:108BA00023FD8046BDF85C00BDF85810401A401CFB
:108BB00004B2F9F7D4FB0BF08AFE054616A80CF0B8
:108BC000B3FCA84206D201E0A1E027E016A80CF011
:108BD000ABFC0546AA4628460EF072F88346BDF95E
:108BE0005E70BDF85A00ADF85E000025514658464B
:108BF0000EF0A0F91C2119A80EF064F916A919911C
:108C000046980088ADF86C004698BDF95A60007A25
:108C10008DF87C00CDF870B01E9145E009EB0B009B
:108C2000CDE900A103B204EB0B0001B22A4620A853
:108C3000FAF7B3FF0121A9EB0800CDE900A103B2C7
:108C4000A4EB080001B22A4674E700BFBDF9581032
:108C50000BEB0500234632B20790FAF7DCFC8DF8E7
:108C6000740018B9214607980EF02CF925442919EB
:108C7000514505D2BDF85E00401CADF85E0012E023
:108C800002208DF8740019A94598FEF75DF9BDF82A
:108C90005E000025401CADF85A00ADF85E0051465C
:108CA00058460EF047F9761CBE42CFDDBDF95A108A
:108CB000BDF95E00814209D0401EADF85E00022081
:108CC0008DF8740019A94598FEF73EF958460EF044
:108CD00041F820A8FAF70EFD0AA8FAF70BFDB9F142
:108CE000FF3F02D02BA8FAF705FDB8F1FF3F02D0F5
:108CF00036A8FAF7FFFC1898FAF7D8FC1598FAF797
:108D0000D5FC4846FAF7D2FC4046FAF7CFFC49B00A
:108D1000BDE8F08F2DE9F04F8346B1F902000C4613
:108D2000401E411000F00100158889B00844281A3F
:108D3000ADF8000010880844ADF80400B2F9021044
:108D4000B3F90200814200DA0846ADF80200B2F938
:108D50000200B3F90210884200DC0846401EADF85C
:108D6000060069460846DBF808200CF005FC0028E0
:108D70001FD0E08818B1A08808B1012600E00026C5
:108D800001276846FAF7F2FC00B906B100271C215A
:108D900002A80EF097F8CDF808D02088ADF81000A2
:108DA000207A6D468DF820002FB102A95846FEF7B3
:108DB000CBF809B0ACE7BDF80400BDF80010BDF970
:108DC0000670401A401C0FFA80F9BDF80200ADF899
:108DD000060048460DF074FF824605900795002076
:108DE00056B1B4F90600B4F904100844BDF90210F4
:108DF00091FBF0F200FB12108046BDF9025034E006
:108E0000494650460EF096F8BDF900104B462AB27E
:108E10005046FAF700FC8DF81800A6B178B1B4F905
:108E20000410414502DA00208DF81800B4F906005C
:108E3000B4F904100144414501DC4FF0000808F189
:108E400001000FFA80F802A95846FEF77DF8BDF838
:108E50000200401CADF80200BDF80600401C01E015
:108E600062D00308ADF806006D1CBD42C8DD504657
:108E70000DF070FF9DE72DE9F04F8346B1F9020038
:108E80000C46401E411000F001004618B2F9005097
:108E9000B3F9000089B0854200DA2846ADF8000039
:108EA000B2F90000B3F90030984200DC1846401EC9
:108EB000ADF804005088801BADF8020050880844CB
:108EC000ADF8060069460846DBF808200CF054FBB4
:108ED00000281FD0E08818B1A08808B1012700E061
:108EE000002701256846FAF741FC00B907B10025C3
:108EF0001C2102A80DF0E6FFCDF808D02088ADF8BF
:108F00001000207A6E468DF8200025B102A958463F
:108F1000FEF71AF84DE7BDF80410BDF90000BDF9E1
:108F20000680091A491C0DB2BDF80210ADF80610F2
:108F30004FF0000A47B1B4F90610B4F90420114407
:108F400090FBF1F201FB120A28460DF0B9FE0796DC
:108F500005908146BDF902603DE0294648460DF086
:108F6000E9FFBDF900102B4632B24846FAF753FB31
:108F70008DF8180007B3F8B1002150460B4616E0F3
:108F8000B4F90420824205DB121A1144104409B2DC
:108F900000B208E0B4F906C06244824201DC00205D
:108FA00001E009F80130491C401C09B200B2A94295
:108FB000E6DB02208DF8180002A95846FDF7C4FF31
:108FC000BDF80200401CADF80200BDF80600401CD0
:108FD000ADF80600761C4645BFDD48460DF0BAFEEA
:108FE000E7E62DE9F0470E46B1F9021096B01C46AF
:108FF0001546814600297DD0307A02287AD9B5F904
:109000000000B4F90020904205D1B5F90230B4F95E
:109010000270BB426ED0904200DB104601EBD17172
:10902000A0EB6100ADF84400B5F90010B4F9000000
:10903000B6F90220814200DD084602EBD27100EB56
:109040006100ADF84800B5F90210B4F90200B6F9B4
:109050000220814200DA084602EBD271A0EB6100E7
:10906000ADF84600B5F90210B4F90200B6F90220D5
:10907000814200DD084602EBD27100EB6100ADF8E1
:109080004A0011A90846D9F808200CF075FA002802
:1090900075D011A9D9F808A0C9F80810B5F90200CF
:1090A000B4F90210884206D123462A463146484682
:1090B000FFF7E1FE0EE0B5F90000B4F90010234619
:1090C00088422A463146484602D1FFF723FE01E096
:1090D000FFF774FC707A010701D440074DD502A850
:1090E000FBF7F2FC3088ADF80C0047F6FF70ADF8E6
:1090F000080000E043E0307A8DF80B00B6F902007A
:10910000471040F3000000F10108707A400718D5BD
:1091100028886A46C01BADF800006888C01BADF8FF
:1091200002002888C119A1EB0800ADF80400688886
:10913000C119A1EB0800ADF8060002A94846FBF7EB
:10914000FBFC707A000718D520886A46C01BADF872
:1091500000006088C01BADF802002088C119A1EB97
:109160000800ADF804006088C119A1EB0800ADF853
:10917000060002A94846FBF7DFFCC9F808A016B0B4
:10918000BDE8F0872DE9FF4F8BB01E461746032B35
:109190007ED3002F7CD0B0000DF092FD05007BD077
:1091A0000024386828602046721E15E007EB800115
:1091B00037F92030B1F904C0634505D1B1F9023067
:1091C000B1F906C0634505D005EB84030968641C4A
:1091D0001960A4B2401C80B29042E7DB07EB860026
:1091E000B7F9001030F9042C914205D1B7F90210FB
:1091F00030F9022C914206D005EB840150F8040CA2
:10920000641C0860A4B2032C43D37D49D1E900015A
:10921000CDE90201002027E0BDF9082035F9201032
:109220008A4200DA1146ADF8081005EB8002BDF95C
:109230000A10B2F90230994200DB1946ADF80A1063
:10924000BDF90C3035F920108B4200DD1946ADF820
:109250000C10BDF90E30B2F902108B4200DD194638
:10926000401CADF80E1080B2A042D5D30B9802A9D5
:10927000826805A80CF080F958B10B9805A9002662
:10928000806809900B988160B5F90210012011E007
:1092900002E028460DF05EFD0FB0BDE8F08F00BF84
:1092A00005EB8002B2F902208A4201DA114606B2C9
:1092B000401C80B2A042F3D32C2104FB01F00DF03E
:1092C000FFFC8346B2460490D1464FF00008701E62
:1092D00000D52044621E09F101010892914200DD8F
:1092E000002135F8262035F8203035F8217005EBBF
:1092F00080009B1ABF1A428805EB860005EB8101AE
:1093000040884988121A081A0021079112FB07F1B8
:1093100010FB03F0814267DA0120079001E0079813
:10932000F0B308980AF10106864200DD0026B9F183
:10933000010700D5274405EB860005EB8A01B0F94B
:109340000200B1F90220904216DB12D035F9263026
:1093500035F92A108B420CD04FF0010CCDE9000CEE
:109360005846FAF71AFC58460499FAF73DF90BF1FA
:109370002C0B08F10108B246A04523D005EB87006D
:1093800005EB8901B0F90200B1F90220904217DB28
:1093900013D035F9273035F929108B420DD000E074
:1093A00022E00026CDE900065846FAF7F6FB5846BB
:1093B0000499FAF719F90BF12C0B08F10108B946D9
:1093C000A045ACD3DDE90B0102AAFBF7B5FB04987D
:1093D000FAF77AF904980DF0BDFC28460DF0BAFCB6
:1093E0000B990998886057E7BAF1010600D5264421
:1093F000089809F1010787429DDD00279BE70000DF
:1094000084D003082DE9FF478EB00C4682461546EE
:109410001C2102A81A9E0DF055FDCDF808D0BDF80C
:109420004400ADF810008DF82060B4F90200B5F9E1
:109430000210884201DC012700E00027B4F9060091
:10944000B5F90610884201DB012600E00026B4F9D8
:109450000000B5F90010884201DC012100E0002184
:109460008946B4F90410B5F90420914201DB0121C9
:1094700000E00021ADF80000A088ADF8040060888D
:10948000ADF8020068888846401EADF806001FB19E
:1094900002A95046FDF758FDE888401CADF80200CF
:1094A000E088ADF806001EB102A95046FDF74CFD5C
:1094B0002088ADF800002888401EADF8040017B1E0
:1094C000B5F9020001E0B4F90200ADF8020016B1EE
:1094D000B5F9060001E0B4F90600ADF80600B9F1EF
:1094E000000F03D002A95046FDF72EFDA888401CAE
:1094F000ADF80000A088ADF80400B8F1000F03D06B
:1095000002A95046FDF720FD12B0BDE8F0872DE915
:10951000FF4FA9B01D46DDE93879DDF8D880164641
:109520000C46FF2F00D3FF270846FAF71FF92690B5
:10953000284350EA080074D029982146826808A878
:109540000CF01AF8002873D0BDF82400BDF82010E4
:10955000401A401C00B204901C210AA80DF0B2FC75
:1095600004980DF0ADFB0D904FF0FF302490002DCE
:109570000ADD00232A46214615A8FAF7D2FF00216A
:1095800015A8FAF731F824900123424631461BA86A
:10959000FAF7C7FF00211BA8FAF726F8259001A8C3
:1095A0000A900F90BDF8DC008DF84070ADF83000E7
:1095B0008DF84190B4F900002290B6F900C043192B
:1095C000634500DC6346B4F904000FFA83F9219087
:1095D000B6F90430401B984200DB18460FFA80F8B9
:1095E000B4F902E0B6F902000EEB050182465145DE
:1095F00000DC01460FB2B4F906B0B6F90610ABEBC9
:1096000005028A4200DB0A4610B20590A8EB090069
:10961000401C00B22790D6450DDC01200CE000E094
:1096200006E0009732462146379B2998FFF7EAFE6D
:109630002DB0BDE8F08F002082468B4501DB012074
:1096400000E0002083462698F0B3BDF82000ADF876
:109650000400BDF82400ADF80800BDF9224021E067
:10966000BAF1000F01D1A7421BDCBBF1000F02D100
:109670000598A0421ADB25B2ADF80650ADF80A50A5
:1096800004990D980DF056FCBDF920102A46049B54
:109690000D98F9F7C0FF8DF838000AA92998FDF751
:1096A00053FC641CBDF92600A042D9DA1BA8FAF7C6
:1096B00021F82598F9F7FAFF2498401C07D015A83F
:1096C000FAF718F8249800E005E0F9F7EFFF0D9895
:1096D0000DF040FBACE72298604501DC012000E082
:1096E000002013902198984201DB012100E0002125
:1096F0000120009013981291084000EA0A0010EA35
:109700000B0F04D02798322801DA002000900120A6
:1097100000998DF838001AEA010F0ED0ADF80490C8
:10972000ADF808806088ADF8060070880AA9401E70
:10973000ADF80A002998FDF707FC00991BEA010F14
:109740000ED0ADF80490ADF80880F0880AA9401C4E
:10975000ADF80600E088ADF80A002998FDF7F4FBA3
:10976000139878B12088ADF804003088ADF8067001
:10977000401EADF808000598ADF80A000AA929981E
:10978000FDF7E2FB129878B1B0880AA9401CADF849
:109790000400A088ADF808000598ADF80670ADF893
:1097A0000A002998FDF7D0FB0098C0B1BDF924004C
:1097B000BDF92010A9F10102ADF80410904200DBC0
:1097C0001046ADF80800401A401C05B2002D70DDAF
:1097D000139850EA0A0066D0BDF9224061E0BDF856
:1097E0002000ADF80400BDF82400ADF80800B4F97D
:1097F0000200B6F90210401AA84200DB05460FFA33
:1098000085F8002533E06088284406B2E088401BD4
:1098100007B2BDF92200B04203DDBDF92600B8420F
:1098200024DB04990D980DF085FBBDF90410324638
:10983000049B0D98F9F7EFFE8DF83800BDF9220072
:10984000B04207DCADF80660ADF80A600AA92998B5
:10985000FDF77AFBBDF92600B84207DBADF80670CC
:10986000ADF80A700AA92998FDF76EFB6D1C4545F5
:10987000C9DB8DE026B2ADF80660ADF80A60294676
:109880000D980DF057FBBDF904102B4632460D988C
:10989000F9F7C1FE8DF838000AA92998FDF754FBA5
:1098A000641CA742E6DC139850EA0B001DD0059C0F
:1098B00016E01AE026B2ADF80660ADF80A60294657
:1098C0000D980DF037FBBDF904102B4632460D986C
:1098D000F9F7A1FE8DF838000AA92998FDF734FBA5
:1098E000BDF92600641CA042E4DABDF9200008F1AD
:1098F0000101884200DC0846BDF82410ADF80400E0
:10990000081A401C05B2ADF80810002D40DD129871
:1099100050EA0A001BD0BDF9224016E026B2ADF88D
:109920000660ADF80A6029460D980DF003FBBDF9FD
:1099300004102B4632460D98F9F76DFE8DF838006D
:109940000AA92998FDF700FB641CA742E6DC1298DF
:1099500050EA0B001CD0059C15E026B2ADF806605D
:10996000ADF80A6029460D980DF0E4FABDF904102F
:109970002B4632460D98F9F74EFE8DF838000AA9AD
:109980002998FDF7E1FABDF92600641CA042E4DA4B
:109990001BA8F9F7AFFE2598F9F788FE8FE630B5DA
:1099A000054691F82A0089B00C4602285FD9E08C60
:1099B00000285CD0114604A801F0F4FA208DBDF80F
:1099C0001010401E091AADF81010BDF81210091A37
:1099D000ADF81210BDF814100144ADF81410BDF824
:1099E00016100844ADF8160004A906A801F0DAFA2A
:1099F000BDF81810E08CBDF81220091AADF8181047
:109A0000BDF81C100844ADF81C00BDF81A00E18C2C
:109A1000401AADF81A00BDF81E00E18C0844ADF8FC
:109A20001E00BDF81400BDF81010401ABDF8161045
:109A3000401C891A491C00B209B2B4F900208842BE
:109A400000DA0146B2EB610F00DD4A10E08CA1782C
:109A5000104403B294F82A00CDE90201A08CADF8BD
:109A60000400009204AA06A92846FFF750FD09B099
:109A700030BDF0B5074691F8220087B016460C4677
:109A800002286BD9208C002868D094F8230010F0AD
:109A90003E0F63D0C00761D1B08831887288401A08
:109AA000401C01B2F088B4F90050801A401C00B28A
:109AB000814200DA0846B5EB600F00DD4510314603
:109AC00004A801F06FFA94F82300BDF91020C0F348
:109AD00044014807B4F9200001D42844404210440E
:109AE000ADF810000807BDF91420B4F9200001D426
:109AF00028444042101AADF8140094F82300BDF930
:109B0000121040088007B4F9200001D428444042D4
:109B10000844ADF8120094F82300BDF9161040086F
:109B2000C007B4F9200001D128444042081AADF81A
:109B30001600208C281A00B2002800DA0020A27833
:109B400094F82210CDE90212E18BADF804100090D8
:109B50002B4604AA31463846FFF7D9FC07B0F0BDC2
:109B60002DE9F0410646086992B015460C460028DA
:109B70007DD0A07E02287AD929460EA8B2680BF0C3
:109B8000FBFC002873D00EA8D6F80880B0602069CE
:109B9000F9F773F9022806D069462069FBF7AFFE92
:109BA000012849D0C9E0002741F6FF70CDE90070D7
:109BB0000297D4E904123B4610A80EF0AEFF2846E7
:109BC00001F0F9F901462A88BDF9400001EBD17195
:109BD00002EB610100EBD072A1EB62010844401E70
:109BE000ADF81000ADF80C10284601F0EAF9014676
:109BF0006A88BDF9420001EBD17102EB610100EB13
:109C0000D072A1EB62010844401EADF81200ADF81D
:109C10000E1005A8F9F768F960690590208BADF87A
:109C20002000A07E8DF82E00009703AA05A93046DB
:109C30002369F9F7A1F980E005A8F8F78FFFA0786C
:109C40008DF82000208BADF81C00E07E8DF81E0002
:109C5000A07E8DF81F00207F4FF0FF3740B10099A4
:109C60006888ADF8060007EB515108445DE066E0F6
:109C7000284601F0A0F9298800EBD07001EB6000C4
:109C80000099C1F38A21A0EB5100ADF804002846E9
:109C900001F097F9698800EBD07001EB6001009842
:109CA000A1EB9051C0F38A22ADF80610BDF8043044
:109CB000521E1A4407EB5050ADF808200844ADF886
:109CC0000A0001AA05A930462369F9F7A2F834E091
:109CD00000992888C1F38A21ADF80400491E084480
:109CE00010E001AA05A930462369F9F792F8009817
:109CF000BDF80410C0F38A200144ADF80410BDF88B
:109D000008100844ADF80800BDF90400B5F90410C6
:109D10008842E6DDBDF80610009801EB5051ADF821
:109D20000610BDF80A1001EB5050ADF80A00BDF95D
:109D30000600B5F906108842CADDC6F8088012B0E0
:109D4000BDE8F0812DE9F74FC878A0B00C46022895
:109D50007DD9114601A801F025F9B4F920000128A8
:109D600029DD94F82200FD2825D3208818B394F823
:109D70002300BDF804104008C0F380021144ADF880
:109D80000410BDF80610C0F340000844ADF806000A
:109D900094F82310BDF808004908C1F3C001401A27
:109DA000ADF8080094F82310BDF80A00C1F3400193
:109DB000401AADF80A00209801A9826805A80BF0A6
:109DC000DBFB002843D0E07B10F0070619D0E088C9
:109DD000ADF80000BDF800006189884200D100267E
:109DE00001A8F9F7C3FC07461C210EA81FF020F9B3
:109DF000A0788DF85100BDF80000ADF840001FB10B
:109E000005E060680090E5E7208800B9EEB3E078EF
:109E1000FD2800D3FF208346BDF80800BDF80410DC
:109E2000401A401C0FFA80FABDF80A00BDF806106F
:109E3000401A401C01B289465046CA4500DB08461C
:109E4000B4F90050B5EB600F00DB451000E043E0D3
:109E5000BDF81810BDF81400081A401C0FFA80F85D
:109E60004FF0FF301D9000200790002D00DC87B1DF
:109E700040460CF025FF079000232A4601A916A8AA
:109E8000FAF74FFB002116A800E01CE0F9F7ACFB45
:109E90001D90BDF81400ADF80C00BDF81800ADF829
:109EA00010000798119003A80E901390FF208DF8D2
:109EB00050004A465146A01DFEF7B6F8040018D0DF
:109EC000022E0CD015E001A80E90E0788DF850001D
:109ED0000EA92098FDF738F823B0BDE8F08FBDF942
:109EE0001410A06800EB4100BDF90410A0EB410084
:109EF0000F90002F7DD0BDF9165027E02FB2ADF89E
:109F00000E70ADF812704246594607980CF07FFE6D
:109F1000BDF9141043463A460798F9F77CFB8DF8D3
:109F20004800012802D102208DF84800012E08D1F6
:109F3000BDF90610A068691A00EB41000088ADF871
:109F400040000EA92098FCF7FFFF6D1CBDF91A0018
:109F5000A842D3DAB7E000BFBDF80600BDF916107D
:109F600038440FFA80F9BDF80A00C01B0FFA80FAD6
:109F7000494503DDBDF91A10514544DB42465946B7
:109F800007980CF044FEBDF90C1043464A4607986A
:109F9000F9F741FB8DF84800012802D102208DF825
:109FA0004800BDF91610494513DCADF80E90ADF828
:109FB0001290012E09D1BDF90620A168A9EB02007B
:109FC00001EB40000088ADF840000EA92098FCF796
:109FD000BBFFBDF91A10514515DBADF80EA0ADF869
:109FE00012A0012E0BD1BDF90600A268AAEB000059
:109FF00000E009E002EB40000088ADF840000EA947
:10A000002098FCF7A1FF7F1CAF42A5DBBDF8040040
:10A01000ADF87800BDF80800ADF87C00BDF806008A
:10A020002844ADF87A00BDF80A00401BADF87E0068
:10A030001EA8F9F79BFB074630430CD001208DF892
:10A040004800BDF90A008DF850B0A0EB0509BDF934
:10A050000600054435E0BDF806008DF850B02844F0
:10A06000ADF80E00BDF80A000EA9401BADF81200B5
:10A07000002011902098FCF767FF24E06FB1424662
:10A08000594607980CF0C3FDBDF9141043462AB297
:10A090000798F9F7C0FA8DF84800ADF80E50ADF802
:10A0A0001250012E08D1BDF90600A168281A01EB53
:10A0B00040000088ADF840000EA92098FCF744FF4E
:10A0C0006D1C4D45DADD079808B10CF043FE1D9874
:10A0D000401C05D01D98F9F7E9FA16A8F9F70AFB14
:10A0E000002C3FF4F9AE2046FDF7EAFFF4E62DE937
:10A0F000F84F04464F1091460D464FEA610AC807D3
:10A1000000D17F1E600083460CF0DAFD06464B4608
:10A11000002025E003EB4400009030F8021C694366
:10A12000601E15D4002200EB0A0C26F81010A4457E
:10A1300001DA33F81C208A1AC11B012901D51988BC
:10A1400003E003EB410131F8021C401E1144E9D544
:10A150005A46314618460CF021FE009B08F10100DA
:10A160008046A042D6DB4FF47F51B1FBF5F20020D0
:10A1700093B214FB04FC0CE039F8102042B18A427F
:10A1800002D129F8103003E092FBF5F229F81020F3
:10A19000401C8445F0D8002039E000BF09EB4002A4
:10A1A000934613886B43002123E0002B02DA4FF023
:10A1B000000C01E04FEAA31C26F811C0A1EB0A0C29
:10A1C000BCF1000F02DCB2F800C003E00CFB040895
:10A1D00039F818C0A3EB0C0CCB195B1CA34200DBB5
:10A1E000631E03FB040802EB440239F81830491CD3
:10A1F0006344A142D9DB5A46002105E036F811300C
:10A20000138002EB4402491CA142F7DB401CA04230
:10A21000C4DB3046BDE8F84F0CF09CBD2DE9F0479B
:10A220000E468AB01F468046014615469146D4190F
:10A2300007A800F0B7FE05EBD57007EB600145F30A
:10A240000002891A891EADF82010012101EB60007F
:10A25000ADF81E00404600F0AEFEBDF82010081A12
:10A26000ADF81C00404600F0ACFEBDF81E10002307
:10A270000844ADF822003A4607A901A8FAF751F9B7
:10A280004D46B9F1010F01D04FEA690520460CF0A7
:10A2900017FD8246B046002734E0214650460CF0B8
:10A2A00049FE01A80090DDF804C023B23AB20021B3
:10A2B0005046E04740B19AF80000800190FBF5F16C
:10A2C000A8F80010012018E0610040460CF0FAFDEB
:10A2D00015E000BF0AEB00021AF8001012F8012C7A
:10A2E000914204D108EB400131F8022C02E08901CF
:10A2F00091FBF5F228F81020401CA042EADB08EBA5
:10A3000044087F1CA742C8DB50460CF023FD01A87F
:10A31000F9F7F0F9012D14D020B23246294607464C
:10A32000FFF7E5FE09F00100284401B2012926DD0E
:10A330004FF47F5090FBF1F2002093B204FB04F540
:10A3400017E00020644304E036F810108A09325404
:10A35000401C8442F8DC0AB0BDE8F08736F81020D3
:10A3600032B1FF2A0ED0920192FBF1F226F81020B2
:10A37000401C8542F2D832463846FFF7B8FE00202E
:10A38000644307E026F81030F2E700BF16F810101B
:10A390003154401C8442F9DCDDE72DE9F74FB1F977
:10A3A0002E00AAB014460E46002872D096F8361039
:10A3B00002296ED9012808D1B6F93400002804DC3E
:10A3C000308E10B9708E0028EFD02088318E421860
:10A3D000B08E151AADF82850A28811440B18ADF8AC
:10A3E0002C306088718E0844B18E421AADF82A2054
:10A3F000E088718E0844B18E0144ADF82E10B6F994
:10A400002E0000EBD070A5EB60056D1EADF84C5032
:10A41000012505EB60001844ADF85000B6F92E0098
:10A4200000EBD070A2EB6000401EADF84E00B6F914
:10A430002E0000EBD07005EB60000844ADF8520030
:10A4400096F836002990FD2801D9FF2029902A98F6
:10A4500013A9826827A80BF08FF80028A5D0214601
:10A460001DA800F09FFD4FF0FF38414642461DA851
:10A470000BF068F8B6F900901DA800F09CFD0446AA
:10A480001DA800F09EFD84421DA803DA00F093FD94
:10A4900002E0FCE300F095FDB9EB600F01DD4FEA4F
:10A4A0006009B6F900400AA800F085FD05460AA833
:10A4B00000F087FD85420AA802DA00F07CFD01E089
:10A4C00000F07FFDB4EB600F00DD4410B6F92E0004
:10A4D000051905FB05F040000CF0F2FB1090014659
:10A4E000B6F92E2023460AA8FFF798FE13A8F9F71D
:10A4F0003DF9012720B9F078FF2801D3B07860B189
:10A50000002701234A461DA920A8FAF70AF80021CE
:10A5100020A8F9F769F8269001E0CDF8988013A8F3
:10A5200000F049FD0CF0CCFB83461C2115A80CF073
:10A53000C9FCCDF854D0CDF860B0CDF868D0B08D5E
:10A54000ADF85C0096F836008DF86C00B0788DF8A8
:10A550006D00BDF85000BDF84C20ADF80400811A24
:10A56000491C09B201EBD17102EB61010FFA81FACA
:10A57000BDF85220BDF84E10401B521A521C12B2A8
:10A5800002EBD27201EB6202401C14B200B26A1EEE
:10A59000ADF80000ADF80210114409B20992ADF80F
:10A5A00006105246504500DC1046ADF80000A142AE
:10A5B00000DB21462A98ADF806106946826806A895
:10A5C0000AF0DAFFD0B34A461DA906A80BF0E9F855
:10A5D000A0BBBDF81C00BDF91810BDF91A20401A27
:10A5E000401C00B20890BDF94E301098D21A02FB00
:10A5F0000500BDF95020521B891A0844401E0590E1
:10A6000047B14A461DA906A80BF01FF910B1012059
:10A610000F9000E00F970898002828DDBDF818007B
:10A62000ADF80000BDF81C00ADF804000220CDF824
:10A6300060B08DF86400BDF91A8014E017E000BF27
:10A64000ADF802800F98ADF8068070B305981890A9
:10A6500015A92A98FCF778FC05982844059008F17C
:10A6600001000FFA80F8BDF91E104145E8DABDF887
:10A670005000ADF80400401B401C00B2ADF80000D3
:10A68000BDF85220ADF80620511B491C09B2ADF8A7
:10A6900002105246504500DC1046ADF80000601C28
:10A6A0001190814216DD084615E0FFE72A4658461C
:10A6B00005990CF073FBBDF9181042465846089BEB
:10A6C000F8F7A9FF8DF864000128C1D102208DF8A8
:10A6D0006400BDE7601CADF802002A9869468268F4
:10A6E00006A80AF049FFD0B34A461DA906A80BF0F8
:10A6F00058F8A0BBBDF81C00BDF91810BDF9062024
:10A70000401A401C00B20890BDF91E301098D21AB1
:10A7100002FB0500BDF95020521B891A0844401E57
:10A72000059047B14A461DA906A80BF08EF810B156
:10A7300001200F9000E00F970898002827DDBDF852
:10A740001800ADF80000BDF81C00ADF804000220B0
:10A75000CDF860B08DF86400BDF91E8013E016E0FE
:10A76000ADF802800F98ADF80680B0B30598189048
:10A7700015A92A98FCF7E8FB059828440590A8F14C
:10A7800001000FFA80F8BDF91A104145E8DDBDF867
:10A790004C0009992844ADF80000BDF85000401B5A
:10A7A000ADF80400BDF84E00ADF80200084400B258
:10A7B000ADF80600A04200DB2046ADF806002A985E
:10A7C0006946826806A80AF0D7FEB0B34A461DA9BA
:10A7D00006A80AF0E6FFA8B17CE0FFE72A46584643
:10A7E00005990CF0DBFABDF9181042465846089B53
:10A7F000F8F711FF8DF864000128B9D102208DF817
:10A800006400B5E7BDF81C00BDF81810BDF90220C2
:10A81000401A401C00B20890BDF91A101098891A0D
:10A8200001FB050005904FB14A461DA906A80BF093
:10A830000CF818B101200F9001E04BE00F97089839
:10A84000002847DD0F9860B100201890BDF818006F
:10A85000ADF80000BDF81C00ADF80400BDF91A0009
:10A8600033E0CDF860B0F1E7ADF802800F98ADF8B5
:10A87000068060B12998FF280598007804D096F8E2
:10A88000361010FB01F0000A8DF86C0013E00598FB
:10A89000089A017858460CF0BAF9BDF918104246EA
:10A8A0005846089BF8F7B7FE8DF86400012802D1DE
:10A8B00002208DF8640015A92A98FCF745FB05983D
:10A8C0002844059008F1010000B2BDF91E10804631
:10A8D0004145C9DA96F836008DF86C00BDF84C0099
:10A8E0002844ADF80000BDF85000BDF85210401BE0
:10A8F000ADF80400481B401CADF8061000B21199D9
:10A90000ADF80200884200DC601CADF802002A9815
:10A910006946826806A80AF02FFE78B34A461DA948
:10A9200006A80AF03EFF48BBBDF81C00BDF8181091
:10A93000BDF91E20401A401C00B20890BDF9061057
:10A940001098891A01FB050005900898002851DD30
:10A950003FB14A461DA906A80AF077FF00201890CB
:10A9600001E0CDF860B0BDF81800ADF80000BDF80A
:10A970001C00ADF80400BDF91E0036E03AE000BF4F
:10A98000ADF80280ADF806808FB14A461DA906A831
:10A990000AF05BFF2998FF280598007804D096F804
:10A9A000361010FB01F0000A8DF86C0013E00598DA
:10A9B000089A017858460CF02AF9BDF91810424659
:10A9C0005846089BF8F727FE8DF86400012802D14D
:10A9D00002208DF8640015A92A98FCF7B5FA0598AD
:10A9E00028440590A8F1010000B2BDF91A10804674
:10A9F0004145C5DD96F836008DF86C00BDF8500075
:10AA0000ADF80400411BBDF84E00491C0AB22844B1
:10AA1000ADF8002000B2ADF80200BDF85210119B55
:10AA2000491B09B2ADF80610984200DB601CADF876
:10AA30000200A14200DC2146ADF806105046524506
:10AA400000DC02462A98ADF800206946826806A814
:10AA50000AF092FDB8B34A464E461DA906A80AF070
:10AA6000A0FE80BBBDF81C00BDF91810099A401A61
:10AA7000401C00B20890109802FB0500BDF9502060
:10AA8000521B891A0844401E0590EFB132461DA999
:10AA900006A80AF0DAFE10B14FF0010800E0B8464F
:10AAA000059818900898002836DDBDF81800ADF814
:10AAB0000000BDF81C00ADF8040002208DF8640011
:10AAC000BDF91A6024E027E0B8465846E9E700BF20
:10AAD000ADF80260ADF80660B8F1000F12D158462B
:10AAE000089A05990CF05AF9BDF9181032465846E3
:10AAF000089BF8F790FD8DF86400012802D1022030
:10AB00008DF8640015A92A98FCF71EFA761C36B257
:10AB1000BDF91E00B042DBDA0022109817E000BF3A
:10AB200000EB050EAEF10101002305EBD57608E040
:10AB300090F800C091F8008000F8018B01F801C97D
:10AB40005B1CB3EB660FF3DB521C704612B2AA42D9
:10AB5000E6DBBDF84C000999ADF80000084401B2ED
:10AB6000BDF84E00119B284400B2ADF80200BDF8BC
:10AB70005220ADF80410521B12B2ADF806209842D4
:10AB800000DB601CADF80200A24200DC2246AAF104
:10AB90000100ADF806200C90814200DB01462A98A6
:10ABA000ADF804106946826806A80AF0E5FCA8B36F
:10ABB0004A464E461DA906A80AF0F3FD70BBBDF833
:10ABC0001C00BDF91810099A401A401C00B20890E8
:10ABD000109802FB0500BDF90020891A0844059071
:10ABE000EFB132461DA906A80AF02FFE10B14FF0B2
:10ABF000010800E0B846059818900898002835DD4F
:10AC0000BDF81800ADF80000BDF81C00ADF8040058
:10AC100002208DF86400BDF91A6023E026E0B846F2
:10AC20005846E9E7ADF80260ADF80660B8F1000FEC
:10AC300012D15846089A05990CF0B0F8BDF91810D1
:10AC400032465846089BF8F7E6FC8DF86400012868
:10AC500002D102208DF8640015A92A98FCF774F936
:10AC6000761C36B2BDF91E00B042DBDABDF84C00EE
:10AC70000999ADF800000844BDF84E10099AADF8E6
:10AC8000021000B21144ADF8040009B200E05DE129
:10AC90000C9AADF80610904201DBAAF10100ADF864
:10ACA0000400A14200DB21462A98ADF8061069464F
:10ACB000826806A80AF060FCC0B34A461DA906A82F
:10ACC0000AF06FFD90BBBDF81C00BDF91810BDF96E
:10ACD0001A20401A401C00B20890BDF902301098AA
:10ACE000D21A02FB0500BDF90020891A01EB000809
:10ACF00047B14A461DA906A80AF0A7FD10B10120D8
:10AD00000F9000E00F970898CDF860B0002822DD82
:10AD1000BDF81800ADF80000BDF81C00ADF8040047
:10AD200002208DF86400BDF91A6010E013E000BF46
:10AD3000ADF802600F98ADF80660C8B3CDF860803A
:10AD400015A92A98FCF700F9761CA84436B2BDF97B
:10AD50001E00B042ECDABDF84C00ADF800000999D5
:10AD6000BDF85220084401B2501BADF80410401C3D
:10AD7000ADF8062000B2119AADF80200904200DC56
:10AD8000601CADF802000C98814201DBAAF10101C0
:10AD90002A98ADF804106946826806A80AF0ECFB10
:10ADA000C8B34A461DA906A80AF0FBFCA8B15AE0A0
:10ADB000FFE72A46414658460BF0F0FFBDF9181050
:10ADC00032465846089BF8F726FC8DF864000128A7
:10ADD000B6D102208DF86400B2E7BDF81C00BDF9C1
:10ADE0001810BDF90620401A401C0FFA80FABDF970
:10ADF0001E301098D21A02FB0500BDF90020891AF6
:10AE00000E184FB14A461DA906A80AF01EFD18B13A
:10AE10004FF0010801E026E0B846CDF860B0BAF185
:10AE2000000F20DDBDF81800ADF80000BDF81C00D3
:10AE3000ADF8040002208DF86400BDF91E400EE05C
:10AE4000ADF80240ADF80640B8F1000F2FD01896CB
:10AE500015A92A98FCF778F8641E2E4424B2BDF98F
:10AE60001A00A042ECDDBDF84C0069462844ADF85C
:10AE70000000BDF85000401BADF80400BDF84E00C6
:10AE8000CDF860B02844ADF80200BDF85200401B78
:10AE9000ADF806002A98826806A80AF06DFBE8B3B0
:10AEA0004A461DA906A80AF07CFCA0B141E02A464A
:10AEB000314658460BF072FFBDF918105346224632
:10AEC0005846F8F7A8FB8DF864000128C0D102208D
:10AED0008DF86400BCE7BDF91C10BDF918000A1A12
:10AEE000521C15B2002D24DDADF80410ADF80000A1
:10AEF000BDF91A4019E000BFADF80240ADF80640B8
:10AF0000294658460CF016F8BDF918102B46224673
:10AF10005846F8F780FB8DF8640000E009E015A9B9
:10AF20002A98FCF711F8641C24B2BDF91E00A04257
:10AF3000E2DA2FB920A8F8F7DDFB2698F8F7B6FB80
:10AF400010980BF007FF58460BF004FF2DB0BDE83A
:10AF5000F08F70B514460D460646FFF71EFA2246DE
:10AF600029463046FEF7EEFE224629463046FEF7D9
:10AF7000F7FD224629463046FEF77BFD224629464C
:10AF80003046BDE87040FEF70ABD70B514460D4668
:10AF90000646FEF7D7FE224629463046BDE87040F9
:10AFA000FEF7DEBD0A8802804A8842808A88828055
:10AFB000C988C180704781880088081A401C00B287
:10AFC0007047C1884088081A401C00B270470000D2
:10AFD00078B58BB2D90AC2F1FF0411FB04F581B236
:10AFE000C80A10FB0250803000EBC01505EBC030E2
:10AFF000C0F3C455BDF8000065F3CF20C3F3451579
:10B0000015FB04F5C1F3451616FB0255803505EB1B
:10B01000C51606EBC535C5F3C55565F34A1003F0F3
:10B020001F0313FB04F301F01F0111FB02318031F8
:10B0300001EBC11202EBC131C1F3C45161F3040051
:10B04000ADF8000080B278BD08B51F20BDF8001033
:10B050003F2260F3040189B262F34A1189B260F3BE
:10B06000CF21ADF8001088B20090BDF8000008BDF7
:10B0700070B50C00054611D009F070FD10FB04F00E
:10B080005030B0F5A07F0BDB284609F067FD10FBC0
:10B0900004F0A021503090FBF1F002E0002000E02D
:10B0A000012000B270BD08B5084611460AF0B5FE91
:10B0B0000090BDF8000008BD38B5F8480D461446AC
:10B0C00090F820004FF00201C0074FF0120002D0AC
:10B0D0000AF0DFFF01E00AF0C4FF22462946FFF72D
:10B0E00077FF0090BDF8000038BD2DE9FC47EB4D1F
:10B0F000EB4C95F82000C00703D0EA4802F0CAF9EB
:10B1000003E0042112200AF0ACFF0090BDF800001B
:10B11000608095F82000C00704D0052112200AF0B5
:10B12000A0FF03E0042112200AF0B3FF0090BDF855
:10B130000000A08095F82000C00703D0DA4802F094
:10B14000A9F901E0FFF780FF0090BDF80000E08062
:10B1500095F82000C00703D0D44802F09BF903E023
:10B16000022112200AF07DFF0090BDF8000020812E
:10B17000E068D03002F0DEF9E068D83002F0DAF9A9
:10B1800000264620CDE90006C4485023C84AC949D4
:10B1900028380CF029FCC14800965023C44AC54900
:10B1A000143801960CF020FCBC49E0682839D030F6
:10B1B0000CF02CFEB949E0681439D8300CF026FEAA
:10B1C000E068083002F0B6F995F82000C00704D016
:10B1D000022112200AF05DFF02E012200AF033FF84
:10B1E0000146E06808300CF0E7FCE06847F6FF7ABB
:10B1F000514608300CF0EAFD0721E868FFF738FFF8
:10B200000146E068083002F061F90521E868FFF7BF
:10B210002FFF0146E06808300CF072FCE068662100
:10B2200008300CF0D4FC9D49E068143908300CF06B
:10B23000EDFDE068103002F07DF9E068FF2110308C
:10B240000CF0C5FCE06802F075F9FF21E0680CF035
:10B25000BEFC6088ADF800000099E0680CF0ACFC22
:10B26000A088ADF800000099E0680CF08CFD6078D3
:10B2700001287DD00228E8687BD00A21FFF7F8FE7C
:10B280000146E0680CF090FC6078012872D002283A
:10B29000E86870D05FF00A01FFF7EAFE0146E06857
:10B2A0000CF086FCE068183002F044F96078012860
:10B2B000E8687DD05FF00801FFF7DAFE0146E0683C
:10B2C00018300CF083FDE068FF2118300CF07FFC93
:10B2D000E088ADF80000E068009918300CF06CFCD4
:10B2E0002089ADF80000E068009918300CF0ADFC42
:10B2F0000221E868FFF7BCFE0146E06818300CF058
:10B30000B3FCE068012118300CF0B6FCA088ADF861
:10B310000000E068009918300CF035FD60780128D5
:10B320007ED00228E8687CD05FF01001FFF7A0FE15
:10B330000146E068183002F0C9F86078012871D041
:10B340000228E8686FD00A21FFF792FE0146E06804
:10B3500018300CF029FC6078012865D00228E868D4
:10B360007ED00A21FFF784FE0146E068183003E032
:10B3700083E085E086E088E00CF01AFC12200AF0F9
:10B3800062FE0146E06818300CF0D3FC0121E86849
:10B39000FFF76EFE0146E06818300CF0BAFCE0687A
:10B3A000A03002F0C7F8DFF8F480A8F1280800E028
:10B3B0006DE0E0684646D8F83810A0300CF064FC28
:10B3C0000321E868FFF754FE0146E068A0300CF066
:10B3D00057FC0321E868FFF74BFE0146E068A03008
:10B3E0000CF061FCE0687F21A0300CF058FCE068B4
:10B3F000A83002F09FF8708FADF80000E068009967
:10B40000A8300CF041FC0321E868FFF731FE01464B
:10B41000E068A8300CF034FCE0687F21A83004E03C
:10B4200037E039E048E04AE04BE00CF038FCE068F7
:10B43000203002F07FF86078012847D00228E868C1
:10B4400047D00821FFF714FE0146E06820300CF0D9
:10B45000BDFCE068FF2120300CF0B9FB208900E042
:10B4600032E0ADF80000E068009920300CF0A4FB59
:10B4700095F82000C0072ED06EE00E21E868FDE6AA
:10B480000C21FBE60E21E86806E70C2104E70C21FD
:10B4900012E71821E86849E7142147E708FB002074
:10B4A000400100201A171500302B280037322F00DA
:10B4B000C15002088CD003080E21E86844E70C2133
:10B4C00042E70E21E8684DE70C214BE71021E868C0
:10B4D000B8E70C21B6E712200AF0B5FD0146E06896
:10B4E00020300CF0F4FB002009F038FB00EB4000AA
:10B4F0004FF4A079A0265030484508DB002009F021
:10B500002DFB00EB4000503090FBF6F000E00120F6
:10B5100001B2E06820300CF0CAFBE0687F212030E7
:10B520000CF0E0FB002009F019FB502707EB80002E
:10B53000484507DB002009F011FB07EB800090FB7A
:10B54000F6F000E0012001B2E868FFF791FD014646
:10B55000E06820300CF0B3FBA088ADF80000E06894
:10B56000009920300CF00FFC607801287ED0022872
:10B57000E8687CD05FF01001FFF77AFD0146E068D3
:10B58000203001F0B6FF6078012871D00228E86809
:10B590006FD00A21FFF76CFD0146E068203001F012
:10B5A000B3FF0521E868FFF763FD0146E06820303E
:10B5B0000CF0FEFA0521E868FFF75AFD0146E06845
:10B5C00020300CF0F1FAFF49FD4808600831FE48D0
:10B5D0000860E068583001F0ADFFE068F949583084
:10B5E0000CF000FCE068232158300CF0FFFBE06811
:10B5F000603001F09FFFF349E068083160300CF0E3
:10B60000F1FBE0687F2160300CF0F0FBE068C030B7
:10B6100001F090FFE0680121C0300CF0DBFBE06836
:10B620000121C0300CF028FBE068803001F082FF7F
:10B63000607801287ED00228E8687CD05FF0100195
:10B64000FFF716FD0146E068803001F03FFF6078AB
:10B65000012871D00228E8686FD01021FFF708FD9B
:10B660000146E06880300CF09FFA03E0ECE3ECE385
:10B67000ECE3ECE3607801287ED00228E8687CD017
:10B680005FF01001FFF7F4FC0146E06880300CF039
:10B690008FFAE068783001F04DFF607801286DD0B6
:10B6A0000228E8686BD00A21FFF7E2FC0146E06857
:10B6B000783001F00BFF607801287CD00228E86820
:10B6C0007AD00A21FFF7D4FC0146E068783001F017
:10B6D00026FFE068883001F02DFF0A21E868FFF7B7
:10B6E000C7FC0146E06888300CF05EFA0A21E86881
:10B6F000FFF7BEFC0146E06888300CF059FAE068BC
:10B70000903001F017FF1421E868FFF7B1FC014603
:10B71000E06890300CF04EFBE068983001F00AFFD2
:10B72000E068022198300CF04DFBE068683001F0D1
:10B7300001FF03E0FEE3FEE3FEE3FEE3E068002139
:10B74000683001F0C3FEE068002168300CF02CFA8C
:10B75000E068002168300CF02BFAE068703001F0EE
:10B76000E9FE607801287CD00228E8687AD00221BE
:10B77000FFF77EFC014603E0FEE3FEE3FEE3FEE3AB
:10B78000E068703001F0A2FE607801286BD00228DA
:10B79000E86869D05FF00201FFF76AFC0146E068E3
:10B7A00070300CF001FA607801287DD00228E8683A
:10B7B0007BD0022101E0E6E3E6E3FFF759FC014616
:10B7C000E06870300CF0F4F9E068283001F0B2FE67
:10B7D000E0684646D8F8381028300CF0EDF9FFF74D
:10B7E00033FC0146E06828300CF0CDFAE068FF2118
:10B7F00028300CF0ECF9E068303001F09BFEE06896
:10B80000B16B30300CF0D8F9E068B16B30300CF02F
:10B81000BAFAE068332130300CF0D9F9E0683830FA
:10B8200001F088FE708FADF80000E06800993830B4
:10B830000CF0C2F9FFF708FC0146E06838300CF064
:10B84000A2FAE068FF2138300CF0C1F9E06840301E
:10B8500001F070FE708FADF80000E0680099403094
:10B8600003E0FDE3FDE3FDE3FDE30CF0A5F9708FDC
:10B87000ADF80000E068009940300CF084FAE06810
:10B88000332140300CF0A3F9E068483001F052FE5B
:10B890002089ADF80000E068009948300CF08CF980
:10B8A000E068FF21483001E0FDE3FEE30CF08FF992
:10B8B000A088ADF80000E068009948300CF063FA09
:10B8C000E068503001F036FEE088ADF80000E06836
:10B8D000009950300CF070F9E068FF2150300CF006
:10B8E00076F9A088ADF80000E068009950300CF0BF
:10B8F0004AFAE068B03001F01DFEE0685746514654
:10B90000B0300CF063FAE068B83001F013FEE06884
:10B910000021B8300CF05AFAE068C83001F00AFE95
:10B920000321E868FFF7A4FB0146E068C8300CF08B
:10B930000BF90321E868FFF79BFB0146E068C8307C
:10B940000CF006F9E068F03001F0F4FDE068B16B4E
:10B95000F0300CF031F9E068FF21F0300CF037F9ED
:10B960000621E868FFF784FB0146E068F03001F04B
:10B97000ADFDE0683946F0300CF028FAE068E030C0
:10B9800001F0D8FDE068C821E0300CF037FAE0683B
:10B99000E83001F0CFFDE0687821E8300CF02EFAB5
:10B9A000E06800F5807001F0C5FD2089ADF8000069
:10B9B000E068009900F580700CF0D2F90F2105E0E5
:10B9C000A7B0010850010020B9B00108E868FFF7EE
:10B9D0004FFB0146E06800F580700CF0B9F9E068B3
:10B9E000012100F580700CF0B7F9E06800F5847073
:10B9F00001F0A0FDE068B16B00F584700CF0B0F9C7
:10BA0000E06800F5987001F095FDE0684FF48271F0
:10BA100000F598700CF088F8E06800F59C7001F073
:10BA200089FD0321E868FFF723FB0146E06800F584
:10BA30009C7001F04BFD0221E868FFF719FB0146FD
:10BA4000E06800F59C700CF00FF9E068B16B00F550
:10BA50009C700CF0FAF8E088ADF80000E0680099FE
:10BA600000F59C700CF0A8F8E068FF2100F59C70D0
:10BA70000CF0ADF860780128E8687CD05FF0080130
:10BA8000FFF7F6FA00EBD0704110E06800F59C700B
:10BA90000CF09CF9E06800F5A07001F04BFDE06847
:10BAA000FCA100F5A0700CF0B5F8FFF7CDFA014647
:10BAB000E06800F5A0700CF066F9E068696900F5CF
:10BAC000A0700CF06FF9E06800F5A47001F032FD91
:10BAD0000421E868FFF7CCFA404201B2E06800F5C3
:10BAE000A47001F0F3FCFFF7AFFA0146E06800F53F
:10BAF000A4700CF061F8E06800F5A87001F01AFD80
:10BB0000E068012100F5A8700CF003F9A088ADF8F9
:10BB10000000E068009900F5A8700CF00AF9E068F0
:10BB200000F5947001F006FDE068002100F59470C6
:10BB30000CF0A2F80A21E868FFF79AFA0146E068DB
:10BB400000F594700CF034F82089ADF80000E0683E
:10BB5000009900F594700CF0ECF8E06800F588703E
:10BB600001F0E8FC0321E868FFF782FA0146E0688B
:10BB700000F5887000E019E30CF0CBF80321E868C9
:10BB8000FFF776FA0146E06800F588700CF01EF9C0
:10BB90000821E868FFF76CFA0146E06800F5887054
:10BBA00001F089FC0221E868FFF762FA0146E068CB
:10BBB00000F588700BF0FCFFE06800F58C7001F078
:10BBC000B9FCE068394600F58C700CF0FFF80821EC
:10BBD000E868FFF74DFA0146E06800F58C7001F067
:10BBE0006AFCE068B16B00F58C700BF0E5FFE06873
:10BBF000FF2100F58C700BF0EAFFE06800F5907013
:10BC000001F098FC0121E868FFF732FA0146E0688C
:10BC100000F590700CF07DF8A088ADF80000E068A9
:10BC2000009900F590700CF084F80221E868FFF7A5
:10BC30001FFA0146E06800F5907001F047FC122001
:10BC40000AF001FA0146E06800F590700CF09BF8EC
:10BC5000E06800F5D07001F06DFCE068002100F5AF
:10BC6000D07001F033FCE068002100F5D07001F0E5
:10BC700056FCE068002100F5D0700CF0A7F8E068F1
:10BC8000012100F5D0700CF0A5F8E068002100F566
:10BC9000D0700BF0EDFFE06800F5EC7001F04AFCAD
:10BCA00060780128E8687CD05FF00801FFF7E0F9D0
:10BCB0000146E06800F5EC700CF088F8E0680121BE
:10BCC00000F5EC700CF086F8E068FF2100F5EC70F0
:10BCD0000BF07DFFE088ADF80000E068009900F50A
:10BCE000EC700BF069FFA088ADF80000E0680099E7
:10BCF00000F5EC700CF047F8E06800F5D47001F046
:10BD000019FC607801287DD00228E8687BD00A21E0
:10BD1000FFF7AEF90146E06800F5D47001F0E9FBE9
:10BD20006078012870D00228E8686ED05FF00A01C0
:10BD3000FFF79EF90146E06800F5D47001F0E4FBDE
:10BD4000607801287ED00228E8687CD05FF00A0184
:10BD5000FFF78EF90146E06800F5D47001F0DFFBD3
:10BD60000121E868FFF784F90146E06800F5D47026
:10BD70000BF07AFFE068192100F5D4700BF070FF2A
:10BD8000A088ADF80000E068009900F5D4700BF0D1
:10BD90005CFFE068002100F5D4700BF069FFE068FB
:10BDA00000E005E200F5D87001F0C4FBE068002176
:10BDB00000F5D87001F08AFBE068002100F5D8702A
:10BDC00001F0ADFB0121E868FFF752F90146E06898
:10BDD00000F5D8700BF048FFE068192100F5D87025
:10BDE0000BF03EFFA088ADF80000E068009900F578
:10BDF000D8700BF02AFFE068082100F5D8700BF02E
:10BE000037FF03E0D6E1D8E1D9E1DBE1E06800F5F6
:10BE1000DC7001F08FFBE068002100F5DC7001F0C0
:10BE200055FBE068002100F5DC7001F078FBE0686C
:10BE300000F5E47001F07EFB607801287ED00228D6
:10BE4000E86805E0C0E1C2E174E177E178E17BE117
:10BE500075D00A21FFF70CF90146E06800F5E4709F
:10BE600001F047FB607801286AD00228E86868D0B2
:10BE70005FF00201FFF7FCF80146E06800F5E470AE
:10BE800001F042FB607801287AD00228E86878D077
:10BE90000A2101E0EF808C00FFF7EAF80146E06834
:10BEA00000F5E47001F03BFBE06800F5E87001F09C
:10BEB00041FB6078012865D00228E8687DD0022126
:10BEC000FFF7D6F80146E06800F5E87001F011FBD5
:10BED0006078012872D00228E86870D05FF0020113
:10BEE000FFF7C6F80146E06800F5E87001F00CFBCA
:10BEF000E068002100F5E8700BF0F4FEE068002136
:10BF000000F5E8700BF063FEA088ADF80000E06873
:10BF1000009900F5E8700BF036FFE06800F5E0707E
:10BF200001F008FBE068002100F5E07001F0E1FAA3
:10BF3000002107E00AE10DE10EE111E149E14BE1E9
:10BF40004CE14EE1E06800F5E07001F0E8FAE068ED
:10BF500000F5F07001F0EEFAE068332100F5F070C2
:10BF60000BF035FE12200AF06EF80146E06800F58D
:10BF7000F0700BF021FE08E0F4E0F7E0F8E0FBE001
:10BF800031E133E134E1F9E0FCE0E06800F5F47020
:10BF900001F0D0FAE068002100F5F4700BF017FE14
:10BFA000607801287ED00228E8687DD05FF0020129
:10BFB000FFF75EF80146E06802E01CE11DE11FE1C9
:10BFC00000F5F47001F0A0FAE06800F5B07001F03F
:10BFD000B1FA0521E868FFF74BF80146E06800F583
:10BFE000B0700BF096FEA088ADF80000E0680099F4
:10BFF00000F5B0700BF09DFE1421E868FFF738F8EB
:10C000000146E06800F5B07001F055FA0F21E868CC
:10C01000FFF72EF80146E06800F5B0700BF0BCFDAC
:10C02000E06800F5B47001F085FAE068394600F583
:10C03000B4700BF0CBFEA088ADF80000E06800996A
:10C0400000F5B4700BF0B8FDE068FF2100F5B470A6
:10C050000BF0BDFD0F21E868FFF70AF8014603E089
:10C0600092E095E096E099E0E06800F5B47001F0A8
:10C0700022FAE06800F5AC7001F05CFA0121E86892
:10C08000FEF7F6FF0146E06800F5AC700BF0ECFD42
:10C090002089ADF80000E068009900F5AC700BF065
:10C0A000D4FD03E0AEE07BE0B0E07DE0E06803219A
:10C0B00000F5AC700BF0DCFDE06800F5B87001F045
:10C0C00039FAA088ADF80000E068009900F5B87072
:10C0D0000BF0BBFD0221E868FEF7CAFF0146E068ED
:10C0E00000F5B8700BF0C0FD0121E868FEF7C0FF55
:10C0F000404201B2E06800F5B8700BF04DFDE06819
:10C10000042100F5B8700BF0B3FDE0684FF4C8717E
:10C1100000F5B8700BF072FEE06800F5BC7001F03D
:10C1200009FA95F82000C00772D00221122009F008
:10C13000B0FF71E01821E868FFF71EBA1421FBE791
:10C140000E21E868FFF726BA0C21FBE71821E86802
:10C15000FFF776BA1421FBE71821E868FFF77EBAEB
:10C160001421FBE71821E868FFF78CBA1421FBE7DC
:10C170000E21E868FFF798BA0C21FBE70E21E8686A
:10C18000FFF7A0BA0C21FBE70821E868FFF7F0BA37
:10C190000621FBE70821E868FFF7FEBA0621FBE766
:10C1A0000821E868FFF706BB0621FBE70C2167E4DE
:10C1B0000C217BE50E21E868AAE50C21A8E50E21FB
:10C1C000E868B5E50C21B3E50E21E868C0E50C216F
:10C1D000BEE50E21E8683DE60C213BE60821E86853
:10C1E00048E6062146E60E21E86852E60C2150E6B4
:10C1F0000821E86864E6062162E60821E8686FE63F
:10C2000006216DE60821E868D2E601E00621CFE6C6
:10C210000121122009F025FF0146E06800F5BC70FD
:10C220000BF0B1FDE06800F5C07001F083F96078B3
:10C2300001287DD00228E8687BD00A21FEF718FF8C
:10C240000146E06800F5C07001F040F9607801280F
:10C2500070D00228E8686ED05FF00A01FEF708FF90
:10C2600000EBD0704110E06800F5C07001F057F9A4
:10C27000E06800F5C47001F05DF90121E868FEF79F
:10C28000F7FE0146E06800F5C4700BF0EDFC208974
:10C29000ADF80000E068009900F5C4700BF0D5FC23
:10C2A000E088ADF80000E068009900F5C4700BF07C
:10C2B00083FCE068332100F5C4700BF088FCE06873
:10C2C00000F5C87001F036F9607801287DD00228A9
:10C2D000E8687BD05FF00A01FEF7CAFE0146E0681D
:10C2E00000F5C87001F005F9607801286FD00228C8
:10C2F000E8686DD05FF00A01FEF7BAFE0146E0681B
:10C3000000F5C8700BF040FC607801287DD0022851
:10C31000E8687BD05FF00201FEF7AAFE0146E06804
:10C3200000F5C8700BF034FC607801286FD003E092
:10C330005BE160E161E163E10228E86868D00A211D
:10C34000FEF796FE0146E06800F5C87001F0E7F8D8
:10C35000E06800F5CC7001F0EDF80A21E868FEF71E
:10C3600087FE0146E06800F5CC700BF0F1FCE06858
:10C3700000F5FC7001F0DEF80421E868FEF778FEB5
:10C380000146E06800F5FC7001F0A0F8E06800F5F7
:10C39000F87001F0CFF8E06842F2640100F5F8703F
:10C3A0000BF0B6FBE06800F5007001F0C3F8122056
:10C3B00009F049FE0146E06800F500700BF0FCFB57
:10C3C000E0687F2100F5007003E01BE11EE11FE142
:10C3D00021E10BF0FCFBE06800F5027001F0AAF827
:10C3E000E068002100F502700BF061FC6078032822
:10C3F0007ED00128E8687CD05FF00801FEF738FEA7
:10C400000146E06800F5027003E006E108E109E199
:10C410000DE10BF0DBFCE06800F50E7001F08AF82E
:10C42000E068B16B00F50E700BF00FFC0221E868BC
:10C43000FEF71EFE400001B2E06800F50E700BF042
:10C4400013FCE068012100F50E700BF011FCE068B0
:10C4500000F50C7001F06EF80221E868FEF708FEA6
:10C46000404201B2E06800F50C700BF01CFCE06883
:10C4700000F5047001F05EF8607801287ED0022893
:10C48000E8687CD05FF01001FEF7F2FD0146E0683D
:10C4900000F5047001F02DF8E068002100F504704B
:10C4A00001F032F8E068002100F5047001F037F87F
:10C4B000E068012100F504700BF08CFCE06800F5E9
:10C4C000067001F037F80121E868FEF7D1FD01465A
:10C4D000E06800F506700BF0C7FB2089ADF800009E
:10C4E000E068009900F506700BF0AFFB012101E058
:10C4F0009FE0A6E0E06800F506700BF0B9FB6078FD
:10C50000012875D00228E86873D00A21FEF7B0FD33
:10C510000146E06800F5067000F0D8FF6078012859
:10C5200068D00228E86870D05FF00A01FEF7A0FD2D
:10C530000146E06800F506700BF03AFBE06800F594
:10C54000087000F0F7FF607801286ED00228E868D4
:10C550006CD01021FEF78CFD0146E06800F50870F4
:10C560000BF0F2FAE06800F5107000F0E3FFE0680D
:10C57000FF2100F510700BF02AFB01E063E065E09D
:10C58000FEF762FD0146E06800F510700BF014FB49
:10C59000122009F058FD0146E06800F510700BF01C
:10C5A0001AFBE068394600F510700BF00FFC0F2104
:10C5B000E868FEF75DFD0146E06800F510700BF0DD
:10C5C00076FBFEF741FD0146E06800F510700BF0C8
:10C5D0007EFB0521E868FEF74BFD0146E068BDE8FB
:10C5E000FC4700F510700BF06EBB0E21E86825E6E5
:10C5F0002EE030E031E00C2120E60E21E8682DE647
:10C600000C212BE60E21E86866E629E00C2163E6A2
:10C610000E21E86870E60C216EE60821E8687BE6EA
:10C62000062179E60E21E8688AE61BE01DE00C2170
:10C6300086E60821E868FEF71BFD00EBD07040108D
:10C64000DEE60C21DAE61821E8681DE714211BE775
:10C650000E21E8685AE70C2158E70E21E86865E7E3
:10C660000C2163E71821E86874E7142172E72DE9CB
:10C67000F35F0198F4F797FCFE4C00287ED0FE494A
:10C680000198EFF77BFE00284CD00198F4F78BFC63
:10C690000546FA49EFF772FE002870D12846F4F7F4
:10C6A00082FCF649EFF76AFE38B1E168002280317A
:10C6B000DDF80400F3F7EAFCF9E30198F4F777FCFE
:10C6C00088B90198F4F76FFCED49EFF757FE50B1C8
:10C6D000E168002248310198F3F7D8FCE1680022B4
:10C6E0007031019844E20198F4F761FC01280CD103
:10C6F0000198F4F758FCE249EFF740FE28B1002218
:10C70000E1680198F3F7C2FCCFE70198F4F74BFC1E
:10C71000DC49EFF733FE0028BFD1E1680022183171
:10C720000198C7E7D8490198EFF728FE002854D0B0
:10C73000E168002220310198F3F7A8FCE1680022AB
:10C7400028310198F3F7A2FCE1680022D03101986A
:10C75000F3F79CFCE168202258310198F3F796FC2E
:10C76000E1682022D8310198F3F790FCE1680422B7
:10C77000A0310198F3F78AFC202201E0FEE39CE05F
:10C78000E1680198C831F3F781FCE1680122383192
:10C790000198F3F77BFCE168802260310198F3F7A0
:10C7A00075FC0198F4F7FFFBB849EFF7E7FD38B9DE
:10C7B0000198F4F7F8FBB649EFF7E0FD00287CD0CC
:10C7C000E168002201F5E8710198F3F75FFCE16888
:10C7D000202201F5F071019884E7AE490198EFF746
:10C7E000CDFD28B1E168002201F5A871019879E733
:10C7F000A9490198EFF7C2FD4FF4A02808F10109FB
:10C8000008F1040A002870D00198F4F7CCFBA34982
:10C81000EFF7B4FD20B3E168002201F5FC71019847
:10C82000F3F734FCE168002288310198F3F72EFC1D
:10C83000E168424620310198F3F728FCE168984A04
:10C8400058310198F3F722FC954AE1686032603173
:10C850000198F3F71BFCE1684A4628310198FDE393
:10C860000198F4F7A0FB8549EFF788FD30B3E16844
:10C87000002250310198F3F709FCE1680422A0314D
:10C880000198F3F703FCE168042201F50C710198AB
:10C89000F3F7FCFBE168824A58310198F3F7F6FBA5
:10C8A000E1684D464A4630310198F3F7EFFBE16805
:10C8B0002A4601F50E71019801E0F5E316E0F3F761
:10C8C000E5FBE16855465246A0310198F3F7DEFBDF
:10C8D000734AE168183AA8310198F3F7D7FBE16889
:10C8E0002A4601F50C710198FCE662E00198F4F724
:10C8F0005AFB6449EFF742FD0028E16801984FF0C8
:10C90000000222D001F5C071F3F7C0FBE1680422F8
:10C91000A0310198F3F7BAFBE1680822A831019829
:10C92000F3F7B4FBE168424601F5C4710198F3F7EF
:10C93000ADFBE1685A4A58310198F3F7A7FB584A12
:10C94000E16860326031019825E01831F3F79EFB11
:10C95000E1680422A0310198F3F798FBE16808220E
:10C96000A8310198F3F792FBE16842462031019823
:10C97000F3F78CFB4A4AE168603260310198F3F7C3
:10C9800085FBE168464A58310198F3F77FFBE1687F
:10C990004A4628310198F3F779FBE1685246A03105
:10C9A0000198F3F773FB3E4AE168183AA831019801
:10C9B00098E63C490198EFF7E1FC4FF4003510B3DD
:10C9C000E168002230310198F3F760FBE168002252
:10C9D000B0310198F3F75AFBE1680422A0310198C5
:10C9E000F3F754FBE1680822A8310198F3F74EFBF6
:10C9F000E1682A4628310198F3F748FBE1682A46A6
:10CA0000B0310198B4E028490198EFF7B7FC4FF432
:10CA1000403668B3E168002230310198F3F736FB05
:10CA2000E1680022B0310198F3F730FBE16804229D
:10CA3000A0310198F3F72AFBE1680822A831019898
:10CA4000F3F724FBE1682A4628310198F3F71EFB2F
:10CA5000E1682A46B0310198F3F718FBE1683246E5
:10CA6000F0310198F3F712FB104DE1682A461FE000
:10CA700027E000004001002028CF0308DCD5030890
:10CA800030D60308A4D00308700E0408D810040898
:10CA9000BC100408340F04088C0E040850D5030899
:10CAA00020000500540E0408880F0408200003002D
:10CAB000C8310198F3F7EAFAE1683246D0310198BB
:10CAC000F5E0FB490198EFF759FCE8B3E168002273
:10CAD00018310198F3F7DAFAE16800226831019819
:10CAE000F3F7D4FAE1680022B8310198F3F7CEFAEF
:10CAF000E1680422A0310198F3F7C8FAE16808223E
:10CB0000A8310198F3F7C2FAE1684FF48032083196
:10CB10000198F3F7BBFAE168E64A10310198F3F7A0
:10CB2000B5FAE1684546424650310198F3F7AEFA4E
:10CB3000E1682A4601F5AC710198F3F7A7FAE168BC
:10CB40002A468031019800E013E0F3F79FFAE1688C
:10CB5000D94A58310198F3F799FAE16852462831D9
:10CB60000198F3F793FAD44AE168183A38310198FA
:10CB700028E2D2490198EFF701FCD14FDFF840B32A
:10CB80007F3FE8B3E168002288310198F3F77EFA2D
:10CB9000E1680422A0310198F3F778FAE1685A4677
:10CBA00060310198F3F772FAE1682A4601F59C7149
:10CBB0000198F3F76BFAE1683A4628310198F3F7E8
:10CBC00065FAE1683A4601F5A0710198F3F75EFA5B
:10CBD000BB4EE168603E324658310198F3F756FA91
:10CBE000E1683246C8310198F3F750FAE1683246FD
:10CBF000D8310198F3F74AFAE1682A46D03100E0CB
:10CC000001E00198E8E3AF490198EFF7B7FBE8B31B
:10CC1000E168002248310198F3F738FAE168002210
:10CC2000B0310198F3F732FAE1680022E831019857
:10CC3000F3F72CFAE168802260310198F3F726FAC5
:10CC4000E1680422A0310198F3F720FAE1683A463E
:10CC500028310198F3F71AFAE1682A46B0310198B1
:10CC6000F3F714FAE1685A4660310198F3F70EFAC7
:10CC7000E1683246F0310198F3F708FAE16832468C
:10CC800050310198F3F702FA324600E016E0E1680D
:10CC9000019801F5A471F3F7F9F9E1688A4A603166
:10CCA0000198F3F7F3F9E1683A46D8310198F3F7C0
:10CCB000EDF9E1682A46D83101988DE3834901985E
:10CCC000EFF75CFB4FF4E02BD8B3E168002218319A
:10CCD0000198F3F7DBF9E168002278310198F3F766
:10CCE000D5F9E168002201F594710198F3F7CEF9C6
:10CCF000E1684FF4803208310198F3F7C7F9E16831
:10CD00006C4A10310198F3F7C1F9E168424601F528
:10CD100088710198F3F7BAF9E1682A4601F58C7138
:10CD20000198F3F7B3F9E1684FF4C02201F590716F
:10CD30000198F3F7ABF9E1685A4601F5887101985B
:10CD40004AE3FFE762490198EFF718FB4FF48027A9
:10CD500028B3E168002218310198F3F797F9E168E8
:10CD60000022E0310198F3F791F9E1680022903157
:10CD70000198F3F78BF9E168002298310198F3F7F5
:10CD800085F9E1680422A0310198F3F77FF9E168A1
:10CD90000822A8310198F3F779F93A461CE24D4987
:10CDA0000198EFF7EBFA40B3E168002218310198DF
:10CDB000F3F76CF9E168002278310198F3F766F92E
:10CDC000E1680022D0310198F3F760F9E168202290
:10CDD000D8310198F3F75AF9E168202258310198C7
:10CDE000F3F754F9E1680422A0310198F3F74EF902
:10CDF000E1680822A831019859E737490198EFF70F
:10CE0000BDFAA0B3E168002218310198F3F73EF9AA
:10CE1000E1680022C0310198F3F738F9E168002297
:10CE200090310198F3F732F9E168002201F5987129
:10CE30000198F3F72BF9E1684FF48032083101983B
:10CE4000F3F724F9E1681B4A10310198F3F71EF952
:10CE5000E1683A4650310198F3F718F9E1681F4A42
:10CE600028310198F3F712F91C4A1F3269E1FFE7F4
:10CE70001B490198EFF782FAA0B3E168002201F59F
:10CE800080710198F3F702F9E1682A4601F5807193
:10CE90000198F3F7FBF8E1682A4601F584710198DF
:10CEA000F3F7F4F8E1683246F031019894E246E293
:10CEB000C00F04084000010020000500A80E04086F
:10CEC00080000200A40F040880000300F8D00308CB
:10CED000500F0408C40E0408E00E0408010004000A
:10CEE000380E0408FFE7F9490198EFF747FA98B1BF
:10CEF000E168002201F580710198F3F7C7F8E16855
:10CF00002A4601F580710198F3F7C0F8E1682A46D6
:10CF100001F5847101985FE2ED490198EFF72EFA6F
:10CF200088B1E168002218310198F3F7AFF8E168A1
:10CF30000022B0310198F3F7A9F8E1682A4601F51B
:10CF4000B471019848E2E3490198EFF717FAD0B3BA
:10CF5000E168002218310198F3F798F8E16800229F
:10CF600078310198F3F792F8E168802260310198F6
:10CF7000F3F78CF8E1680422A03100E0A1E1019808
:10CF8000F3F784F8E1680822A8310198F3F77EF8F6
:10CF9000E1684FF4803208310198F3F777F8E168DF
:10CFA000CD4A10310198F3F771F8E168CB4A01F5E9
:10CFB000B8710198F3F76AF8E1684FF4002201F5BF
:10CFC000BC71019808E2FFE7C5490198EFF7D6F96F
:10CFD00020B1E168002218310198C4E1C1490198EB
:10CFE000EFF7CCF928B1E168002201F5C87101988A
:10CFF000F2E1BD490198EFF7C1F90028F3D1BB492F
:10D000000198EFF7BBF950B30022E1680198F3F7FC
:10D010003DF86078E168012847D07031002201981E
:10D02000F3F734F8E1680422A0310198F3F72EF801
:10D03000E1680822A8310198F3F728F8E16845462D
:10D04000424620310198F3F721F8E168A84A60319F
:10D050000198F3F71BF82A46E16801E016E026E0A4
:10D0600050310198F3F712F8E1682A4601F5027190
:10D070000198F3F70BF89E4AE168603A583101983D
:10D08000F3F704F8E1684A4648310198F2F7FEFFE9
:10D09000E168524630310198F2F7F8FF944AE168AE
:10D0A000783A4031019897E19BE17831B6E79149B0
:10D0B0000198EFF763F960B1E16800221831019837
:10D0C000F2F7E4FFE168002201F504710198FFF72F
:10D0D000F1BA89490198EFF751F958B1E168002296
:10D0E00048310198F2F7D2FFE168002201F508719A
:10D0F000019871E181490198EFF740F928B3E1689F
:10D10000002250310198F2F7C1FFE168002201F5D9
:10D1100006710198F2F7BAFFE168042228310198FC
:10D12000F2F7B4FFE168042201F508710198F2F703
:10D13000ADFFE168202201F508710198F2F7A6FF22
:10D140002022E1680198583146E16D490198EFF7D6
:10D1500015F958B1E168002218310198F2F796FFED
:10D16000E168002201F5D071019835E16549019827
:10D17000EFF704F928B1E168002201F5D8710198B0
:10D18000A5E761490198EFF7F9F828B1E1680022B5
:10D1900001F5DC7101989AE75C490198EFF7EEF828
:10D1A000F0B1E168002201F5D4710198F2F76EFF49
:10D1B000E168202201F5F0710198F2F767FFE1685C
:10D1C000212230310198F2F761FFE168012230310C
:10D1D0000198F2F75BFF0422E16801982831FBE037
:10D1E0004B490198EFF7CAF820B94A490198EFF77F
:10D1F000C5F828B1E168002201F5E4710198EBE07F
:10D2000045490198EFF7BAF828B1E168002201F525
:10D21000E07101985BE741490198EFF7AFF828B159
:10D22000E168002201F5EC710198D5E03C490198D4
:10D23000EFF7A4F828B1E168002201F5F471019834
:10D24000CAE038490198EFF799F858B1E16800222F
:10D2500018310198F2F71AFFE168002201F5F87120
:10D260000198B9E030490198EFF788F828B1E168F2
:10D27000002201F500710198AEE02C490198EFF70A
:10D280007DF8C8B1E168002218310198F2F7FEFE7E
:10D29000E168002278310198F2F7F8FEE168042293
:10D2A000A0310198F2F7F2FEE1680822A831019856
:10D2B000F2F7ECFE5A468FE71D490198EFF75EF84A
:10D2C00018B10022E168019801E733E0C0D50308F6
:10D2D00034D50308DC0F04084000010002000700F9
:10D2E000A4D00308C0D00308DCD0030814D103087D
:10D2F00080000500E0D4030818D50308FCD4030817
:10D30000F80F040884100408A01004083010040862
:10D31000D8100408BC100408141004084C100408A9
:10D320006810040850D5030888D50308A4D503085D
:10D33000F8D5030883490198EFF720F858B1E16860
:10D340004FF4803208310198F2F7A0FEE1687E4A7E
:10D350001031019840E07D490198EFF70FF848B18E
:10D360000022E1680198F2F791FEE168002268313D
:10D37000019831E076490198EFF700F820B1E168B3
:10D380000022C031019827E072490198EEF7F6FFBC
:10D39000B8B1E168002201F5CC710198F2F776FE90
:10D3A000E168002280310198F2F770FEE1683246B0
:10D3B00050310198F2F76AFEE168324680310198F7
:10D3C0000AE065490198EEF7D9FF002809D0E16825
:10D3D0000198002201F5107102B0BDE8F05FF2F78C
:10D3E00055BEBDE8FC9F5D480068002800D00120C4
:10D3F00070472DE9FF47994607460C9EFFF7F3FF5C
:10D40000574D40B9002028704FF4127009F09DFB71
:10D4100052490860E86007F044FA07F058FA4FF004
:10D420000108B0F5A07F01DC032007E007F039FA1E
:10D4300007F04DFAB0F5347F02DA0220687001E09F
:10D4400085F80180474CA4F12800E760BDF804107E
:10D450000187BDF80810418766614348A6612060D6
:10D46000C4E90769FDF741FE27B13846ECF74AFBEE
:10D47000A04202D10020F2F709FF85F8008004B035
:10D480003848BDE8F08700B5FFF7ADFF002800D0B1
:10D49000344800BD4FF478414FF4FC6201EA10219A
:10D4A00002EA501208B51143C0F3C4000143ADF8BD
:10D4B000001088B208BD70B50C4605460AF020FB86
:10D4C00021462846BDE870400AF026BB70B50C46E0
:10D4D00005460AF061FB214628460AF061FB214619
:10D4E00028460AF051FB21462846BDE870400AF064
:10D4F0004FBB70B50C4605460AF04EFB2146284648
:10D50000BDE870400AF04CBB70B50C4605460AF009
:10D510003BFB21462846BDE870400AF039BB70B598
:10D520000C4605460AF040FB21462846BDE87040FF
:10D530000AF03EBB0A49097809B10AF023B90AF09A
:10D540001EB9000014D6030840000100DCD5030812
:10D5500030D60308A8D40308C4D4030880020020EE
:10D560004001002008FB00206FC6010810B50146ED
:10D57000FE48EFF703FC0446EFF793FC204610BD8E
:10D5800030B4002200EB820351F82240521C9C630D
:10D59000072AF7D330BCF0F75CBA032901D2012384
:10D5A00000E00023C01A03EB430301EB8301891E53
:10D5B000C1EB41110C23B1FBF3F111446422B0FB28
:10D5C000F2F2014401EB9001891A4FF4C872B0FBEA
:10D5D000F2F008440721B0FBF1F201FB1200C0B2E7
:10D5E00070472DE9F0470446406A4FF440410DF082
:10D5F00011F994F92E10A08D0122FFF7CEFF0546F8
:10D60000206B18B300264FF002084FF00309AF1D3E
:10D610004FF4004A17E0206BA28D30F8261091429B
:10D620000FD108EB8601415694F92E20914208D182
:10D6300009EB860140565246384481B2606A0DF0CB
:10D64000F9F8761CB6B2A08EB042E4D8A08D218D38
:10D65000884211D194F92E1094F92A0081420BD1FD
:10D6600094F92B00AD1D284481B2606ABDE8F047F3
:10D670004FF480420DF0DEB8BDE8F087018580F8F8
:10D680002A2080F82B30ACE711B101638286A8E72D
:10D69000FEE7491E01D5401E0C310C2901DB401C60
:10D6A0000C3901290DD0072091FBF0F200FB12107C
:10D6B00000EBD07121F00101401AC0F11F00C0B28F
:10D6C000704781070CD16421B0FBF1F201FB12011C
:10D6D00049B94FF4C871B0FBF1F201FB120010B16F
:10D6E00000201C30EBE70120FBE72DE9F05F04464A
:10D6F00088B2A08555B284F82E50012184F82F10ED
:10D7000082462021606A0DF085F80026B1B2202201
:10D71000606A0DF08FF8761C072EF7D3564629461F
:10D720003046FFF7B6FF8346294601223046FFF711
:10D7300034FF064637464FF001080BEB07090DE0B2
:10D7400004EB870043468AA2042100F58C7009F09F
:10D7500076FF08F1010000F0FF087F1CB945EFD803
:10D76000691E5046FFF795FF0025801B401CC7B27D
:10D7700012E000BF04EB85003B467DA2042100F5CA
:10D780008C7009F05CFFE81D81B22022606A0DF008
:10D7900051F87F1CFFB26D1CB542EBD306EB0B05B5
:10D7A000012711E004EB85003B4671A2042100F53E
:10D7B0008C7009F044FFE81D81B22022606A0DF0F0
:10D7C00039F87F1CFFB26D1C2A2DEBD32046FFF7E2
:10D7D00008FF606A0DF08AF8A0F57F41FF3903D099
:10D7E000F11D606A0CF0EAFF2046F0F732F920469E
:10D7F000F3F7D4FB064600250BE029462046F3F755
:10D80000BBFB616A814203D022461C21ECF7EFFA90
:10D810006D1CB542F1D3BDE8F09F406A70472830D7
:10D8200070472C307047006B7047808E704770B522
:10D8300005460C46406A0DF059F8A0F57F41FF39C6
:10D8400019D0686A0DF052F80146686A0DF050F878
:10D8500041780078A0F1300029B100EB8000D0229F
:10D8600002EB40000844E070A88D208095F82E005F
:10D87000A070012070BD00202080A070E07070BDFD
:10D88000F8B50446ECF7D1FA06462046ECF7D5FA8F
:10D890000446406BB0F5A02F51D1A06B002507289E
:10D8A00005D22069C570206980F8225012E081B24B
:10D8B000202230460DF007F860B12069C57020695C
:10D8C00080F82250122008F0BEFB00906069BDF87D
:10D8D00000108181208F4FF4004281B230460CF05D
:10D8E000F2FF98B121696620C8703046F4F7DFFE78
:10D8F00000902069BDF80010818030460CF0F6FFE2
:10D90000A16B884202D12169B220C870208F4FF4E8
:10D91000804281B230460CF0D6FF00280FD021693A
:10D92000FF2081F822003046F4F7C1FE0090206904
:10D93000BDF80010C1832169088C401C0884F8BD23
:10D940002DE9F0410F460C4640F2E471218501209B
:10D9500084F82A0084F82B00A18584F82E0084F82E
:10D960002F0000202063A086A82103E0A4D0030894
:10D970002564000004F58C7009F0A4FA0021084623
:10D980002C4B782506E028B14207B2F1604F07D052
:10D99000072807D253F8202004EB8006B2630CE07E
:10D9A00025A2F9E704EB810204EB800682F8185106
:10D9B00002F58C72491CC9B2B263401CC0B238284F
:10D9C000E1D31EA0C4F8140138460CF0AFFD04F1F9
:10D9D000380160620CF0B4FD54F8240F4FF48871E4
:10D9E0000CF04BFF00231A2215492068ECF749FA86
:10D9F00042F264012068F0F7FCFB0121384605F093
:10DA0000F0FD0121206805F02AFE94F90A20218901
:10DA10003846FFF76AFE94F9073094F90620A1888A
:10DA20003846FFF72BFE2068BDE8F0414FF48041F7
:10DA3000EEF720BB600100200A000000000000009B
:10DA400081D8010810B501466548EFF797F90446FB
:10DA5000EFF727FA204610BD70B5ECF7E6F905465A
:10DA6000F3F7A1FAFFF7DDFE044601212846F3F79C
:10DA700083FA054694F902005A49228801EB800096
:10DA800059A150F8043C2846BDE870400FF09DBFF6
:10DA90002DE9F041ECF7C9F90746F3F784FA064699
:10DAA000F3F781FA0546FFF7BCFE04680021304613
:10DAB000F3F762FAB84244F3074008D1012801D0D5
:10DAC000401E07E00C2060F31744601E1FE00C2886
:10DAD00019D0401C60F3174444F30747A1B20C4629
:10DAE0003A462846FFF701FE01213046F3F744FA93
:10DAF0003C49224601EB870151F8043CBDE8F04166
:10DB000039A10FF062BF012060F31744601C60F37D
:10DB10000F04E1E770B50D4600212846F3F7F0FB4E
:10DB20000021284605F05DFD002302221946284603
:10DB300005F076FD28460CF0DFFC064600222CA1FD
:10DB4000F3F7D9F842F264013046F0F73CFB304677
:10DB5000F0F792FD3046EFF7D3FF0446014630461A
:10DB6000F0F747FB0023072222493046ECF789F9FA
:10DB700004213046EEF7B1FA28460FF083FB064643
:10DB800003210FF094FF002202213046F3F7B3F98E
:10DB90000121304605F063FD28460CF0ADFC064639
:10DBA000002215A1F3F7A7F8224611463046F0F7F8
:10DBB00036FB002307220F493046ECF762F90421B7
:10DBC0003046EEF78AFA00231C220C492846ECF76F
:10DBD00058F92846BDE8704000221C21ECF707B92F
:10DBE000C0D003087C0100202564202573000000BC
:10DBF000EF81930091DA0108EF81940059DA01086E
:10DC000010B501465048EFF7B9F80446EFF749F967
:10DC1000204610BD70B5ECF708F90546F3F7C3F9D7
:10DC2000FFF7FFFD044600212846F3F7A5F9024659
:10DC30002088A0F2E770404281B210460DF04AFF02
:10DC400001212846F3F798F9024694F90200BDE84D
:10DC50007040401E81B210460DF03CBF70B50546C5
:10DC6000ECF7E3F804462846ECF7E9F805462046C9
:10DC70000DF061FF04462846FFF7D3FD0088641CC1
:10DC800062B262F3174081B22846BDE87040FFF7E8
:10DC90002CBD70B50546ECF7C8F804462846ECF7ED
:10DCA000CEF8054620460DF046FF04462846FFF70D
:10DCB000B8FD0068A4F2E774614240F307422846C9
:10DCC000BDE8704089B2FFF710BD2DE9F0410F4665
:10DCD0000846F3F768F9044600213846F3F710FBCD
:10DCE0000021384605F07DFC38460DF0CFFD174D7C
:10DCF000064669680DF0DBFD23461C2214493046B8
:10DD0000ECF7BFF80121304605F0A9FC38460DF0CC
:10DD1000BDFD064629680DF0CAFD23461C220D49AB
:10DD20003046ECF7AEF80121304605F098FC0023B0
:10DD30001C2209493846ECF7A4F83846BDE8F04102
:10DD400000221C21ECF753B8DCD00308AC01002002
:10DD500093DC01085DDC010815DC010810B5014603
:10DD6000FE48EFF70BF80446EFF79BF8204610BD8E
:10DD7000EFF76FBE2DE9F041044690F888000E469B
:10DD800000F00700B04236D0032812D104F124007D
:10DD9000804608F001FD0546002708E0286808F0E5
:10DDA000EAFE294640462F6008F09CFC0546002DFF
:10DDB000F4D1032E13D104F12400074608F0ECFC43
:10DDC0000BE000BFB4F88200800008F0BEFE2860BF
:10DDD00080B12946384608F085FC0500F2D194F858
:10DDE000880066F3020084F888002046BDE8F04110
:10DDF000EFF72FBEFEE7BDE8F0812DE9F0471646AC
:10DE00001A681D468846002A3DD0B0F88240B8F80E
:10DE10000A10700047F6FF79B9B308F096FE0700C4
:10DE200004D0A6424FF000000FD226E0FEE700BF6C
:10DE3000B8F80A100144B1FBF4F204FB12112A688D
:10DE400032F8111027F81010401CA042F0D34846B9
:10DE500003E000BF27F81400641CB442FAD30EE0BC
:10DE6000B8F80A100144B1FBF4F204FB12112A685D
:10DE700032F8111027F81010401CB042F0D3286877
:10DE800008F079FE2F60BDE8F087FFE701461046F5
:10DE900008F084FE286020B1A642F4D94846641EEA
:10DEA00004E0FEE7296821F81400641CB442F9D3A9
:10DEB000E9E72DE9F0410546B0F882000E46B04290
:10DEC00099D006B9012605F12400804608F064FCCB
:10DED000044600271EE000BF95F8880000F0070008
:10DEE000032808D1207B800705D4234632461946F3
:10DEF0002846FFF782FF207B400705D4231D3246CA
:10DF000021462846FFF779FF67812146404608F001
:10DF1000E9FB0446002CDFD12846A5F88260BDE865
:10DF2000F041EFF796BD66E7934200D15B1C1BB250
:10DF300061B101290FD0022912D0042915D1A0F80E
:10DF40007620A0F87A3000BFEFF783BDA0F86C20F0
:10DF5000A0F87030F8E7A0F86E20A0F87230F3E770
:10DF6000A0F87420A0F87830EEE7704790F8882089
:10DF7000C2F3C0038B4205D061F3C30280F888204E
:10DF8000EFF767BD7047B0F87E308B4203D1B0F831
:10DF90008030934205D0A0F87E10A0F88020EFF7E3
:10DFA00058BD704710B50446B0F8840088420DD0C3
:10DFB0002046A4F88410F0F765FD00212046F1F713
:10DFC0001AFE2046BDE81040EFF743BD10BD10B566
:10DFD0000446B0F8860088420DD02046A4F886108A
:10DFE000F0F750FD00212046F1F705FE2046BDE880
:10DFF0001040EFF72EBD10BDB0F884007047B0F8A8
:10E000008600704739B1012909D0022905D00429B9
:10E0100007D0002070473C3070474830704754307C
:10E020007047603070472DE9F0410DF11808044643
:10E0300098E8E010FFF7E6FF02804380416866F34E
:10E040001E414160816865F30E0167F3CF31816045
:10E05000A0F804C02046EFF790FA2046BDE8F04152
:10E06000EFF7F7BC90F8880000F007007047B0F8B1
:10E070008200704709B148897047FEE72DE9F04FEB
:10E0800089B090460E4605001C460AD056B1B5F838
:10E090008210414507D800202080588009B0BDE893
:10E0A000F08FFEE7FEE72846EFF715FFB5F884107E
:10E0B000484340F30F272846EFF7EFFDB5F88610E9
:10E0C000484340F30F2995F8880000F00700012825
:10E0D00004D003280AD0022819D05DE0B5F88200E8
:10E0E00007FB08F7401E97FBF0F054E000973168FB
:10E0F000002331F91800317BC1F3C00205EB420166
:10E10000B1F97820B1F9741008F0DAFC43E005F1B8
:10E1100024000090049008F0C1FB82464FF4A02137
:10E12000284601F048FEB5F8841048434FEA202BFA
:10E130000021284601F03FFEB5F884104843011243
:10E14000B5F88200C0F1010202FB017191FBF0F110
:10E150000AB2B2FBFAF10FFA81FA01E0F8D0030833
:10E1600007FB08F797FBF0F02080049808F014FBF9
:10E1700008E0B14208D0228802EB0A002080009813
:10E1800008F0B0FA0100F4D1AAEB0B00218800EBF3
:10E19000D07001EB600020800021284601F011FEC4
:10E1A00007460021284601F0FAFD2188384408443A
:10E1B00020802846F0F705FE2188081A2080716823
:10E1C00031F91800317BC1F3001205EB420232F93C
:10E1D0006C1F401AB2F9042000FB09F0511A90FBA1
:10E1E000F1F0A9EB000060800021284601F0CBFD92
:10E1F00061883844084460802846F0F78EFD6188C5
:10E20000081A60804AE72DE9F7430546243017468F
:10E21000804608F049FA040012D0BDF804002081BD
:10E22000B5F8820047F6FF76400008F08EFC60608B
:10E2300038B195F8880000F00700032802D00AE002
:10E24000FEE7FEE7B5F88200400008F07EFC2060A3
:10E2500078B1606870B100206081207BB90820F03F
:10E26000050061F3C30067F30410207300206168A8
:10E270000EE0FEE72146404608F092FA204608F0FC
:10E280007AFC0020BDE8FE83401C21F8026B80B2BE
:10E29000B5F882208242F7D82046F3E770B50C002B
:10E2A00011D00546207B400703D4606808B108F010
:10E2B00062FC214605F1240008F072FA2046BDE810
:10E2C000704008F058BCFEE729B10B7B62F30003F5
:10E2D0000B73EFF7BEBBFEE717B429B1BDF80820FA
:10E2E0000A811EBCEFF7B5BBFEE729B1B0F882008A
:10E2F000904200D94A817047FEE7243009B108F006
:10E3000047BA08F0F2B937B51446303008F0CCF906
:10E3100058B147F6FF71018041808180002141732F
:10E32000BDF80410C18004733EBDFEE739B1138807
:10E330000B8052884A8001224A73EFF78ABBFEE7BE
:10E3400070B50C00054604D0A380002060730AB1AC
:10E3500005E0FEE700212846FFF7CFFF02462846EA
:10E36000A260BDE87040EFF774BB09B10868704760
:10E37000FEE730B409B1002305E0FEE74C6824F85D
:10E3800013205B1C9BB2B0F882409C42F6D800225E
:10E390004A8130BCEFF75DBB2DE9FC470446B0F87D
:10E3A00082000D46A8427DD92046EFF794FDB4F8CF
:10E3B0008410484340F30F262046F0F702FD07463D
:10E3C00094F88800010705D500F00700012806D061
:10E3D00002286DD02046BDE8FC47EFF73ABB00218C
:10E3E000204601F0EEFC80460021204601F0D7FCDB
:10E3F000A28A40441044C01B0FFA80F920464FF413
:10E40000A0214922F1F7E0FC0FFA80F84FF4003127
:10E41000204601F0ACFC0746A08AADF80000E28A75
:10E42000ADF80220208BADF8040008EB0700618BEB
:10E43000121A0844ADF80220ADF80600B4F88200C4
:10E44000401EA84217DD06FB05F191FBF0F24A449D
:10E45000A2EB0801C91BADF80010691C714391FBC8
:10E46000F0F1494401EB08003844ADF80400694676
:10E470002046EFF7D4FA002D47D0681E06FB00F1C6
:10E48000B4F88200401E91FBF0F24A44A2EB08016E
:10E49000C91BADF800106E4396FBF0F1494401EB47
:10E4A000080001E031E003E03844ADF8040028E062
:10E4B0000021204601F07FFCB4F8841048434FEA65
:10E4C0002028B4F8820006EB080191FBF0F6002149
:10E4D000204601F076FC814675430021204601F07C
:10E4E0005EFCA18A48442944451869462046EFF756
:10E4F000D3FAE81B8119A0EB0800ADF80410ADF8C1
:10E50000000069462046EFF78AFABDE8FC8770B53F
:10E510000C00054615D06189606820F811206189DA
:10E520002846FFF739FF6089B5F88210401CB0FB20
:10E53000F1F201FB120081B261812846BDE8704012
:10E540002AE7FEE730B4D1B190F8884004F0070420
:10E55000032C15D14D890C6824F815204C894A6884
:10E5600022F814304A89B0F88230521CB2FBF3F41E
:10E5700003FB142292B24A8130BC11460CE7FEE73D
:10E5800030BC704730B449B1B0F882409442F7D9FA
:10E59000496821F8123030BC1146FDE6FEE7EFE78E
:10E5A00030B4029C91B190F8885005F00705032D16
:10E5B000E6D1B0F882509542E2D90D6825F81230C4
:10E5C000496821F8124030BC1146E5E6FEE7D7E77E
:10E5D00070B515460C00064610D0207B400703D4CA
:10E5E000606808B108F0C7FA207B40F0040020738F
:10E5F00030466560BDE87040EFF72BBAFEE770B5B6
:10E6000015460C00064610D0207B800703D42068F6
:10E6100008B108F0B0FA207B40F0020020733046C9
:10E620002560BDE87040EFF714BAFEE709B148680D
:10E630007047FEE709B108687047FEE7B0F97C0053
:10E64000704710B50C46102104F1240008F024F89E
:10E65000102104F1300008F01FF8002024F86C0F9E
:10E660002081608060816420A080A081E080E081C2
:10E67000032060820520A0820A20E08247F6FF7016
:10E680002082207F20F00700401C20F00800207727
:10E690004FF480702083608310BD70B50C4601F18B
:10E6A00024060FE008F021F80546007B400702D45D
:10E6B000686808F060FA2946304608F071F8284684
:10E6C00008F059FAA06A00283046EBD108F09CF80F
:10E6D00004F130050AE000BF08F007F806460146DD
:10E6E000284608F05DF8304608F045FA606B0028CF
:10E6F0002846F1D1BDE8704008F086B82DE9F04F0A
:10E70000C3B0054630300E46269008F003F90028C5
:10E710007DD105F1140241A8B16806F02DFF002853
:10E7200075D041A8D6F808A0B0603CA8F4F730FF37
:10E730004FF4E0243CAA21462846EEF7F1FD2CA830
:10E74000F6F7C2F99DF8F8008DF8B30047F6FF70B0
:10E75000ADF8B0002146284601F009FB00EBD0706F
:10E7600047102146284601F002FB00EBD0704FEA2B
:10E77000600B31466846EEF7E8FE29A8069018A817
:10E780000490FF48019005200D940290269808F00F
:10E7900003F8B6E00A223CA929A808F0FFFA3822BB
:10E7A0002CA918A808F0FAFAE088ADF8A400E088CF
:10E7B000ADF8640012A809903FA80A90607BC007DA
:10E7C00004D0B4F90000B4F902100FE0B4F9041059
:10E7D000A1F5FE40FF3875D0A2883AAB2846A16863
:10E7E000FFF74CFCBDF9E800BDF9EA10AA8A104415
:10E7F0000FFA80F8E88A08440FFA80F9C7B1BBF134
:10E80000000F15D001204090A8EB070000E07DE04C
:10E81000ADF89C0008EB0700ADF8A000A9EB0B00D9
:10E82000ADF89E0009EB0B00ADF8A20027A801E0AF
:10E83000002040900390207B81072CD0C00702D09D
:10E84000B5F9140000E04046ADF84800ADF84A9034
:10E85000217B4846890702D5B5F9181000E04146EA
:10E86000ADF8FC10ADF8FE006A461A212846EBF719
:10E87000BEFA3FAB12AA29A93046F4F7A8FE409889
:10E8800020B127AA18A93046F6F756F96A461B2187
:10E890002846EBF7ACFA217B11F00C0F2DD0404647
:10E8A000ADF84880490702D5B5F9161000E0494691
:10E8B000ADF84A10ADF8FC00207B000703D5B5F990
:10E8C0001A0001E019E04846ADF8FE006A461A2138
:10E8D0002846EBF78CFA3FAB12AA29A93046F4F789
:10E8E00076FE409820B127AA18A93046F6F724F9F9
:10E8F0006A461B212846EBF77AFA2146269807F04C
:10E90000F1FE04007FF446AFC6F808A043B0BDE8AE
:10E91000F08F2DE9F04F8A468A68B9B0054600F1BC
:10E92000140137A806F028FE00287DD0DAF8080088
:10E93000349037A9CAF808100021284601F041FA9E
:10E9400004460021284601F02AFA064600212846FE
:10E9500001F019FA07462846EFF7BDFAB5F884101A
:10E96000484340F30F2033902846EFF796F90146CD
:10E97000B5F88600414341F30F2024902846F0F774
:10E9800020FA0146AA8A30191044401A00B2259094
:10E990002846F0F7C2F90146EA8A38191044401AAD
:10E9A00000B228902CA8F4F7F3FD2CAA4FF4A02174
:10E9B0002846EEF7B5FC16A8F6F786F84FF40034B3
:10E9C00016AA21462846EEF7C3FA2146284601F04A
:10E9D000CEF900EBD0704FEA60092146284601F0DD
:10E9E000CCF900EBD07042109046BDF9B200494618
:10E9F000C14500DB114600EBD072B1EB620F05DDC3
:10EA00009DF8B91041F010018DF8B910012805D119
:10EA10009DF8B90040F010008DF8B90005F1240010
:10EA20002A9007F0B9FE46E14BE1207BC0077DD17B
:10EA30002089ADF8B0002089ADF85C0095F8880019
:10EA4000000701D4608900E0002006B22598ADF8E7
:10EA5000D8002996ADF89C006068B34630F81600DF
:10EA60000A282CD0339800902068002330F91670C3
:10EA7000207BC0F3C00105EB4100B0F97820B0F96C
:10EA80007410384608F01CF8259900230844ADF8A6
:10EA90009C0024980090606830F91670207BC0F3C9
:10EAA000001105EB4100B0F97020B0F96C10384648
:10EAB00008F006F82499081A2899084402E0314819
:10EAC000ADF89C00ADF89E00514602A8EEF73DFD62
:10EAD0004FF4A0200F902A480390032004902CA804
:10EAE000089016A8002713940690A4E0BDF89C0097
:10EAF000ADF8D800BDF89E00ADF8DA002998B5F859
:10EB00008220C11991FBF2F002FB101006B260687E
:10EB100030F91600A0F5FE41FF3968D02499009124
:10EB2000217BC1F3001105EB410100E0BFE0B1F929
:10EB30007020B1F96C10002307F0C2FF2499002364
:10EB4000081A28990844ADF89E0033980090217B5C
:10EB50002068C1F3C00105EB410130F91600B1F99D
:10EB60007820B1F9741007F0ABFF25990844ADF88F
:10EB70009C00E7B3BDF8D800A0EB090104E0000059
:10EB8000F8D0030801E0FFFF4844ADF8C000BDF82D
:10EB9000DA00ADF8BC10A0EB08014044ADF8C200AB
:10EBA000781EADF8BE101090616831F91B10A1F508
:10EBB000FE40FF3801D036A900E000210B916168CA
:10EBC00031F91610A1F5FE40FF3801D027A800E06A
:10EBD00000200C902FA80590616802AA31F91B0053
:10EBE00012901A212846EBF702F9616800E01FE055
:10EBF00031F91B2047F6FF70824214D031F916100C
:10EC0000814210D027AB36AA2CA95046F4F7DFFC7E
:10EC1000B9F1000F07D0B8F1000F04D02FAA16A940
:10EC20005046F5F789FF02AA1B212846EBF7DFF8CB
:10EC30007F1CB346BFB2B5F88200B8423FF656AF6C
:10EC4000B5F88200B84232D1606830F91610A1F5EB
:10EC5000FE40FF382BD0BDF89C007F1EA0EB0901C1
:10EC60004844ADF8C000BDF89E00ADF8BC10A0EB64
:10EC700008014044ADF8C2000020ADF8BE100B9072
:10EC80000C902FA810970590606802AA1A2130F9FD
:10EC9000160012902846EBF7AAF82FAA16A950469C
:10ECA000F5F74AFF02AA1B212846EBF7A0F82146F8
:10ECB0002A9807F017FD04007FF4B7AE3499CAF81C
:10ECC000081039B023E62DE9F04F0F468A68B5B039
:10ECD000044600F1140125A806F04EFC00287DD062
:10ECE000B868309025A8B8600021204601F057F898
:10ECF00080460021204601F046F82B902046EFF791
:10ED0000EAF8B4F88410484340F30F2A2046EEF79F
:10ED1000C4FFB4F88610484340F30F20289004F154
:10ED20002400279007F0BAFD05460021204601F097
:10ED300042F8B4F884104FF4A02648430112B4F806
:10ED40008200C0F1010303FB01A191FBF0F00FFA77
:10ED500080F93146204601F02EF8B4F88410C5F150
:10ED6000010248434FEA202B02FB0B90B0FBF5F069
:10ED700000B220900021204601F023F805462046ED
:10ED8000F0F71FF8A8EB0000284400B231902046AD
:10ED9000EFF7C3FF01462B98401A284400B2329087
:10EDA00012A8F5F791FE12AA31462046EEF7D0F8E8
:10EDB0009DF8570020F007008DF85700FF208DF8D0
:10EDC0004B00608BBDF848100844ADF8AA003946E6
:10EDD0006846EEF7BAFBFE480D9600E08BE0019026
:10EDE0000420002602907FE0AAEB09017143401E37
:10EDF00091FBF0F131980144A08A0E9608440FFA75
:10EE000080F8279807F0C8FC6AE0287BC00763D128
:10EE100094F88800000701D4688900E00020209A57
:10EE200001B2521E424412B2ADF8A820209B4046C7
:10EE30005B44ADF8A48003440FFA83F8BDF9943025
:10EE40009A4249DBBDF9982090424BDC2889ADF805
:10EE50004C008819B4F88210DDF8A0C090FBF1F2E4
:10EE600001FB1200696800B231F91020297BC1F35F
:10EE7000001104EB410131F96C3FB1F90410D21AD1
:10EE800002FB0CF2C91A92FBF1F1ACEB01023299D0
:10EE9000E38A11441944ADF8A610696831F91010DD
:10EEA000A1F5FE42FF3A17D029A9039112A91195A5
:10EEB000049169686A4631F9100010901A212046C1
:10EEC000EAF795FF29AA12A93846F5F735FE6A46F2
:10EED0001B212046EAF78BFF2946279807F002FC02
:10EEE000050092D1761CB6B2B4F88200B0423FF66B
:10EEF0007BAF3098B86035B009E52DE9F04F894611
:10EF00008A6800F11401C1B005460F463CA806F01E
:10EF100033FB00287ED03CA9D9F808A0C9F8081016
:10EF2000B5F88200022875D30021284600F049FF79
:10EF300004460021284600F032FF06190021284629
:10EF400000F021FF04442846EEF7C5FFB5F8841011
:10EF5000484340F30F200F902846EEF79EFEB5F889
:10EF60008610484340F30F2009902846EFF729FF09
:10EF7000A98A3144081A00B239902846EFF7CDFE2D
:10EF8000E98A2144081A00B23A9039463EA8D9F8D5
:10EF9000082006F0F1FA00283CD027A8F4F7F8FA88
:10EFA00027AA4FF4A0212846EEF7BAF92AA8F5F7C8
:10EFB0008BFD4FF400342AAA21462846EDF7C8FFFE
:10EFC0002146284600F0D3FE00EBD07047102146C2
:10EFD000284600F0D2FE00EBD07041108B46BDF900
:10EFE0009E005F4500DA394600EBD072B1EB620F4C
:10EFF00005DD9DF8A51041F010018DF8A510012840
:10F0000005D19DF8A50040F010008DF8A500B5F8D9
:10F01000821000E089E10F98814201DB012000E0CD
:10F0200000203B9005F12400389007F0B5FB77E114
:10F03000207BC0077DD12089ADF89C002089ADF8E8
:10F04000AC0095F88800000701D4608900E000203A
:10F0500000B20C903998ADF81800ADF808000C9883
:10F06000059013906168099B31F91000217BC1F371
:10F07000001205EB420131F96C2FB1F90410801A2E
:10F080005843891A90FBF1F0191A3A980844ADF8E0
:10F090000A00494614A8EEF758FA4D481590032087
:10F0A00016904FF4A020219027A81A902AA8259402
:10F0B0001890BDF90A00039000260790EDE000BF0C
:10F0C000BDF90810ADF81810BDF80A00ADF81A0027
:10F0D000BAF90420781C104481427BDC0F98B5F803
:10F0E00082207043531E90FBF3F33998184400B20A
:10F0F000ADF808000C9B334493FBF2FC02FB1C327E
:10F1000012B205926368DDF824C033F91220237B24
:10F11000C3F3001305EB4303B3F96C80B3F970300C
:10F12000A2EB080202FB0CF2A3EB080392FBF3F242
:10F1300000E0F1E0ACEB02033A9A1A4412B2ADF8E7
:10F140000A209046BAF90020D21B521E904244DB9E
:10F15000002E42D03B9AD2B36368139A33F912C09F
:10F1600047F6FF72944538D0DDF814C033F91C30EF
:10F17000934232D0079B984501DA1A4600E0424696
:10F18000039B0792984501DD1A4600E04246039230
:10F1900081427ED0401EADF81800ADF808000798F7
:10F1A000ADF81A20ADF80A00824202D1401CADF839
:10F1B0000A0002AB06AA27A94846F4F708FABDF8E8
:10F1C0000800CDF80C80401CADF8080003E005E015
:10F1D000F8D0030866E0CDF81C805AE0BDF81800AE
:10F1E000C11B3844ADF83800BDF81A00ADF8341032
:10F1F000A0EB0B015844ADF83A00701E2290ADF818
:10F2000036106168139831F9101047F6FF7081428B
:10F2100001D006A900E000211D9162680599804691
:10F2200032F91110414501D002A800E000201E90E3
:10F230000DA817906168139814AA31F91000249052
:10F240001A212846EAF7D3FD6068139930F9112096
:10F2500042450AD0059930F91110414505D002AB5D
:10F2600006AA27A94846F4F7B2F96FB1BBF1000F1F
:10F270000AD06168139831F91010414504D00DAAE5
:10F280002AA94846F5F758FC14AA1B212846EAF794
:10F29000AEFD0598761CB6B21390B5F88200B04268
:10F2A0003FF60EAF3B98B8BBB5F88200B04233D101
:10F2B0006168059831F91010A1F5FE40FF382BD098
:10F2C000BDF80800761EC11B3844ADF83010ADF80B
:10F2D0003400BDF80A0014AAA0EB0B015844ADF8A5
:10F2E000360000201D901E900CA81790ADF832102B
:10F2F00022966168059831F9100024901A21284659
:10F30000EAF775FD0CAA2AA94846F5F715FC14AAD8
:10F310001B212846EAF76BFD2146389807F0E2F9F1
:10F3200004007FF485AEC9F808A041B0BDE8F08FB5
:10F330002DE9F74FB4B0904605461146FEF762FE40
:10F3400004468068C0F30E01012976D9000404D474
:10F35000208810B9608800286FD00021284600F06E
:10F360001EFD06460021284600F02BFD06442846D7
:10F37000EEF7B1FDB5F88410484340F30F2723A8FA
:10F38000F3F7B2FD4FF4C02A23AA51462846EDF701
:10F3900028FF2846EFF715FDA98A3144081A0FFA0D
:10F3A00080F92089B8F1020F4FEA004006D000280A
:10F3B00044DA5146284600F0E6FC40E0002804DA32
:10F3C0005146284600F0E5FC00E0002083463598D1
:10F3D000B5F91A608068B0F90610B1422DDB2399A7
:10F3E000B4F90020B0F90200B1F908100A4406EBA4
:10F3F0000B011144814220DB1DA8F4F7C9F81DAAB6
:10F4000051462846EDF78CFF0020ADF87A00ADF8A4
:10F41000780003A83599EEF798F8FE480490062086
:10F4200005900220CDE910A023A808901DA80990FE
:10F43000B8F1020F07D0012006E00AE10020834660
:10F44000B5F91660D8E70020219095F8880000F003
:10F450000700022816D10021284600F0ACFCB5F8C0
:10F46000841048430012B5F882103A1892FBF1F16B
:10F4700009B2081A00EBD07209EB6201381A0FFAD0
:10F4800081F907B2ADF85A6020896168C0F30E00B7
:10F49000401EC1F30E4100FB01F80026D6E000BF7C
:10F4A00060684FF0000AC0F30E40B6FBF0F100FBBD
:10F4B000116008B94FF0010ABDF97600381A70439F
:10F4C000B0FBF8F101EB0900ADF85800ADF85400BD
:10F4D000BDF95A10219848B1BAF1000F02D0B4F921
:10F4E000000001E0B4F90200081A08E0BAF1000FC8
:10F4F00002D0B4F9000001E0B4F902000844ADF80C
:10F50000560016A80C9015A80D9095F8880000F0EC
:10F510000700032848D06068C0F30E40B6FBF0F344
:10F520001393BAF1000F68D02089000465D5BAA200
:10F53000102130A808F083F823A8089030A80E9076
:10F5400010200F9003AA1A212846EAF750FCBDF9B3
:10F550009E004FF0000A41F6FF728DE80504BDF9E8
:10F56000A0301CA8239A0E9909F0D7FABDF97010A3
:10F57000BDF8540001EBD171A0EB610200EB61001A
:10F5800000B2ADF8680012B2BDF856302199ADF85E
:10F590006420C1B1A3EB0B01BDF87230ADF86A1065
:10F5A000C91AADF8661017E02198424605EB4001F4
:10F5B000B1F978000090B1F974300021304607F0BD
:10F5C0007FFA0346ACE703EB0B01BDF87230ADF8F0
:10F5D00066101944ADF86A10B5F91410884215DBAD
:10F5E000B5F91800824211DCCDF800A019AA23A9B0
:10F5F0000E9B3598F3F7C0FC08E0002008900E90B1
:10F600000F9003AA1A212846EAF7F1FBBDF976000C
:10F61000BDF9581000EBD07001EB6002B5F9141081
:10F620008A420DDBBDF95410A1EB6001B5F9180059
:10F63000814205DC15AB16AA1DA93598F3F7C7FF63
:10F6400003AA1B212846EAF7D2FB761C46457FF623
:10F6500027AF37B06AE62DE9F74FB8B090460446B9
:10F660001146FEF7CFFC05468068C0F30E01012964
:10F6700073D9000404D4288810B9688800286CD095
:10F680005FEA080000D0012029900021204600F008
:10F6900098FB07460021204600F075FB06462046F1
:10F6A000EEF7FBFAB4F88610484340F30F202B9096
:10F6B0002046EFF732FB0146E28AF0191044401A67
:10F6C00000B24FF4C0263290B8F1000F3146204608
:10F6D0000DD000F06AFB2690B4F91800B5F900A02F
:10F6E000B5F902908346B8F1010F06D00DE000F0A5
:10F6F00056FB2690B4F91400F0E7CAF100000FFAA7
:10F7000080FAC9F100000FFA80F921A8F3F740FF51
:10F7100021AA31462046EDF703FE18A8F3F7E4FBD3
:10F7200018AA31462046EDF75CFD03A83999EDF79C
:10F730000CFF384804900620059021A80990CDE9D7
:10F74000106818A808902889C0F30E0768687F1E03
:10F75000C0F30E4047430026D6E0D8E0BDF986103E
:10F760002B98401A7043B0FBF7F13298B8F1000FB4
:10F770000844ADF85600ADF85E005846ADF854B0F8
:10F7800068D0401CADF85400002002906868C0F3B7
:10F790000E40B6FBF0F100FB1160002878D0BDF8F8
:10F7A0005410A1EB090000BFADF85C0015A80C9047
:10F7B00017A80D9029983A4604EB4000B0F9701054
:10F7C0000091B0F96C30B81B002107F079F90346BD
:10F7D00013900298E8B3288900046CD50EA210217A
:10F7E00033A807F02CFF18A8089033A80E9010201B
:10F7F0000F9003AA1A212046EAF7F9FABDF9720020
:10F80000002241F6FF718DE80700BDF974302CA885
:10F81000189A03E0F8D00308256400000E9909F057
:10F820007CF9BDF9B200BDF85E1000EBD070A1EB21
:10F83000600212B201EB6000ADF8922001B229988B
:10F84000ADF896100028BDF85C0028D0269B034434
:10F8500001E030E01AE0ADF89030BDF8B03003447C
:10F8600026981844ADF89400B4F9160081422BDBB9
:10F87000B4F91A00824227DC0020009024AA18A9BB
:10F880000E9B3998F3F778FB1EE001E0401E79E704
:10F890000120BDF854100290A1EB0A0084E7BDF8E6
:10F8A000B030A0EB030C269BACEB0303ADF890301B
:10F8B000269BC01AD6E7002008900E900F9003AA4E
:10F8C0001A212046EAF793FABDF98600BDF95610D1
:10F8D00000EBD070B4F9162001EB600191420DDB12
:10F8E000BDF95E10A1EB6001B4F91A00814205DC9C
:10F8F00017AB15AA21A93998F3F769FE03AA1B21B2
:10F900002046EAF774FA761CBE427FF627AF3BB07A
:10F910000CE52DE9F04F88468A68A7B0044600F14F
:10F92000140124A805F028FE00287DD0D8F808008E
:10F930001F9024A9C8F808100021204600F041FAC1
:10F9400005460021204600F02AFA284400B2209003
:10F950000021204600F017FA284405B22046EEF7B1
:10F96000BAFAB4F88410484340F30F201B902046A5
:10F97000EEF793F9B4F88610484340F30F201D903A
:10F9800018A8F3F705FE18AA00212046EDF7C8FCD9
:10F9900041466846EDF7D9FD002618A80690701E6E
:10F9A0000E90DFF82CA40D96CDE901A609966A46C3
:10F9B0001A2120460A96EAF71AFA204631223146E1
:10F9C000F0F702FA00F0FF090021204600F0F9F9F3
:10F9D0008346204633223146F0F7F6F9C6B2204678
:10F9E000EFF7EFF923902046EFF797F9B4F87E1080
:10F9F000F1B3E18A2944081A00B21E90A08AADF83A
:10FA00004C00208BADF85C000025B4F97E70B9F194
:10FA1000020F40D9BBF1000F3DDDB00707D5002133
:10FA2000204600F0B0F900E09FE000B90125F007A2
:10FA300031D00021204600F0ACF960BB7F1E3FB200
:10FA400029E01D9810FB05F1B4F87E006A46401EBF
:10FA500091FBF0F01E990844ADF84E00ADF85E0041
:10FA60000120CDE901A013A8099017A81A2100E0F0
:10FA700013E00A900E952046EAF7B9F917AB13AADE
:10FA800018A94046F3F7A3FD6A461B212046EAF772
:10FA9000AEF96D1C2DB2BD42D3DBB4F8800070B35B
:10FAA000A18A2098002701442398081A00B21C90CC
:10FAB000E08AADF84E00608BADF85E00B4F980507E
:10FAC000B9F1020F13D9BBF1000F10DD700705D596
:10FAD0000021204600F063F900B90127300706D560
:10FAE0000021204600F061F908B96D1E2DB256467E
:10FAF0000DF14C0B0DF15C094FF0020A25E026E0F8
:10FB00001B9810FB07F1B4F880006A46401E91FB79
:10FB1000F0F01C990844ADF84C00ADF85C000E976D
:10FB2000CDE9016ACDE909B91A212046EAF75FF962
:10FB300017AB13AA18A94046F3F749FD6A461B21E3
:10FB40002046EAF754F97F1C3FB2AF42D8DB4FF0B2
:10FB5000FF300E90002009900A906A461B21204633
:10FB6000EAF745F91F98C8F8080027B0BDE8F08FFC
:10FB7000F8B50D469648EAF795F8012874D128465D
:10FB8000EAF757F906462846EAF74FF90446012EE8
:10FB90002DD0082E69D0292E68D0132E67D02C2E98
:10FBA0007ED0152E7FD12846EAF7CCFA05460146CD
:10FBB0002046FFF7AEFE2646002229462046FFF7E4
:10FBC0004AFD012229463046FFF745FD022229461B
:10FBD0003046FFF7ADFB042229463046FFF7A8FB6D
:10FBE00004F1240006F096FE002871D0B9E0EBF78E
:10FBF00070FB6946EBF7F3FBBDF80010A08A2546C1
:10FC0000081AADF800002846EFF7DBF8BDF8001041
:10FC100046182846EEF75FF9B5F88410484340F3DC
:10FC20000F270021284600F0BAF8301A00B200264B
:10FC3000002822DBB84203DDB5F88260761E1CE0A6
:10FC400095F8881001F00701012902D002290FD090
:10FC500013E0B5F88210491E414307EBD77001EB62
:10FC6000600090FBF7F608E01DE01DE024E027E0CF
:10FC7000B5F88210414391FBF7F6B4F97C00B0422D
:10FC800011D0B1B22046FEF787FB2046B4F87C10B5
:10FC9000FEF782FB00222046A4F87C601C2100E0D5
:10FCA00031E0EAF7A4F8F8BD34F87C1FFEF774FBE6
:10FCB00047F6FF702080F8BDBDE8F840EEF7E2BEE1
:10FCC000B4F94020B4F94C00824202DD164601E04E
:10FCD0002EE0064634F9581FB4F90C30994201DD84
:10FCE0000C4600E01C46A64205DD824201DD1146BD
:10FCF00004E0014602E0994200DC19462846BDE8CE
:10FD0000F840EAF748BA2846EAF797F80546204649
:10FD1000EEF7E1F8B4F8841048430012288020463A
:10FD2000EDF7BBFFB4F88610484300126880F8BDB9
:10FD300094F8880000F00700012804D0022807D0BA
:10FD400003280AD00DE029462046FFF7D6F808E040
:10FD500029462046FEF7B7FF03E029462046FEF776
:10FD6000D8FD29462046BDE8F840FEF7C7BC10B5CF
:10FD70000122F0F729F800B210BD10B50422F0F707
:10FD800023F800B210BD10B51022F0F71DF800B234
:10FD900010BD10B51122F0F717F800B210BD10B564
:10FDA0001222F0F711F800B210BD10B51322F0F7CF
:10FDB0000BF800B210BD10B51522F0F705F800B22F
:10FDC00010BD10B53222EFF7FFFF00B210BD0000EA
:10FDD000F8D0030810B50146C848ECF7CFFF044639
:10FDE000EDF75FF8204610BD70B50546806B0C46F8
:10FDF00018B102212846ECF787FA2846AC63002C9C
:10FE000004D0BDE870400221ECF734B970BD2DE993
:10FE1000F0410446074690F83D00B94EC00708D0AF
:10FE200094F83C0056F820103846BDE8F0410AF03E
:10FE300056BC208E400006F088FE0546208E42000B
:10FE400097F83C0056F82010284606F0A7FF00203F
:10FE500008E000BF35F8101021F4007125F81010EB
:10FE6000401C80B2218E8142F4D8294620460AF0F7
:10FE700036FC2846BDE8F04106F07DBE90F83C20F7
:10FE80008A4203D080F83C1000F028B9704790F8FF
:10FE90003D2002F001028A4202D080F83D10B6E710
:10FEA000704730B4964C243C44F82120944A42F8E0
:10FEB000213030BC00F012B9806B704790F83C00E4
:10FEC000704790F83D0000F00100704770B5E9F709
:10FED000ACFF04460AF00AFDA0F57F41FF396ED061
:10FEE00020460AF003FD014620460AF001FD050008
:10FEF00065D084A119F0C6F8814E243E002846D072
:10FF000081A1284619F0BEF8002846D07FA12846D6
:10FF100019F0B8F8002846D07DA1284619F0B2F8AB
:10FF200000284FD07BA1284619F0ACF8002849D012
:10FF300079A1284619F0A6F8002851D0A06B002816
:10FF40003DD076A1284619F09DF8002858D075A11B
:10FF5000284619F097F888B373A1284619F092F84B
:10FF600070B372A1284619F08DF850B370A12846DD
:10FF700019F088F898B36FA1284619F083F8002883
:10FF8000A06B57D02946BDE8704011F033B800216E
:10FF900084F83C10204631680AE0012184F83C10C6
:10FFA0002046716804E0022184F83C102046B168C4
:10FFB0000AF0C6FA2046BDE8704028E720E069E074
:10FFC00029E02DE0002220212046E9F710FF01283A
:10FFD00060D1A06B00285DD0002220210CE024E03D
:10FFE00000221F212046E9F702FF012852D1A06B11
:10FFF00000284FD000221F21BDE87040E9F7F7BE6E
:020000040802F0
:100000000A21A06B11F078F8A06B11F0ACFA00286F
:1000100040D0A06BEEE7A06BBDE8704011F0C4BA11
:10002000A06BBDE8704011F0BCBAA06BBDE8704099
:1000300011F0DFB810F06CFD85B2A06B10F0CDFFB1
:1000400000782D280FD02B28A06B16D0002110F09F
:10005000BBFE2D21A06B11F04FF8A06B691CBDE811
:10006000704010F0B1BE0121A06B10F0ADFEA06B8E
:1000700011F0BFF82B21A06B07E0012110F0A4FEC6
:10008000A06B11F0B6F82D21A06B11F035F82946C0
:10009000A06BE4E770BD10B50C4604212046ECF7D8
:1000A0001CF80020A06384F83C0084F83D0003465F
:1000B000024605212046EEF712FB00231C22AFF278
:1000C000F3112046E9F7DDFE002211462046F0F745
:1000D0004EFF2046BDE81040AFF3008010B5044647
:1000E000074990F83C00243951F8201020460AF0C6
:1000F00027FA2046BDE8104089E6000014D1030825
:10010000D8010020616263004142430031230000B6
:10011000EF808D00EF849C00EF808C00456E74654D
:1001200072000000EFA2A200EF819300EF81940023
:10013000EF959A002B2F2D00FA4A10B5D170014689
:10014000F948ECF71BFE0446ECF7ABFE204610BD69
:100150002DE9F84F0C4606460021204600F0DEFC53
:1001600000EBD07045084FF440373946204600F088
:10017000C9FC82463946204600F0CAFC0090394648
:10018000204600F0B3FC83463946204600F0B4FC1C
:100190000146A08A228D0244531BA3EB0A0060F3A0
:1001A0000F08E08A638D034400985C1B201A60F3FB
:1001B0001F4805EB0B00104460F30F096818184442
:1001C00060F31F49C6F80080C6F80490BDE8F88FB8
:1001D0002DE9F041044600F0A7FC2046EDF796FC1F
:1001E00005460021204600F099FC281A00EBD0704B
:1001F00040F34F0694F83C0000F00301642001290D
:1002000003D0022904D0A08C0BE094F8261001E062
:1002100094F827104FF4B47211FB02F1B1FBF0F027
:1002200080B200B2074606F089FB10FB06F0C1134E
:100230002185384600F056FC10FB06F0228D05EBB8
:10024000D571C01302EB6102228500EB610060856D
:100250002046BDE8F04100F067BC10B5044688B206
:100260004FF4B472904205D9B0FBF2F302FB1300D5
:1002700060F30F01C1F307426420642A01D960F3DF
:1002800017410A0E642A01D960F31F61A08C8AB25B
:1002900090420CD194F82600C1F30742904206D157
:1002A00094F827000A0E904201D1002010BD20468C
:1002B0006162FFF78DFF2046EDF7CBFB012010BDFB
:1002C00089B2CA0AC2EBC20310B503EB0222D21DE7
:1002D0000446520962F31740C1F3451202EB420390
:1002E00003EB0222D21C920962F30F2001F01F01DE
:1002F000C1EBC10202EB0121C91D490961F30700ED
:10030000FF2161F31F60C2B2C0F30721C0F30740B1
:1003100005F005FE01462046BDE810409DE710B5FA
:10032000044690F83C0061F3010084F83C0020464C
:10033000FFF74EFF2046BDE81040EDF78ABB10F8EE
:100340003C2F61F3820202707047406A704708B523
:1003500090F8272090F82610808C05F087FD0090FB
:10036000BDF8000008BD90F83C0000F003007047A5
:1003700090F83C00C0F38000704710B500200C4698
:100380008884642184F8261084F8271094F83C109F
:1003900021F0070184F83C102063606361484FF44A
:1003A0008031C07884F82C002046EBF763FE4FF4D0
:1003B00040712046EBF791FE2046BDE8104007E76C
:1003C000F0B5DDE9054539B3060AB70702D51F4682
:1003D0002B463D46770702D527462C463D4616F06C
:1003E000060F4FEAC6771BD017B11F4623463C467F
:1003F0002270CC43E4B212FB04F4240A2C70C0B285
:10040000F40710D011FB00F06FEA1020C0B212FB0D
:1004100000F0000A1870F0BD2A7022701A70F0BD4A
:10042000002FE2D0E4E720B14042C0B210FB01F05F
:10043000EAE70802E8E770B586B000228DF80820E8
:100440008DF80C208DF81020364C90F83C201423A9
:1004500002F00302A5784FF4B476012A23D0022AD1
:1004600064D0AA4211D010F8265F05EB051505EB04
:100470004505B5FBF3F52570407800EB001000EB67
:100480004000B0FBF3F06070A27004AA03A8CDE9AD
:10049000000201EB41004FF6FF7101EA400002ABA0
:1004A000627821781AE0AA4210D0858C05EB4505C8
:1004B0006D02B5FBF6F5A58090F8270000EB001063
:1004C00000EB4000B0FBF3F06070A27004AA03A838
:1004D000CDE90002C9B202AB627841E0FFF770FFDC
:1004E0009DF810209DF80C10D308BDF800209DF851
:1004F000080063F30402ADF800208A08BDF800107C
:1005000062F34A11ADF80010C108BDF8000061F3B4
:10051000CF20ADF8000080B20090BDF8000006B01A
:1005200070BD03E0FC010020A8D40308AA4210D04B
:10053000858C05EB45056D02B5FBF6F5A58090F8B9
:10054000260000EB001000EB4000B0FBF3F0207041
:10055000A27004AA03A8CDE90002CAB2217802ABB6
:10056000A088BBE72DE9F04F9FB00546E9F75DFC99
:1005700004462846E9F7E6FD1C902046EDF7C6FA4A
:1005800005462046EDF7BCFA0146A08A05EBD57278
:1005900000EB62000FFA80FBE08A01EBD17100EB07
:1005A00061000FFA80FA4FEA620806A8F2F7F0FF3E
:1005B00006AA00212046ECF7B3FE4FF41D7018FB8D
:1005C00000F042F2341190FBF1F0801CADF81A00FB
:1005D00000263146204600F0A1FA054647F6FF798D
:1005E00000234A4604F114010AA8F3F79AFF0021F8
:1005F0000AA8F2F7F9FF1B90A78AE28AADF80E204D
:10060000218BADF81010638B7819ADF80C00481BE6
:10061000ADF810005019ADF80E00581BADF81200DF
:1006200001234A4603A910A8F3F77BFF002110A875
:10063000F2F7DAFF1D90BDF91A20A8EB050000279C
:10064000A0EB0209904439462046FFF7F4FE0990DA
:10065000BDF82400ADF81800300A00B2054606F0D7
:100660006DF900FB08F00BEBE030ADF858002846C0
:1006700000F038FA00FB08F00AEBE030ADF85A0061
:10068000284606F05BF900FB09F00BEBE030ADF813
:100690005C00284600F026FA00FB09F00AEBE03087
:1006A000ADF85E0017AB16AA06A91C98F2F78FFFEB
:1006B000FF1CBFB206F58766B7F5807FC3D90AA8CD
:1006C000F3F718F810A8F3F715F81B98F2F7EEFFF8
:1006D0001D98F2F7EBFF1FB0BDE8F08F2DE9F04356
:1006E00091B08946FE48E9F7DDFA012827D148464E
:1006F000E9F79FFB06464846E9F797FB04464FF4A7
:100700004037132E1ED0292E50D02A2E67D04FF4FA
:10071000B4750D2E67D0012E7CD0022E7BD047F60B
:10072000FF75112E78D0152E77D0122E07D148469E
:10073000E9F783FB0178022901D00121017011B092
:10074000BDE8F083B846394600F0DCF9074641467B
:10075000204600F0DDF906464146204600F0C6F985
:1007600005464146204600F0C7F9B74201DD39464B
:1007700000E03146854201DD2A4600E00246914212
:1007800005DDB74201DD384604E0304602E085422F
:1007900000DD2846801C04B24846E9F74EFBB0F95C
:1007A0000010A14200DD0C460480C8E74846E9F786
:1007B00044FB05462046EDF7A9F9A9882A88891A3D
:1007C000491C09B2884209D12046EDF799F9E98818
:1007D0006A88891A491C09B28842B0D0204611B0F3
:1007E000BDE8F043F4E44846E9F727FB0068132826
:1007F00014D0112812D0142801D012289FD194F8B7
:100800003C00616A10F003003AD001283ED0022873
:1008100029D144E04CE05AE029E134E194F83C006D
:10082000616A10F0030205D06420012A0BD0022A6D
:1008300019D110E0A08C401CB0FBF5F205FB1200B2
:1008400060F30F010FE094F82620521CB2FBF0F386
:1008500000FB132020E094F82720521CB2FBF0F399
:1008600000FB132021E02046FFF7F7FC00289CD076
:1008700011B02046BDE8F04300221C21E9F7B7BAC9
:10088000A08C00B1451E65F30F01ECE794F826003B
:1008900008B1401E00E0642060F31741E3E794F8DC
:1008A000270008B1401E00E0642060F31F61DAE712
:1008B00004F083FB6063EAF70CFD04F13801EAF70A
:1008C0008EFD11B02046BDE8F04300F038B9EAF7DC
:1008D00000FD0600CBD0EAF7FFFC042876D0022802
:1008E00074D069463046EAF77AFD3068BDF90030C9
:1008F000B4F93820007E991A002900DCD11A81420F
:1009000009DCBDF90220B4F93A30D11A002900DC23
:10091000991A814208DD04F050FB6063BDF80010B5
:100920002187BDF802106187BDF80010A08A081A5F
:10093000ADF80000BDF80210E08A081AADF8020018
:100940002046EDF7E3F887B20021204600F0E6F8F4
:100950000146BDF800207808121A13B2ADF8003035
:10096000BDF802200127121A401A12B200B2ADF8E7
:100970000220412807DD01EBD171A0EB610000B23C
:10098000412800DA412013FB03F112FB021110FB96
:1009900000F0814200DA0027606B04F016FB57B3C9
:1009A000BDF90210BDF9000006F027F8B0FBF5F123
:1009B00005FB110094F83C20616A12F003023BD061
:1009C000012A3CD0022A47D140E0FFE72046EDF75C
:1009D0009DF8A18A00EBD07001EB6000ADF800003B
:1009E0002046EDF78DF8E18A00EBD07001EB600056
:1009F000ADF8020079E73168898B8142BFF4D5AE4A
:100A000094F83C0041073FF5D0AE00F0030103220B
:100A1000491CB1FBF2F302FB131161F3010084F8EE
:100A20003C002046FFF7D4FB2046EDF712F8EAF72A
:100A300050FCEAF71BFD82E660F30F010CE0642234
:100A4000504390FBF5F060F3174105E064225043FA
:100A500090FBF5F060F31F612046FFF7FEFB0028D6
:100A6000E9D000221C212046E9F7C1F967E6484693
:100A7000E9F7E3F9064601682A4604F1140004F098
:100A8000E1FD30715BE64846FFF76CFD4E46484697
:100A9000E9F7CBF904463046E9F754FB06466846C9
:100AA000F4F712F86A4639462046ECF751FAADF8E9
:100AB000005094F82C00C00707D02046FFF747FCF1
:100AC0001090BDF84000ADF8040021460EA8FFF7D5
:100AD0003FFB0EAA69463046F4F72EF82FE60000D9
:100AE000A8D403085A3000B205F028BF10B5102270
:100AF000EFF76AF900B210BD10B51122EFF764F9F3
:100B000000B210BD10B51222EFF75EF900B210BDB1
:100B100010B51322EFF758F900B210BD10B55022EE
:100B2000EFF752F900B210BD1CB504460146684605
:100B3000FFF70EFB69462046ECF771FF1CBD70B550
:100B40000546EAF7C6FB0646286B04F03EFA316814
:100B5000898B884223D295F83C006C6A10F003011F
:100B600005D06420012906D0022909D106E0002021
:100B700060F30F0404E060F3174401E060F31F64C6
:100B80003046EAF773FC21462846FFF766FB30B192
:100B900000221C212846E9F72AF9012803D104F094
:100BA0000CFA28630120BBE478B58BB2D90AC2F1F4
:100BB000FF0411FB04F581B2C80A10FB025080301B
:100BC00000EBC01505EBC030C0F3C455BDF8000004
:100BD00065F3CF20C3F3451515FB04F5C1F34516A6
:100BE00016FB0255803505EBC51606EBC535C5F37A
:100BF000C55565F34A1003F01F0313FB04F301F01E
:100C00001F0111FB0231803101EBC11202EBC13136
:100C1000C1F3C45161F30400ADF8000080B278BDA7
:100C200080B2C20AC2EBC20303EB0222D21D5209F8
:100C300062F31741C0F3451202EB420303EB0222B9
:100C4000D21C920962F30F2100F01F00C0EBC0021A
:100C500002EB0020C01D400960F30701FF2060F394
:100C60001F61C1F30740C1F3072200EB400000EB16
:100C70008200C9B20844C0F3C700704708B500201D
:100C8000BDF8001060F3040189B260F34A1189B223
:100C900060F3CF21ADF8001088B20090BDF80000DD
:100CA00008BD10B501469C48ECF768F80446ECF71F
:100CB000F8F8204610BD03B4BDF80410818402B0DA
:100CC000ECF7C7BE90F826208A420AD0FF2903D24B
:100CD000502902D2502100E0FF2180F82610ECF7C5
:100CE000B8BE7047FF21EDE75021EBE790F82600F2
:100CF000704790F82610A72900D9F5E7F2E738B534
:100D000008460C46F1F7D3FC0090BDF80000A08423
:100D1000FF2084F8260038BD70B5A4B00D46084603
:100D2000E9F787F80646152807D0162E05D029467C
:100D30007948E8F7B7FF01287ED12846E9F775F82A
:100D40000446152E78D102A8F3F7BEFE02AA0021B0
:100D50002046ECF7FDF8BDF80E00ADF80000009855
:100D6000FFF75EFF0646FFF789FF0146324654F85B
:100D7000240FFFF719FF0090BDF80000ADF80E003A
:100D8000BDF81200ADF800000098FFF749FF0646D5
:100D9000FFF774FF014632462068FFF705FF009019
:100DA000BDF80000ADF812000D98FFF739FF0646B8
:100DB000FFF764FF014632462068FFF7F5FE00901A
:100DC000BDF80000ADF83400BDF82600ADF8000015
:100DD0000098FFF725FF0646FFF750FF0146324611
:100DE0002068FFF7E1FE0090BDF80000ADF8260096
:100DF0000B98FFF715FF0646FFF740FF0146324606
:100E00002068FFF7D1FE0090BDF80000ADF82C007F
:100E1000FFF734FFA278BDF80E10ADF800100146C0
:100E20000098FFF7C1FE0090BDF80000ADF80E007D
:100E3000FFF724FFA27800E06CE0BDF81210ADF8D7
:100E4000001001460098FFF7AFFE0090BDF80000CB
:100E5000ADF81200FFF712FF0146A278BDF8260098
:100E6000ADF800000098FFF79FFE0090BDF800006D
:100E7000ADF82600FFF702FF0146A2780D98FFF7B4
:100E800093FE0090BDF80000ADF83400FFF7F6FEC9
:100E90000146A2780B98FFF787FE0090BDF800008E
:100EA000ADF82C0014F8020FBDF83610503810FBC6
:100EB00001F1AF2091FBF0F1ADF8361014F82619CE
:100EC000BDF83C20503911FB02F191FBF0F0ADF878
:100ED0003C002846E9F736F90546014610A8ECF72C
:100EE00034FB0D48119004F114060020CDE91206E0
:100EF00002A914911D9010AA1A212046E8F777FF45
:100F0000324602A92846F3F717FE10AA1B212046F5
:100F1000E8F76DFF24B070BDC4D4030810B50146D6
:100F20003648EBF72BFF0446EBF7BBFF01212046C9
:100F300002F057FB204610BD70B50D4601462F4804
:100F40003830EBF71BFF0446EBF7ABFF2946204692
:100F50000CF005FD032120460CF0A9FD42F26401CE
:100F60002046EDF746F9204670BD70B50D460146A6
:100F7000224814461C30EBF701FF0646EBF791FFC1
:100F800042F2D17242F264013046EDF748F9002195
:100F9000304602F026FB2DB130460BF097FB294678
:100FA0000BF09EFB74B130460CF06CF905462146FF
:100FB0000CF0D5FC032128460CF079FD01212846D0
:100FC00002F04DFB304670BD70B50D4600240EE0BA
:100FD00021462846EFF7D0FF06460949EBF7CEF940
:100FE00020B13046BDE870400CF056B9641C28466C
:100FF000EFF7D4FFA042EBD802A070BDE0D4030805
:10100000180F04080000000010B50146FC48EBF77B
:10101000B5FE0446EBF745FF204610BD10B5243061
:1010200005F042FB040014D0242105F04BFF4FF4DF
:101030008770E08387202084002060616420A061A5
:10104000062060800820A0800220E08020822046C8
:1010500010BDFEE730B4029C4A80CB808C80BDF886
:101060000C200A8030BCECF7F4BC30B4029D049C28
:101070004A81CB818D81BDF80C200A810C8230BC65
:10108000ECF7E7BC30B4DDE90245C1E90523CC83C8
:101090000D8430BCECF7DDBC2DE9FF41054616465A
:1010A0000F463030DDF8288005F0FEFA040014D039
:1010B0001C2105F007FFFF202760607101202071CF
:1010C0002682BDF80C00A082A4F812802846ECF716
:1010D000C0FC204604B0BDE8F081FEE72DE9F047F2
:1010E00005461E4690460F463030DDF8209005F04C
:1010F000DBFA040012D01C2105F0E4FEFF2027607B
:10110000607100202071C4F81080A682A4F81690A7
:101110002846ECF79EFC2046BDE8F087FEE72DE967
:10112000FF41054616460F463030DDF8288005F0B1
:10113000BBFA040012D01C2105F0C4FEFF2027607A
:101140006071032020712682BDF80C002083A4F872
:101150001A802846ECF77DFC2046BBE7FEE72DE928
:10116000FF410546DDE90A780E46303005F09CFA6D
:10117000040015D01C2105F0A5FEFF20266060713B
:1011800002202071BDF808006082BDF80C00A0822A
:10119000A775A4F810802846ECF75BFC204699E779
:1011A000FEE72DE9F74F88B00D46924604A908984E
:1011B000ECF778FCBDF81400BDF81010401A401C84
:1011C00000B200EBD0704FEA600801EB080004B2F7
:1011D000BDF8121064F30F0701EB080006B266F3C6
:1011E0001F47B94628792F68012848D0002843D1E5
:1011F000B7F92030F88B18440090D7E90512504613
:1012000005F05EFC074606A92869F4F778FB07EBB2
:1012100087004000B0F5616F01DDA0F5616035F831
:10122000141F03B2641A698802A8761A4FF48071F9
:10123000CDE9001506994A0DC1F38A21F3F737FF6E
:10124000BDF8080002A92044801EADF80800BDF8D2
:101250000A003044801EADF80A00BDF80C0020449E
:10126000801CADF80C00BDF80E003044801CADF8B9
:101270000E000898ECF7D3FB0BB0BDE8F08FB7F980
:101280002030F88B18440090D7E90512504605F03D
:1012900017FCB98B6A8A00B20A449044824605F072
:1012A0004DFB10FB08F147F6FF7B91FBFBF101EBD7
:1012B000294007B2504600F002FD10FB08F191FBF7
:1012C000FBF20FFA89F1501800B2814201DA21468F
:1012D00000E001462A8A891A891EADF80410BE4230
:1012E00001DA314600E03946891A891EADF8061048
:1012F000844200DD2046298A801C0844ADF808009D
:10130000BE4200DC3E46288AB61C3044ADF80A00D6
:1013100001A9AEE72DE9FF4F89B00E469B46154661
:101320004FF4A021099800F0CEFC824604A9099848
:10133000ECF7B8FBBDF81400BDF810103468401A83
:10134000401C00B200EBD070401001440FFA81F84D
:10135000BDF81210B4F9203001440FB2718B08446B
:101360000FFA80F9E08B18440090D4E90512284662
:1013700005F0A6FB0546E08BB4F920301844009038
:10138000D4E90512584605F09BFBB6F9102006ACCF
:10139000854201DD2B4600E003469BB2CDE90032D9
:1013A000CDE902A400DA284683B21FFA89F2394651
:1013B0004046F1F7E2F906A90998ECF730FB0DB0C9
:1013C0005BE72DE9F0410C461546D4E902268D6015
:1013D0000746CD600879032807D098B1012811D0BD
:1013E0003846BDE8F041ECF734BB2B463846FFF7F2
:1013F00091FF2B46324621463846BDE8F04189E749
:1014000034D503083846FFF7CCFE3246214638462D
:10141000FFF7C7FE2A4621463846BDE8F041C0E640
:1014200070B515468A680C468D6009790646032911
:1014300006D051B1012908D0BDE87040ECF709BBD6
:101440002B462146BDE8704064E72146FFF7A9FE20
:101450002A4621463046BDE87040A2E670B51546E2
:10146000CA680C46CD6009790646032906D051B1F9
:10147000012908D0BDE87040ECF7EBBA2B462146B5
:10148000BDE8704046E72146FFF78BFE2A4621461D
:101490003046BDE8704084E610B50C46242104F1C6
:1014A000240005F0F9F804F13000BDE810401C21DB
:1014B00005F0F2B810B50C4601F1300005F0A4F9C2
:1014C00004F12400BDE8104005F09EB92DE9F04F6D
:1014D0008B46074690881188A9B0401A401C00B27C
:1014E00000EBD07046108819ADF878005088304471
:1014F000ADF87A0020A8F2F74BF84FF4A02420AA08
:1015000021463846EBF70CFF18A8F1F727FB18AA7D
:1015100021463846EBF7B3FE0021384600F0DBFBEE
:101520008246594602A8ECF710F8FE4803901EA820
:101530000B9007F13000249005F02EF9AFE02568FC
:1015400013942079012801D0A0B3A4E0B5F920308C
:10155000E88B18440090D5E90512E06805F0B0FA70
:10156000A98B628A00B211448D19804605F0E6F914
:1015700010FB05F147F6FF7991FBF9F0BDF87A1001
:101580000844ADF89A00404600F099FB10FB05F1C5
:1015900091FBF9F0BDF878100844ADF89800A08AE6
:1015A000ADF88000208AADF882006079FD2802D96C
:1015B000504603E016E010FB0AF0000A8DF88800A0
:1015C0000120109020A8089026A80C9002AA1A21A9
:1015D0003846E8F70CFC26AB1EAA20A95846F1F7BE
:1015E000F6FF53E02069E0B3B5F92030E88B1844EA
:1015F0000090D5E90512E06805F062FA054625A9D4
:101600002069F4F77CF9BDF87800A18A411AADF899
:101610005810BDF87A00E28A801AADF85A00259A6F
:10162000C2F38A235B1E1944ADF85C104FF0FF3102
:1016300001EB52510844ADF85E006079FD2801D9F4
:10164000504602E010FB0AF0000A8DF86B00A08AF9
:10165000ADF86400E08AADF8660005EB8500400057
:1016600000E018E0B0F5616F01DDA0F56160ADF854
:10167000600018A8099002AA1A213846E8F7B7FBBB
:1016800016AA18A958462369F1F7C3FB02AA1B2121
:101690003846E8F7ACFB2146249805F023F804000F
:1016A0007FF44DAF29B0E8E52DE9F74FD8B0589851
:1016B00049909088B2F90030D488C01A5188401CF3
:1016C00000B2611A491C00EBD07009B2451001EB61
:1016D000D170B5EB600F00DB45105819ADF80C0068
:1016E00050882844ADF80E0025A8F1F751FF4FF4BB
:1016F000C02425AA21465898EBF712FE9DF89D00BC
:1017000040F010008DF89D001DA8F1F7EDFB1DAA1B
:1017100021465898EBF765FD04A85999EBF715FF9A
:10172000804805900320069025A80A9049981194B6
:1017300024301C9005F030F8C9E11594A189A088E7
:10174000691A09B21A91BDF80C10281A0A1AADF8D4
:101750002821BDF80E200144131AADF82C111044B5
:10176000ADF82A31ADF82E0147F6FF760123324657
:101770004AA931A8F2F7D5FEBDF80C001A99BDF8B8
:101780000E20411AADF8A4101A990123511AADF890
:10179000A6101A99491E0844ADF8A8005018ADF8D3
:1017A000AA00324629A943A8F2F7BBFEBDF80C20D7
:1017B0000023501BADF83001BDF80E00411BADF801
:1017C0003211691E0A44ADF834210844ADF83601DF
:1017D00032464CA92BA8F2F7A4FE00212BA8F1F762
:1017E00003FF2890608908B1401E01E04FF6FF70AA
:1017F0008146002757E100BF618909F101094FF0D7
:10180000000B494502D1D9464FF0010BA069009069
:10181000628800213846521E636905F051F98246FC
:101820001490BBF1000F04D0A06800904290E089B2
:1018300003E0206800904290E08800B25090389019
:1018400049983030179004F0A7FF6FE030790228F4
:1018500065D1B168514562DCF26852455FDB338A7D
:101860003898184400B23890708AB38A984203D1ED
:10187000708AADF8000052E0B07D4FF00003C00761
:101880004FF0FF000090504601D1D4E9051205F059
:1018900017F9728A00F0FF0EB18A90B2ADF860209D
:1018A000C30ACEF1FF0213FB02F389B24FEAD12C37
:1018B00018901CFB0E30803000EBC01303EBC030DF
:1018C000BDF86480C0F3C45060F3CF281898C0F30B
:1018D000451010FB02F3C1F3451C1CFB0E30803099
:1018E00000EBC01303EBC030C0F3C55060F34A18DF
:1018F000189800F01F0010FB02F201F01F0111FB0D
:101900000E20803000EBC01101EBC030C0F3C4509A
:1019100060F30408ADF864801FFA88F00090314647
:10192000179801E034D5030804F0DCFE06008DD1E1
:10193000E08B07EB8701490048436188491E90FB13
:10194000F1F1B4F92000822D00EB800001EB40069C
:10195000BDF80000ADF894003898ADF89600BDF9D8
:101960000C10284601DA822200E002465019084491
:10197000ADF84401BDF80E00ADF846014FF4807893
:1019800003AB4246314651A804F0C0F803A80D90BD
:1019900051A80E901DA812970990BBF1000F5ED0C0
:1019A0002898F1F783FE218A1A9803AB401ABDF8F4
:1019B0000C1042460844ADF86400BDF80E00ADF8C6
:1019C0006600314619A804F0A1F820221DA937A805
:1019D00005F0E4F937A809905346C2A2102153A894
:1019E00005F02DFE53A80F9004AA1A215898E8F785
:1019F000FEF9BDF98600002641F6FF718DE843002F
:101A0000BDF9883052A81D9A0F9907F086F8BDF9E4
:101A10004801BDF8641000EBD072A1EB6203BDF980
:101A20004A11BDF8662001EBD17C1844A2EB6C0290
:101A3000ADF860005018ADF85C30ADF86200ADF85C
:101A40005E20009617AA0F9B09995998F1F794FA0E
:101A500000212BA8F1F7C8FD289043A808E000203A
:101A600009900F9004AA1A215898E8F7C0F931A8F4
:101A70000021F1F7B9FD064603AB51AA25A95998F3
:101A8000F1F7A5FD3046F1F711FE04AA162158988A
:101A9000E8F7ADF9BDF80801ADF8940050987F1C47
:101AA000ADF89600BFB26088B8423FF6A5AE31A847
:101AB000F1F720FE43A8F1F71DFE2BA8F1F71AFE5F
:101AC0002898F1F7F3FD21461C9804F00BFE040062
:101AD0007FF433AE5BB0BDE8F08F2DE9F04FA1B0DD
:101AE000074614468A4604A8F0F718FE4FF4A021D2
:101AF000384600F0E8F89DF81D1060F382018DF87B
:101B00001D10A1882088091A491C09B201EBD17166
:101B10004E103044ADF87000608800213044ADF8BC
:101B20007200384600F0D7F88146514608A8EBF716
:101B30000CFD04A810904FF4003015906A480990ED
:101B400000200A9007F13000834604F025FE4AE0A9
:101B50002079032843D1208BADF81000208AADF8FE
:101B600012006079FD2801D9484602E010FB09F017
:101B7000000A8DF81C002568B5F92030E88B184460
:101B80000090D5E90512A06804F09AFF8046B5F9E7
:101B90002030E88B18440090D5E90512E06804F085
:101BA0008FFF0546608B08AA3044ADF85C001CA886
:101BB00011901A2119943846E8F719F9A9B21FFAB9
:101BC00088F0CDE90001BDF85C301CAA04A950469C
:101BD000F0F7C3FD08AA1B213846E8F708F92146AB
:101BE000584604F07FFD0400B2D121B073E72DE91F
:101BF000F04397B00D463C48E8F754F801285BD114
:101C00002846E8F716F906462846E8F70EF904468E
:101C1000152E51D12846E8F795FA814669462046A7
:101C2000EBF740FF6A4649462046FFF756FF6A46F3
:101C300049462046FFF738FD6A4649462046FFF7E9
:101C400045FCBDF80400BDF80010401A401C00B26D
:101C500000EBD07040100E18BDF802100D1804A84B
:101C6000F2F732FF4FF4003804AA41462046EBF762
:101C70006FF9204601224146EEF7A6F800B200EBCC
:101C8000D0704710204604224146EEF79DF800B27E
:101C900000EBD070F11B4010ADF85410291AADF8CC
:101CA0005610F119ADF858102844ADF85A0015AA8D
:101CB00004A94846F2F740FF17B0BDE8F0835A3058
:101CC00000B204F03BBE10B55122EEF77DF80028BB
:101CD00000D0012010BD10B56022EEF775F8C0B23B
:101CE00010BD00002564000034D5030810B504467B
:101CF0004FF00071EAF70FFB0028204601D0EFF704
:101D000052F9BDE81040EFF71EBA10B5E8F78DF8AC
:101D1000EFF749F9BDE81040E8E72DE9F05F1E460E
:101D20000A9D9246884604004FF0000742F264097B
:101D300015D1012702F0B5FDE7F7AFFE0146924845
:101D4000EBF71CF8040025D0EBF7ABF8790420463C
:101D5000EAF7C3F949464A462046ECF760FA8A4852
:101D600021463838EBF70AF8040014D0EBF799F85D
:101D700027B14FF000712046EAF77CF90421204694
:101D800001F02FFCB8F1000006D017F074F918B17B
:101D9000012702E0FEE7FEE7002755EA070017D01B
:101DA00020460BF06FFA60620FB1414600E077A168
:101DB0000BF0D5FD0321606A0BF079FE606A1DB15E
:101DC000012101F04CFC04E04946ECF712FA56E020
:101DD000F5B3204608F090FBA062002002F0BEFEA2
:101DE00000EB8000502707EB40004FF4A0794FF044
:101DF000A008484509DB002002F0B0FE00EB80009F
:101E000007EB400191FBF8F000E0012001B2A06A6D
:101E1000ECF772FE002307225D49A06AE8F731F86B
:101E2000A06A0BF02FFA83465AA10BF098FD00210F
:101E3000A06A00F0A5F8B0F90850002002F08EFE6C
:101E400000EB800007EB400048450BDB002000E082
:101E500015E002F083FE00EB800007EB400191FBF0
:101E6000F8F000E00120284401B20A46A06AECF72D
:101E7000D6F900231A4609215846ECF730FC4248AF
:101E800021461C38EAF77AFFE062BAF1000014D06C
:101E900017F0F1F888B1E06A0BF0F4F951462063CD
:101EA0000BF05DFD0021206B0BF001FE642000F0C3
:101EB0005FF80146206BECF79CF97EB3204608F0F2
:101EC00035FB3146606308F03BFB4FF48871606B73
:101ED00008F0D3FC002500E06D1C56F8250010B179
:101EE00000780028F8D14FF4A021606B00F048F88A
:101EF00000890D3002B25620454329B2606BECF7E1
:101F00008EF9642000F034F801460022606BEEF791
:101F100053FE4FF48041606BEAF7ACF82046BDE811
:101F2000F09F406A7047806A7047006B7047C06AD4
:101F30007047406B7047406B08F0D8BC10B5446BDD
:101F4000204608F0D3FC01462046BDE8104008F0CA
:101F5000CFBC10B504464FF00071EAF7DCF9002859
:101F6000204601D0EFF71FF8BDE81040EFF755B954
:101F7000002801DAC0F57A7040F4005000B27047D2
:101F80005722EDF721BF000088D5030800000000AC
:101F90000B1D0208EF808D0010B50146FA48EAF7E4
:101FA000EDFE0446EAF77DFF204610BD2DE9F04125
:101FB0008EB00546122108A804F084FFE86E0027C1
:101FC00008AC002809DA686E002801DB2B2000E04D
:101FD0002D208DF82000641C00E001276B6E002B83
:101FE00000DC5B42E9A20E2102A805F028FB02A852
:101FF00017F041F895F874100DF1080801F00F0181
:102000000E1A002E12DD404617F035F881B2424616
:1020100001EB060C535C02F80C30491EF8D5002089
:10202000302101E01154401CB042FBDBB5F87400D4
:1020300010F0F00F04D0C0F303160020414606E074
:1020400000F00F06F9E700BF04F8012B401CB04276
:1020500002DA0A5C002AF7D195F8742012F0F00F2A
:1020600010D02E2204F8012B03E000BF04F8012B4E
:10207000401C95F8742002F00F02824202DD0A5CD7
:10208000002AF3D108A928460FF008F995F8740042
:102090000A2200F00F00296F04E000BF91FBF2F16B
:1020A000401EC0B20A29F9DAB04201DD401CC0B2BC
:1020B000C01BC1B228460EF087FE0EB0BDE8F0810D
:1020C000826E8A4200DA1146C26E8A4200DD1146F3
:1020D00041666BE730F8742F61F308220280704785
:1020E0002DE9F04116460D4604460A2900D90A2575
:1020F000AE4200D300260A2D1CD26AB20A2000216B
:1021000004F0C4FCA36E421E41F1FF374FEAE37CAA
:10211000D31A77EB0C0700DAA266E26E4FF0010CDF
:10212000D3170027D0EB0C0067EB0107111ABB4156
:1021300000DAE066B4F8740065F3030066F3071094
:10214000A4F874002046BDE8F0412FE701672DE7B1
:10215000C0E91A21D0E919218A4200DD4166426EA8
:10216000C16E8A4200DA416620E770B505460E4628
:10217000D5E91A04002C01DA614200E021468842C8
:1021800001DD044602E0002C00DA644272B20A204B
:10219000002104F07BFC296FA0FB010136B1A042B5
:1021A00000DC28672846BDE87040FFE6012129676A
:1021B000F8E7B0F8742061F34A22A0F87420F5E63D
:1021C000406E7047006F7047016F0A2291FBF2F179
:1021D000002901DD016701E001220267E6E6D0E99E
:1021E0001A21002901DA4B4200E00B469A4201DD38
:1021F000114602E0002900DA4942026F02EB820236
:1022000052008A4200DC0267D0E6B0F87400C0F3E6
:1022100000207047026F416E8B18826E934209DC7A
:10222000002B03DD002901DA4A424266426E016F4B
:102230000A4406E0B0F87430DB0502D5914200D1C3
:10224000C26E4266B2E6026F416E8B1AC26E934254
:1022500009DB002B03D5002901DD4A424266426EAC
:10226000016F521A06E0B0F87430DB0502D59142D6
:1022700000D1826E426699E610B500204866B1F83A
:1022800074000C4620F0FF00401DA1F874000120EE
:1022900008673F4888664042C866B1F8740001216B
:1022A00020F4E06000F58060A4F8740020460FF090
:1022B000E1F8012120460FF086F82046BDE81040E5
:1022C00074E670B50E463048E7F7ECFC01285AD1A9
:1022D0003046E7F7AEFD05463046E7F7A6FD044673
:1022E000082D17D00D2D4ED1E8F7F3FFE8F7F4FFD6
:1022F00005463046E7F7A1FD0168132977D0142978
:1023000076D0112975D0122974D02046BDE87040CE
:102310000EF0F2BEE8F7DDFFE8F7DEFF0428204606
:102320000CD00EF05AFE054616F0A5FE616C6A5CF4
:102330002E2A37D0814239D1411E3CE0E9F7FEFF19
:10234000E8F711FA00285FD0B4F8740000F00F022B
:10235000012A59D9C0F3412002280DD00A200021BA
:10236000521E04F093FB236FDA17181A8A4154DBCC
:102370000A212046216703E0206F01280ADD20465C
:10238000BDE8704020E73FE0A4D5030825640000C5
:102390009F8601000A200021921E04F077FB20672F
:1023A00020463BE020460FF0FFF807E031B9E06E31
:1023B000002803DA012120460EF006FDB4F874105F
:1023C000636C01F00F02C1F30315521E98B2AB42C9
:1023D00004D911F0F00F01D0401E80B2111AE06E46
:1023E000002800DA491C0120206700200AE00CE0E8
:1023F00011E00CE015E0226F02EB82025200401C5B
:1024000080B222678842F6D370BD042DB7D1204632
:10241000BDE87040FEE6042D03D02046BDE87040C4
:10242000DDE62046BDE870400DE70000244B10B506
:10243000C3E9001201462348EAF7A0FC0446EAF784
:1024400030FD204610BD89B206F08CBE89B206F080
:10245000C2BE30B50C4691B002212046E9F73DFEE0
:10246000684602F03FFE1848CDE900404FF6FF7085
:10247000ADF84000124801680B914268089202F5DD
:10248000B470CDE90920684602F072FE0F4807904B
:1024900000204FF4B4750890CDE909050C4801906F
:1024A000684602F065FE2A460021204606F0A4FF99
:1024B0004FF48771204606F0AAFF11B030BD00002E
:1024C00004020020C0D503084D2402080953020865
:1024D00047240208FE4B10B5197001465A80FD488A
:1024E000EAF74CFC0446EAF7DCFC204610BD00216C
:1024F000EEF742BD0121EEF73FBD2DE9F04706465C
:10250000008D0C469146A04200D8441E3046ECF7A0
:10251000B3F83046FFF7EEFF05003AD096F82C00EE
:102520004FF0000110F00C0F28461CD01522EDF7DB
:102530004BFC07B22846EBF7CEFC80460021304624
:1025400000F034FA012804D007EB0800604301B220
:1025500004E0604207EB0801414309B24A462846BD
:10256000ECF745FE0DE01422EDF72EFC0746284659
:10257000EBF793FB3844604301B24A462846ECF738
:1025800024FE3046FFF7B3FFA1B2802208F052F9D3
:102590007485BDE8F0872DE9F05F8A460446FFF7B1
:1025A000A9FF0546E9F75CFD42F2640183460A464D
:1025B000EBF735FE04215846E9F78FFD2846EEF784
:1025C000EDFC07462046FFF792FF814694F82C0069
:1025D000D4F8248010F00C0F1BD0BE00301D04F086
:1025E000B4FA0546321F414600F0D5F9504616F0C0
:1025F00042FD401C04F0A9FA024605EB8700514653
:1026000040F8042C104616F058FDB3A045F82700FA
:102610001CE0FE00304604F098FA0546A6F10802D8
:10262000414600F0B8F9208D20B305EBC706ABA0FA
:1026300046F80C0D504616F01EFD401C04F085FABD
:10264000A5A1C6E90101514616F037FD29464846C5
:10265000656207F075FF404604F08DFA4FF4A871EB
:10266000484608F00AF9208D401C80B220850128D8
:102670000DD011E0504616F0FEFC401C04F065FA47
:102680005146286016F019FD93A06860DEE700222D
:1026900011462046FFF731FF618D8022484608F041
:1026A000C9F85846BDE8F09F70B50546008D0C4648
:1026B0001646A0421AD995F82C00800700D04C008D
:1026C000686A50F8240004F056FA304616F0D3FC3D
:1026D000401C04F03AFA696A41F82400314616F0C9
:1026E000ECFC2846BDE87040EBF7B3B970BD408DF7
:1026F0007047F8B50446E7F798FB06462046E7F72B
:1027000098FB05463046EEF74EFC04462B2D35D09F
:102710000A2D32D1E8F7DDFD10B1007901282CD067
:1027200069463046ECF73BFC94F82C0010F00C0F97
:1027300030462BD0EBF7CFFB05460021204600F0BA
:1027400035F90128BDF9000005EBD5711BD000EB70
:10275000610000BF90FBF5F001B2002900DA002112
:10276000608D4FF00102884220461AD0FFF7C5FE67
:1027700000221C212046E7F73AFBF8BD618DBDE839
:10278000F8400022B9E6C0EB6100E3E7EBF785FA19
:10279000BDF9021000EBD07201EB620191FBF0F089
:1027A000DAE7FFF7AAFEF8BD70B5E7F73EFB05468E
:1027B000EEF7F9FB0446284608F098F80146204653
:1027C000BDE87040012298E62DE9F041404E0C46EC
:1027D000307881F82C00012849D0022849D00428FB
:1027E00002D0082806D101E0012100E0092120469D
:1027F00000F0F7FE42F2640529462A462046EBF730
:102800000EFD204607F092FE07462046E9F728FC19
:1028100080460121384608F062F8042004F095F95A
:102820002DA1606201603846616A07F089FE0023CD
:102830001C222B493846E7F724FB4FF480413846E9
:10284000E9F718FC00231A4626494046E7F719FB2A
:1028500000214046ECF7FEF994F82C00012815D031
:10286000022813D0042806D008281DD103E0002137
:10287000BDE70821BBE7B6F9022029463846EBF749
:10288000CEFC29464046EBF7B4FC09E02A46B6F9EF
:1028900002103846EBF7C3FC29464046EBF793FCA1
:1028A0000121404600F0DBFEE7F731FD10B139466B
:1028B000E7F7DEFD94F82C0010F00C0F14D0002187
:1028C000404600F08EFE03214046ECF7E4F913E0A9
:1028D0000C020020DCD50308000000000A00000004
:1028E000A9270208F32602080121404600F079FEDC
:1028F00003214046ECF7DAF980214046E9F7BAFBBC
:102900004046BDE8F0414FF48061E9F7E6BB70B5A1
:1029100091F82C000C4610F00C0F4FF000060DD073
:10292000002508E0606A50F8250004F024F9606A88
:1029300040F825606D1C208DA842F3D894F82C0037
:1029400080070DD0002508E0606A50F8350004F0DB
:1029500012F9606A40F835606D1C208DA842F3D8EA
:10296000606A04F008F9666270BD70B50C461248E2
:10297000E7F798F901280DD12046E7F75AFA0546FE
:102980002046E7F752FA292D04D1418DBDE8704069
:102990000022B2E570BD10B5034604E011F8014B0A
:1029A00003F8014B521E002AF8D110BD10B51622B3
:1029B000EDF70AFAC0B210BDDCD5030810B5014628
:1029C0008648EAF7DBF90446EAF76BFA204610BDC1
:1029D00010B50C4682490B70C1E9014201467F489F
:1029E0001C30EAF7CBF90446EAF75BFA204610BD43
:1029F0002DE9F041054690460C460846EBF7EAFF04
:102A000007462046ECF70DF806466C6294F8241051
:102A10002846ECF733F94346324639462846BDE8A6
:102A2000F041ECF703BC2DE9F047984615460E46F9
:102A30008146EBF721FE4846EBF74DFA044648463F
:102A4000EBF72BF96643454336B22FB2002415E06D
:102A500021464846EEF790FA8246EBF7BBFF054663
:102A60005046EBF7DEFFB54207D1B84205D14246EA
:102A700051464846BDE8F047BAE7641C4846EEF7C1
:102A80008DFAA042E4D8BDE8F087406A70472DE98E
:102A9000F84F0546E7F7CDF904462846E7F7C5F9AC
:102AA00005460A2C4DD1E8F714FC10B10079012835
:102AB00047D02846EBF70FFA06462846EBF7EDF825
:102AC000044669462846ECF76AFABDF9002006EB91
:102AD000D67002EB600090FBF6F07043BDF9021077
:102AE00007B204EBD47001EB600090FBF4F060439C
:102AF0000F260FFA80F800241AE021462846EEF748
:102B00003BFA8146EBF766FF82464846EBF789FFC2
:102B10000146BA450BD1414509D1C5F8249099F831
:102B2000246000221C212846E7F761F905E0641CB7
:102B30002846EEF733FAA042DFD831462846ECF7B4
:102B40009DF8BDE8F88F10B50C4642F264010A46C4
:102B50002046EBF764FB00231A4622492046E7F79C
:102B600090F980212046E9F785FA03212046ECF709
:102B700092F82046BDE810400321ECF797B82DE904
:102B8000F0410D460846EEF70EFA064642F26401A1
:102B90000A462846EBF743FB2846EBF76DFD304627
:102BA000EBF77BF80E4C2189484307B23046EBF730
:102BB00092F9A1883A46484301B22846EAF794FDC3
:102BC000217885F82410D4E90102104304D130465D
:102BD000BDE8F041ECF752B8BDE8F081F8D5030844
:102BE000100200208F2A020810B500F0DCFCBDE8BE
:102BF000104001F0BFB90000136821B15B1E1360E3
:102C00000BD4806805E05B1C1360806841688B42D0
:102C100003DA006850F82300704700207047F0B5D1
:102C20000027DDE905458E1A012B05DC03280CD0B1
:102C300004280AD0052808D0891A09B206282AD201
:102C4000DFE800F0290A0320140E2F80208806EB0D
:102C5000D67100EB61001CE02F802088304418E022
:102C60005B1E18B291FBF0F02880F0BD91FBF3F0F1
:102C70002988084400B22880218800EBD07001EB3D
:102C8000600006E05B1C18B291FBF0F02880218800
:102C900008442080F0BD2F80F0BD2DE9FF4F89B0A2
:102CA000C8781A9CC0070D46002801D0FE4800E0F5
:102CB000FE48069001D0FE4800E0FE48049001D195
:102CC000FB4800E0FB484FF010034FF00C0E4FF0B4
:102CD000080B05906288A1884FF0000AA2EB010161
:102CE000504609B25246D4F810C00FE002EB8207FA
:102CF000E66803EB870816F808805FEAC87809D011
:102D00000BEB8707F65B891B09B2521C9445EDD883
:102D1000002255E00EEB8707F65B304400B2F4E783
:102D2000E66802EB820703EB870CB146CDF820C0C2
:102D300016F80C60F60742D1002873D091FBF0F82A
:102D40000EEB8706079639F8066006FB08F60FFAC1
:102D500086FCCDF800C04FF0060C0CEB870C042667
:102D600039F90C8006EB8706DDF800C039F90660FA
:102D7000E04500DCC446664505DCDDF800C046469B
:102D8000E04500DD6646DDF800C00196664506D0E8
:102D9000DDF820C04FF00108C24649F80C80D4F895
:102DA0000C80019E0BEB870728F80760D4F80CC055
:102DB000079F3CF80770C01B891B00B209B2521C68
:102DC00026699642ACD8BAF1000F83D10021099848
:102DD00000F08EFC012826D000270020ADF8080066
:102DE000ADF80C0003A902A8CDE900012089B4F9CF
:102DF000022003B228781899FFF711FFE8783842CB
:102E000007D00998EBF767F8BDF808100844ADF84B
:102E100008000B990998EEF7AFF806464FF4FA68E8
:102E200027E1FFE7FEE70127D7E7A3493046E9F7A7
:102E300079FA00287ED10021304600F05FFCE8B32B
:102E40004FF000094846216910E000BFE26800EB3E
:102E5000800352F82320B24207D1E16800EB8002E0
:102E60000BEB820031F9009002E0401C8142EDD86A
:102E7000E878C007708C02D040F4806001E040F434
:102E80000070708406F11400049982468847484512
:102E900028D03046EAF7DDFDB08AADF80000F08AB0
:102EA000ADF80200308BADF80400708BADF8060071
:102EB000069A4946504690476A4600E00EE02921AE
:102EC0003046E6F794FF3046EEF76DF832462221A1
:102ED000E6F78DFF3046EAF7BCFD03E0708C20F486
:102EE000C0607084002000906878012810D002280B
:102EF00016D1059906F114008847B4F90010491C51
:102F000021F00101081A00EBD07040F34F0006E0F9
:102F1000059906F1140088472188081A00B200902C
:102F2000E87838420AD0049906F114008847BDF8C1
:102F3000081000E095E0081AADF8080030460021BE
:102F40006A22ECF741FF0FFA80F9304600216B222C
:102F5000ECF73AFF0FFA80FA3046EAF7D7FD019016
:102F60003046EAF7CDFDC9F3413101290FD129F4EB
:102F7000C04141450BDCB1F57A7F01DDC1F57A71C5
:102F8000019A5143642291FBF2F10FFA81F9CAF3DD
:102F9000413101290ED12AF4C04141450ADCB1F585
:102FA0007A7F01DDC1F57A714143642091FBF0F035
:102FB0000FFA80FAB18A1698179A411A01EB0900A4
:102FC000F18A00B2521A02EB0A01EA7809B2D2077A
:102FD000002A02D0BDF9082000E0009A10440FFA40
:102FE00080FA01D0009801E0BDF9080008440FFA0A
:102FF00080F95AEA09001BD03046EAF72AFDB18A67
:1030000001EB0A00B082318B01EB0A003083F18AB8
:1030100001EB0900F082718B01EB090070833046EF
:10302000EAF717FD00234A4651463046EBF754F9BC
:10303000E87838420CD1049906F1140088471999B0
:103040000844BDF80C100844BDF80810084406E018
:10305000BDF80C1019980844BDF80810081AADF80E
:103060000800E8780BAAC0F380010998FFF7C4FDB7
:103070000646002E04D0DDE90B0188427FF4D5AE70
:103080000DB0BDE8F08F2DE9FF4F83B00E46DDE9AE
:1030900010B417460021039800F012FB05460021EA
:1030A000039800F013FB09E0E7540208F15402080A
:1030B000A9360208B5360208010006000146F0787C
:1030C00082070BD5C30742F2D17202D0954202D0DB
:1030D00006E0914206D120F00200F070C00701D056
:1030E000F84800E0F8488146F078C00712D0F6486A
:1030F0004FF0000AA4F802A0A4F804A0C4F810A09D
:10310000A4F800A0C4F808A0C4F80CA08046394672
:103110000197A9E0EB48EBE70198B84206D04FF4DD
:1031200000012846E9F7F7F800286FD1E74928465B
:10313000E9F7F8F800286AD10021284600F0DEFA05
:10314000029070B32069401C2061A28802EB0B0141
:10315000A180217DC9076DD000EB8000800003F0C5
:10316000AFFD0090E0B1E16851B12069401E00EB75
:1031700080008200009803F011FEE06803F0EAFD91
:10318000206900EB8001009800EB81004FF0000106
:1031900040F8145CF078C007284603D0022202E011
:1031A000FEE735E00522ECF70FFE216900B201EBE6
:1031B0008102009901EB820121F8100CF0784FF0A8
:1031C0000001C007284601D0032200E00622ECF7E8
:1031D000FBFD216900B201EB8102009901EB820144
:1031E00021F80E0C2069029900EB8002009800EB98
:1031F000820040F8081C206900EB8002009800EB78
:10320000820040F804AC0098E06013E032E020E077
:103210002846494688470146F078800705D5B4F925
:10322000040042180698824224DCA28801EB0B00BD
:103230001044A0802846414688470146B4F9000062
:10324000814202DD2846414688472080A068401C14
:10325000A060F078400702D54FF0FF3000E0012079
:1032600001994118019105D40398EDF785FE051EDB
:103270007FF452AFB4F90400002802DDA0EB0B008C
:10328000A080206908B1069801E0B4F904006080CC
:10329000CDB10198B84216D1039901AA896809688D
:1032A00051F82050F078C0F380010398FFF7A4FC98
:1032B0004DB12846414688472080284649468847E0
:1032C00060800120A060019807B0DAE62DE9F04F98
:1032D0007F4D93B0044600216A88ECF775FD9DF898
:1032E0001710421C62F30001820862F34101C0081A
:1032F00060F382018DF8171020460021AA88ECF7B0
:1033000063FD8DF8140020460021EA88ECF75CFD8F
:103310008DF81500204600212A89ECF755FD8DF81F
:1033200016000021204600F0E3F9012800D000201B
:1033300081469DF817004FF00001C00720460CD0D1
:1033400000F0CAF982469DF817004FF00001C0074F
:10335000204605D000F0C6F904E000F0C3F9F1E71B
:1033600000F0BAF907909DF81700C007204602D078
:10337000EAF7B1FD01E0EAF790FC06902046002153
:103380003222ECF721FD0546204600211022ECF701
:103390001BFDE18A284446182046EBF7B7FC301A9B
:1033A000ADF82000204600211222ECF70DFDA18A85
:1033B000284445182046EBF7A2FC281AADF8400037
:1033C0009DF817009DF81660C00701D008AD00E019
:1033D00010AD0021204600F073F911900021204625
:1033E00000F074F983469DF81700C10708D0ABF5CB
:1033F0001C52D13A02D1618C890509D5C10708D187
:10340000119AA2F51C51D13903D1618C490500D420
:103410000026B9F1000F08D0C00706D116B1012E61
:1034200002D002E0012600E000260027ADF83C7043
:10343000B8468EB39DF81700400703D5A0684268D0
:10344000521E15E0002213E000200E9009A90798F3
:10345000CDE9000105A92046069BFFF714FE0246B0
:10346000BDF8241007EB0A00084407B208F1010870
:10347000A0684068904201DD002AE5DAB8F1000F4B
:1034800002D0A7EB0A0007B29DF81700C00720463C
:1034900003D0EAF702FC02E00BE0EAF71CFD0FA9FB
:1034A000CDE9005101460FFA88F33A463046FFF75E
:1034B000B6FB9DF8170041070CD5A1684E68761E33
:1034C00009E000000DDB000801DB00080100060038
:1034D0001C0200200026B9F1000F04D0C00702D161
:1034E00028883844288009AFA0684068B04249DD88
:1034F000002E47DB01200E900798CDE900073246E9
:1035000005A92046069BFFF7BEFD8046B9F1000FD6
:1035100008D09DF81700C00704D12888BDF82410F2
:10352000401A2880DDE90601BDF9202002AB019296
:1035300083E88300BDF9400000904346324605A968
:103540002046FFF7AAFB46460C9803F003FC002038
:103550000C90B9F1000F03D09DF81700C0070AD0F6
:103560002888BDF82410BDF83C20014402EB0A0075
:1035700008442880B8E7BDF83C20298802EB0A00FF
:10358000081AF6E7119942F2D170814201D08345C1
:1035900002D12046EAF7B9FC00222B212046E6F7AB
:1035A00026FC13B06DE510B500215848EBF77CF808
:1035B000574C2080002004F0F9F86080042004F0CB
:1035C000F5F8A080042004F0F1F8E080042004F075
:1035D000EDF8208110BD13460A464D494988ECF7A5
:1035E000D8BE10B504460022FFF7F5FF4848002278
:1035F00001882046BDE81040EDF7B4BC13460A46EA
:1036000043490989ECF7C5BE13460A464049C988B3
:10361000ECF7BFBE13460A463D498988ECF7B9BEB0
:1036200070B516461D4604460022FFF7F3FF002240
:1036300031462046FFF7E8FF002229462046FFF7E3
:10364000DDFF3348002201882046BDE87040EDF7D9
:1036500089BC13460A462E494989ECF79ABE10B533
:1036600004460022FFF7F5FF2046EDF79CFCBDE87D
:103670001040EAF712BE0A462549498804F0A9B964
:103680000A462349898804F0A4B90A462049C98812
:1036900004F09FB90A461E49098904F09AB90A46FE
:1036A0001B49498904F095B981880088081A401C93
:1036B00000B27047C1884088081A401C00B27047A9
:1036C00010B50122ECF780FB00B210BD10B504224A
:1036D000ECF77AFB00B210BD10B51422ECF774FBC6
:1036E00000B210BD10B51522ECF76EFB00B210BD94
:1036F00010B51622ECF768FBC0B210BD044A10B535
:103700005289ECF761FBC0B210BD0000CD32020857
:103710001C0200202DE9F74F0D4682B00446FE49F9
:10372000E8F700FE00287DD1204600F045FD8246E6
:10373000204600F049FD5FEA000973D0BAF1000F9E
:1037400070D0204600F028FD0746204600F02CFDF2
:10375000DFF8C8B3064620460021BBF80E20ECF780
:1037600033FB00F0FF0820460021BBF81420ECF7E3
:103770002BFBC0B201902B6807EB0A006FF001022F
:10378000D5F808C033F8171002EB40001B5A3CF87C
:1037900000001844401A00B200906B6806EB090064
:1037A00002EB400033F816101A5AEB68185A10440E
:1037B000401A0FFA80FB0021204600F0DDFC0128B2
:1037C0000AD1B8F1000F03D0B8F1020F02D003E024
:1037D000022000E000208046208BA18A401A401C75
:1037E0000FFA80FA608BE18A401A401C0FFA80F9C8
:1037F0004046B8F1010F1BD0022824D02868B8F148
:10380000030F30F9170028D18046608CDDF800A046
:1038100040F480606084019801287BD0022877D032
:10382000032800E0D8E0686830F9167071D119E01B
:1038300029680098A0EB0A0031F8171000EBD0704F
:1038400001EB600008E02046EAF760F9296831F8EA
:10385000172000991144081A00B28046608C20F4A9
:103860008060D7E7608CD94640F4007060842046C1
:10387000EAF74CF9504504D12046EAF741F94845AA
:1038800027D0A08AADF80000E08AADF80200208BB6
:10389000ADF80400608BADF806002046EAF7D9F8D1
:1038A00004F114005146054601F01DFE4946284624
:1038B00001F01EFE2046EAF7CCF86A462921204690
:1038C000E6F795FA2046EDF76EFB22462221E6F751
:1038D0008EFA204600216A22ECF776FA06B22046DC
:1038E00000216B22ECF770FA05B22046EAF70EF9D8
:1038F00081462046EAF704F90146C6F341306422C6
:103900004FF4FA634FF47A7C01281BD027E001E0E2
:103910000AE013E06968ABEB090000EBD07031F806
:10392000161001EB600008E02046EAF7E9F8696844
:1039300031F8162002EB0B01081A07B2608C20F454
:10394000007093E726F4C040984208DC604501DD32
:10395000C0F57A7000FB09F090FBF2F006B2C5F3F7
:10396000413001280BD125F4C040984207DC604566
:1039700001DDC0F57A70484390FBF2F005B2049A7D
:1039800008EB0600791912891044A28A801A05B240
:10399000049840890844E18A401A06B255EA0600B4
:1039A0001AD02046EAF755F8A08A2844A082208B36
:1039B00028442083E08A3044E082608B3044608376
:1039C0002046EAF746F805B0324629462046BDE8CB
:1039D000F04F0023EAF780BC05B0BDE8F08F2DE979
:1039E000F0474FF0000CDDE90964089DDDF82CA0DC
:1039F000E1466F1E01BB052A03D0062A01D0042A26
:103A000002D10023012D01D0002108E00122002174
:103A10009C4436F81180491CC4440FFA8CFCA9421E
:103A2000F6D3ACEB030109B2072A2AD2DFE802F091
:103A300004070B2921160D00A4F8009021E0411A7B
:103A400001EBD17112E0411A11E0411A09B23AB208
:103A500091FBF2F1A4F800900BB212E0411A09B206
:103A60002AB291FBF2F10BB203EBD3714910218022
:103A700007E0411A0AB2691C09B292FBF1F10BB2DC
:103A8000238000210BE000BF34F8112036F811C06C
:103A9000624404EB410C1A44ACF80220491CB942C0
:103AA000F2D304EB450106EB450231F8021C32F873
:103AB000022C11442288891A0AB2BAF1000F0CD0E4
:103AC000002108E034F8113036F81170C31ADB1BFE
:103AD00024F81130491CA942F4D31046BDE8F08700
:103AE0002DE9F34F81B00C46019800F04BFB0646E0
:103AF0000198EAF7F0F98246304600F06DFB20614C
:103B0000400003F0DDF820602069400003F0D8F8A1
:103B1000002541F69A7903E0010006002802002002
:103B2000A0603AE036F91510DFF8C486494533D174
:103B30000027DFF8C0B61FE039460198EDF71CFA00
:103B400059460090E8F7EEFBA8B9009800F034FB66
:103B5000012810D1009800F01FFBA8420BD100985B
:103B6000E9F7D4FF4146404501DA084602E00098F3
:103B7000E9F7CCFF80467F1C0198EDF70FFAB842B9
:103B8000DAD8B8F1000F03DBA16821F8158003E053
:103B9000A168002021F815006D1C2069A842C1D839
:103BA00000252F46284641F69B784B4616E000BF7D
:103BB00036F91010414504DB0D44A5F5F8559B3D41
:103BC0000BE0994204D1A16831F81010394403E0A8
:103BD000A26822F8101039440FB2401C21698142BA
:103BE000E6D80021019800F0C1FA2169C1F1010273
:103BF00000FB02A0C01B00B2002800DA0020002257
:103C00004FF0FF331146C44611E000BF36F9117082
:103C100067450BDBA7F5F8579B3F3AB210FB02F361
:103C2000B3FBF5F3A76827F811300B46491C276949
:103C30008F42EBD8002B07DBA91A4143B1FBF5F10A
:103C4000401AA16821F81300BDE8FE8F2DE9F84F56
:103C50000C46834600F09BFA064600F0BDFA606110
:103C6000400003F02DF860606069400003F028F820
:103C7000002541F69A79E0603AE036F91500DFF860
:103C80007085484533D10027DFF868A51FE0394625
:103C90005846EDF771F951460090E8F743FBA8B993
:103CA000009800F091FA012810D1009800F07CFAF9
:103CB000A8420BD10098E9F723FF4146404501DABD
:103CC000084602E00098E9F71BFF80467F1C584633
:103CD000EDF764F9B842DAD8B8F1000F03DBE16818
:103CE00021F8158003E0E168002021F815006D1C23
:103CF0006069A842C1D800252F46284641F69B7826
:103D00004B4615E036F91010414504DB0D44A5F58E
:103D1000F8559B3D0BE0994204D1E16831F8101051
:103D2000394403E0E26822F8101039440FB2401C15
:103D300061698142E6D80021584600F011FA8146B7
:103D40005846E9F7AAFF01466069C0F1010209FB84
:103D50000210C01B00B2002800DA002000224FF041
:103D6000FF331146C44610E036F9117067450BDB8E
:103D7000A7F5F8579B3F3AB210FB02F3B3FBF5F3FC
:103D8000E76827F811300B46491C67698F42EBD86A
:103D9000002B07DBA91A4143B1FBF5F1401AE1689A
:103DA00021F81300BDE8F88F2DE9F04F0D4687B0DC
:103DB00004460021EDF7E0F860B329462046FFF7FE
:103DC00045FF29462046FFF78BFE0021204600F0E4
:103DD000CDF905900021204600F0C2F904900021A1
:103DE000204600F0C9F9012800D0002080460021BB
:103DF000204600F0A9F907460021204600F0AAF964
:103E000042F2D17906464F450BD1608C400508D46B
:103E1000012707E007B02846BDE8F04F1C2103F05A
:103E200051B800272046EAF756F8DFF8CCA38346BE
:103E300020460021BAF80420EBF7C6FFD5F810C0E1
:103E4000AB682968CDF800C0CDF80C80CDE9013110
:103E5000C2B239465846059BFFF7C1FD28834E453F
:103E600004D1608C800501D4012600E000262046A4
:103E7000E9F713FF074620460021BAF80820EBF7C0
:103E8000A3FFC2B2686900246B68E9688DE81B0073
:103E900031463846049BFFF7A2FD688307B09CE5D6
:103EA00070B58AB0044600F06DF90546204600F072
:103EB0006EF9002D5CD000285AD069462046FFF7E5
:103EC00073FF0C2107A802F0FDFF204600213222DB
:103ED000EBF77AFF0546204600211222EBF774FF2C
:103EE0004619204600211022EBF76EFF05442046BC
:103EF000EAF705FFA18A3144081AADF824002046EC
:103F0000EAF704FFE18A2944081AADF826000025E3
:103F100007E0006807AA694650F82500FFF7FAFB9A
:103F20006D1CA0684168A942F3D8009802F012FF06
:103F3000019802F00FFF029802F00CFF039802F0C4
:103F400009FF0021204600F0FFF805460021204629
:103F500000F000F942F2D1718D4201D0884202D1C5
:103F60002046E9F7D2FF00222B212046E5F73FFF4C
:103F70000AB070BD10B50021A048EAF795FB9E4C31
:103F80002080042003F012FC6080042003F00EFC6B
:103F9000E080042003F00AFCA080042003F006FC6B
:103FA0002081042003F002FC6082042003F0FEFB69
:103FB0002082042003F0FAFBA081042003F0F6FB2A
:103FC0006081042003F0F2FBE081042003F0EEFBAB
:103FD000A08210BD13460A468749C988ECF7D9B9B3
:103FE00013460A4684494988ECF7D3B970B515469B
:103FF00004460022FFF7F4FF002229462046FFF77F
:10400000E9FF7D48002201882046BDE87040ECF7BA
:10401000A9BF13460A4678490989ECF7BAB913468D
:104020000A4675498988ECF7B4B970B51546044657
:104030000022FFF7F4FF29462046BDE87040002229
:10404000E7E713460A466C49898AECF7A2B913469A
:104050000A466949498AECF79CB913460A466649FB
:104060008989ECF796B913460A466349C989ECF782
:1040700090B913460A466049098AECF78AB9134693
:104080000A465D494989ECF784B92DE9F0470F46A6
:1040900008A9994691E87000134680460022194607
:1040A000FFF7EDFF002229464046FFF7E2FF00221E
:1040B00039464046FFF7D7FF002249464046FFF702
:1040C000CCFF002231464046FFF7C1FF00222146C7
:1040D0004046FFF7B6FF4046ECF765FFBDE8F04706
:1040E000EAF7DBB80A464449C98803F072BC0A46BD
:1040F0004149498803F06DBC0A463F49098903F0EC
:1041000068BC0A463C49898803F063BC0A463A49C0
:10411000498903F05EBC0A463749898903F059BCD6
:104120000A463549098A03F054BC0A463249498A8D
:1041300003F04FBC0A463049C98903F04ABC0A461D
:104140002D49898A03F045BC10B50122EBF73CFEEE
:1041500000B210BD10B50422EBF736FE00B210BD60
:1041600010B51422EBF730FE00B210BD10B51522C9
:10417000EBF72AFE00B210BD10B51622EBF724FEB5
:10418000C0B210BD1C4A00215288EBF71DBE1A4A6E
:104190000021D288EBF718BE174A10B500215289CA
:1041A000EBF712FEC0B210BD134A10B50021128AFF
:1041B000EBF70AFEC0B210BD0F4A10B5002192897C
:1041C000EBF702FEC0B210BD0B4A10B50021528AB7
:1041D000EBF7FAFDC0B210BD0146002041F6FF72B8
:1041E00000E0401C31F910309342FAD170470000D2
:1041F00001E0FFFF0100060028020020A13E0208A6
:104200003D4A10B5118001463C48E8F7B7FD044629
:10421000E8F747FE204610BD0021ECF7ADBE70B5B3
:104220000D46FFF7F9FF09F02DF80446012109F0CA
:104230003EFC2946204609F092FB01212046FFF76B
:104240000EFA204670BD70B514460E46FFF7E4FF27
:1042500006F052F9054642F264022146E9F7DFFF13
:10426000284608F033FA0446314608F039FA0023AC
:104270001A4609212046EAF732FA284670BD012184
:10428000ECF77ABE70B50D460846ECF78CFE064694
:10429000E9F736FC04463046E9F738FC0146224689
:1042A0002846E9F7BCFF01212846FFF79AF928467E
:1042B000E7F7D6FE0446104842F264063146B0F9EC
:1042C00000202046E9F7ABFF00212046FFF789F9DF
:1042D00002231A4600212046FFF7A2F92846E7F7F5
:1042E000BFFE04460121FFF7BAF931462046BDE87A
:1042F0007040E9F77EBF00003E02002030D6030880
:1043000008B142681047FEE72DE9F0479A4690460B
:104310000C46070011D08CB100260546B146266038
:10432000D5F800C05346424621462846E04740B1F2
:10433000A07BC00603D425600EE0FEE7FEE706B9C9
:104340002E466D69002DEBD14EB13568534642467D
:1043500021463046A84726600120BDE8F087B8F125
:10436000200F20D3A8F57841FF391CD0A8F50051C3
:104370000C3918D0B7F9080000EBD0704008E08085
:10438000801CA080C4F8009039892181A4F80A908B
:10439000A4F80C90A07B20F00F00401C40F010000F
:1043A000A0730020D9E74846A4F80690E9E71FB5B6
:1043B00040B113460A466946FFF7A6FFBDF8040060
:1043C00004B010BDFEE7000000880988401A70475D
:1043D0002DE9FC470F0023D00569686928B1016801
:1043E000B94202D14068BDE8FC87698A00224FF0DB
:1043F000040CC1F308040CE0AE6802EB820356F82B
:1044000023100CEB8303F35A791A8B420AD2521C05
:1044100092B29442F0D818B10760696900204860F0
:104420000020E0E702EB82041222A86802EB84027B
:104430000026825C4FF00609022A0CD04FF00C0ACD
:104440006AB1DFF828C208234FF01008032A0FD002
:10445000012A26D043E009EB8402805A06E00AEBE9
:10446000840209EB84038258C05A515C461836E036
:10447000ADF8041008EB8401CDF800C003EB84080C
:10448000425A50F80810022301A804F033FD30B35B
:10449000A96851F80820801A09EB84024010895A53
:1044A0001CE0ADF8041008EB8401CDF800C003EB6C
:1044B0008408425A50F80810022301A804F01AFD9B
:1044C00068B1A96809EB840351F80820801A0AEB47
:1044D000840240108A58C95A32F810000E186869D0
:1044E00010B107606869466030467CE710B509295D
:1044F00000D120210469FFF76BFF002806D0616816
:1045000001EBC000618A890B01D0002010BD00685A
:104510002168C0F31300084410BD03880A88934241
:1045200001D0981A704740884988401A704703782C
:104530000A78934201D0981A704740784978401A17
:1045400070472DE9F04700269A460C468146092A15
:1045500001D1202201261146D9F81050FFF738FF6B
:10456000071E3CD0E8684FF0000850B1514648465D
:10457000FFF72EFF020004D03946484600F032F81B
:1045800080466868298A00EBC70001FB08F10A1120
:104590000168090D002E01D04FEA4101114401F1DB
:1045A00008014FEA1111A180417921810179E1804F
:1045B00090F90620628190F90700A081688A4FEA8D
:1045C0005022A07B62F3030020F01000A07304D0FF
:1045D0004FF6FF7000EA4100E0804FF00100BDE8B7
:1045E000F08770477CB50369006900255B8AC46861
:1045F0009E04A3682BD4980F17D00120B0EB937FB3
:1046000031D101EB02402668019019480090A06862
:10461000042320F04042314601A804F06BFC10B3A3
:10462000801B801061680D561DE001EB022026689A
:10463000ADF804000F4823F04042009002233146B9
:1046400001A804F057FC70B1801B4010EAE76068D5
:10465000405C995C38B131B1637B2268401E10FB2D
:104660000320491E455628467CBD0000C943020868
:104670001B4502082F45020878B58BB2D90AC2F152
:10468000FF0411FB04F581B2C80A10FB0250803010
:1046900000EBC01505EBC030C0F3C455BDF80000F9
:1046A00065F3CF20C3F3451515FB04F5C1F345169B
:1046B00016FB0255803505EBC51606EBC535C5F36F
:1046C000C55565F34A1003F01F0313FB04F301F013
:1046D0001F0111FB0231803101EBC11202EBC1312C
:1046E000C1F3C45161F30400ADF8000080B278BD9D
:1046F00038B50446502102F0E5FB4FF4A07020804D
:10470000F02060804FF0FF30A080E080002020810A
:1047100060812069822120F0400040F0080061F3B0
:10472000D01020614FF6FF70ADF800000090BDF88A
:1047300000002087F948206460645420A06438BDDC
:104740002DE9F0410D461E46174604461C2102F095
:10475000B9FBC4E90057C4E90256BDE8F081F8B5D9
:104760000546EF4801F0A0FF040002D0E86B08B155
:104770000AE0FEE7A86C02F0E8F9060074D00146F2
:104780002A6C28469047EE634FF4AE71204602F043
:1047900099FB0120E34E2560C4F85401F7682246D6
:1047A0001421E148F46003F0F1FB606000285CD064
:1047B000286981070AD529886A8811FB02F1EA680D
:1047C000D268914202D920F002002861BDF80010A1
:1047D0001F2060F304013F2289B262F34A1189B2BB
:1047E00060F3CF21ADF8001088B20090BDF8000052
:1047F0000090BDF800006085FF2084F82900F8F7DC
:10480000F2FD80B3F8F73FFEA0600020E7F728FC38
:1048100020610020E7F724FCE0610020E7F720FC9E
:10482000C24D20622A460021E069EBF784FC2A464B
:104830000021206AEBF77FFC0221E069E7F74DFCDD
:104840000221206AE7F749FC0021E069EAF702FA51
:104850000021206AEAF7FEF92069E9F7FAF8F76023
:10486000A7B114E000E001E0FEE7FEE7002001F060
:10487000EAFB0546052001F0E6FB0146AC48009046
:1048800000232A462046F8F7B4FDBDE7F4606068CF
:1048900003F0A7FB2046F8BD10B5E9F7FEFC0020A9
:1048A00010BDA048C068704718B99E48C06800286D
:1048B00009D00068017CC1F30111012904D003294A
:1048C00002D0B0F902007047B0F90000704718B983
:1048D0009448C068002809D00068017CC1F3011128
:1048E000012904D0032902D0B0F900007047B0F9C3
:1048F000020070472DE9FC41044601600869820707
:104900000AD50A884B8812FB03F2CB68DB689A420F
:1049100002D920F0020008612046FFF7D8FF0746C1
:104920002046FFF7C1FF064600251BE0E068694608
:1049300050F82500E9F7B0F8E068394650F825004E
:10494000143000F0D0FDE068314650F825001430F6
:1049500000F0CEFDE0686A46292150F82500E5F711
:1049600046FA6D1C606AA842E0D84FF4807104F1E9
:10497000300002F0A7FA202104F5987002F0A2FAA4
:104980000020A4F85001206908B1E9F762F800227C
:1049900068491046ECF779FD2068016B002903D0C7
:1049A00002B0BDE8F0410847BDE8FC815D49C86040
:1049B00070472DE9F0415B4F04460026F8688442B9
:1049C00000D10126002000F0C3FA002506E00168AE
:1049D0000A69A24200D10D6100F0BAFA0028F6D1AE
:1049E000206A10B1ECF7AFFB2562E06938B1ECF753
:1049F000AAFBE56103E0E0680068ECF7A4FB606AED
:104A00000028F8D12146464801F0CAFE606808B186
:104A100003F018FA204602F0AEF8002E03D040480A
:104A200001F063FEF86098E618B93E48C0680028B7
:104A30000DD00168087CC0F30110012808D00328BC
:104A400006D0B1F90400002801DCB1F9000070477C
:104A5000B1F906000028FADCB1F90200704718B974
:104A60003048C06800280DD00168087CC0F30110F0
:104A7000012808D0032806D0B1F90600002801DC7F
:104A8000B1F902007047B1F904000028FADCB1F96D
:104A90000000704700B5020002D12248C26862B12E
:104AA0001068017CC1F30111012908D0022909D045
:104AB00003290DD0B0F9080000BD002000BDB0F9F9
:104AC0000A0000BD1046FFF7AFFF1168098904E036
:104AD0001046FFF7A9FF11684989401A00B200BDCE
:104AE00000B5020002D10F48C26862B11068017CB3
:104AF000C1F30111012908D0022909D003291BD0D3
:104B0000B0F90A0000BD002000BDB0F9080000BDEA
:104B10001046FFF7A4FF1168498912E0D15A010835
:104B200038FB002048020020931F0108FFFF0F0000
:104B3000740B0408994802081046FFF790FF1168AB
:104B40000989401A00B200BD18B9C248C0680028DF
:104B500003D00068007CC0F3C000704710B9BD48A6
:104B6000C06820B100680069C0F3C9107047822096
:104B70007047C26800211161C06841617047C06818
:104B80004069002800D00120704718B10146B248A2
:104B900001F0FEBDB04801F0A8BD0068C0687047D4
:104BA00018B9AC48C068002806D00268136961F3E0
:104BB0000513136101689DE6704718B9A548C068E0
:104BC000002803D00068007CC0F3011070472DE975
:104BD000F04105460068069C20F0E000C0F3140098
:104BE00000F500102860164698B2C20AC2EBC20354
:104BF00003EB0222D21D8846520962F31741C0F32B
:104C0000451202EB420303EB0222D21C920962F32B
:104C10000F2100F01F00C0EBC00202EB0020C01DFE
:104C2000400960F30701FF2060F31F61C1F30740F3
:104C3000C1F3072200EB400000EB8200C9B2084438
:104C4000C0F3C707FD2C0BD2324641462846F0F789
:104C50003EF86743C4F1FF0100FB0170C0F3072772
:104C60003B46324641462846BDE8F041F0F78CB855
:104C70007FB51D46DDE90930089C02280DD9039156
:104C8000019962F3942121F01F010E31CDE9000159
:104C90002246294601A8FFF79AFF7FBD7FB51D4632
:104CA000DDE90930089C02280DD90391019962F3CE
:104CB000942121F01F010D31CDE900012246294642
:104CC00001A8FFF784FF7FBD7FB51D46DDE90930F0
:104CD000089C02280DD90391019962F3942121F0D7
:104CE0001F010C31CDE900012246294601A8FFF73A
:104CF0006EFF7FBD7FB51D46DDE90930089C0228A7
:104D00000DD90391019962F3942121F01F010B3118
:104D1000CDE900012246294601A8FFF758FF7FBDD3
:104D2000FEB508AC94E8610002FB003000EB4000E7
:104D30004418A31C20786278A17800EB022002AA14
:104D4000CDE9002380B233462A4600F024F8A0784B
:104D5000022806D9BDF808002070BDF80800000A36
:104D60006070FEBD0C290FD004DC052908D00B298A
:104D700004D107E00D2909D00E2909D0002108E04F
:104D8000364906E0364904E0364902E0364900E09B
:104D90003649C16170472DE9F84F9346DDE90A6550
:104DA00097B2FD2B01D2022903D837802B70BDE8C2
:104DB000F88F82B2022B02D832802970F7E74FF0C9
:104DC000FF0AFD290BD301461A465846FFF754FC4B
:104DD0000090BDF80000308085F800A0E7E71D4C8A
:104DE00004F1040994F800C004F1060863450BD1EE
:104DF00094F801C0614507D1B9F800C0674503D1F7
:104E0000B8F800C062451CD023706170A9F800702A
:104E1000A8F80020C3F1FF02C1F1FF0112FB01F26B
:104E2000BAEB1221A17013D0C3EB0322B2FBF1F154
:104E3000CAB201465846FFF71FFC0090BDF80000BB
:104E400020810448083000883080A0782870AEE7C0
:104E5000FEE700004802002038FB0020214D020838
:104E6000F54C0208C94C02089D4C0208714C02081E
:104E700010B50446202102F025F8002020700A20F9
:104E8000207660764FF47A70A0836420E08332202D
:104E9000E0760320A07610BD70B50546006920B904
:104EA000FFF7FFFC2861002814D03E4801F0FCFB0E
:104EB000040010D0582102F005F8256060792246E0
:104EC00040F0020060713221374803F05FF821683A
:104ED0004861204670BDFEE770B50D46040009D05C
:104EE000206840B1406938B102F0ACFF2DB12869AB
:104EF00020B107E0FEE7FEE7FEE7FEE7FFF7D1FCA3
:104F0000286160B1224632212748256003F03EF82F
:104F100021684861607940F00200607170BD60797D
:104F200040F00400F9E710B504000ED0206868B125
:104F3000406960B102F086FF21461A4801F030FC5A
:104F40002046BDE8104001F016BEFEE7FEE7FEE792
:104F500018B10146134801F01BBC124801F0C5BB53
:104F600070B50D4604461021284601F0ABFF2068BD
:104F70000078012804D0022807D0042807D008E0D0
:104F8000208A2880608A688003E0E06800E00A20C8
:104F9000686020684268002A03D02946BDE8704056
:104FA000104770BD44FB002003B200080A490022EC
:104FB0000A704A68104448607047074901224868EF
:104FC0000A700B78002BFBD0704710B50446FFF732
:104FD000F4FF001B10BD00005802002070B5FC4D0E
:104FE0006868FFF7F2FF0646687880F00100687095
:104FF00047E00020287094F842006978C0F38002EE
:105000008A4242D061F3820084F84200216B8A19FF
:10501000030719D4002917DC002A15DBC00709D1C2
:10502000616939B120468847216A01442162A16A39
:105030000844A062A16809B12046884794F842005C
:1050400040F0080084F84200206B8019206316D4D9
:10505000E16A884200DD2163E16920468847014614
:10506000606A884204D0616262680AB12068904731
:10507000D4E90B01814202DB204600F0E7F92878F1
:1050800018B1D44801F031FB03E02146D14801F0CA
:105090007FFB0400ADD1FFF790FF686070BD10B5D5
:1050A0004421CC4801F0F8FA00221421CA4802F049
:1050B0006DFFC74CA06000F0B7F90020207010BD54
:1050C00038B504464FF480600090D4E90B200023EB
:1050D000194601F0F5FC226AA16A891A414302EBE4
:1050E000A12038BD10B50446442101F0EBFE4FF479
:1050F000FA70E062002020626420A0620120A4F81F
:105100004000AFF24300E06194F8420040F001003B
:1051100084F8420010BD2DE9F0410746884600267C
:10512000AC4801F0E2FA04461DE02146A94801F02E
:105130002FFB05462068B84200D09FB96168414501
:1051400002D0B8F1000F0DD12146A24801F028FB92
:10515000216909B120468847204601F00CFD00F086
:1051600063F901262C46002CDFD13046BDE8F081E2
:1051700070B54168054611B12868FFF7CCFF954826
:1051800001F0C8FB924E10B1FFF717FF7060914815
:1051900001F08AFA040024D04422294601F0FEFDE1
:1051A0002868A84200D12460717894F8420061F325
:1051B000820084F84200C0070FD0616939B12046EF
:1051C0008847216A01442162A16A0844A06262689A
:1051D0001AB1206808B1216A904700F025F92046ED
:1051E00070BDFEE730B5B0F840204FF0FF31B2EBB4
:1051F00011430CD0D0E90B3190F84240591AA40762
:1052000003D4D0E90D452C442144012A01D8084695
:1052100030BDC46B521E2344D0E90D4020441844D5
:1052200000FB021030BD10B56A4801F0EDFABDE890
:10523000104000F0F9B870B505460C46654801F01D
:1052400054FA0BE00168A94204D14168A14207D099
:10525000002C05D001465F4801F09AFA0028F1D1F0
:1052600070BD5B488068704710B50024594801F054
:105270003CFA04E0641CA4B2564801F089FA01002B
:10528000F8D1204610BD8B1A002B00DC531A4FF4C6
:105290007A714B43B3FBF0F0002800D10120704736
:1052A00000209BE638B504464FF480650095D4E9AC
:1052B0000B200023194601F003FC64233222002155
:1052C000009501F062FB226AA16A891A414302EB50
:1052D000A12038BD38B504464FF480650095D4E967
:1052E0000B200023194601F0EBFB40F2B6334FF4DC
:1052F00061720021009501F048FB226AA16A891AB7
:10530000414302EBA12038BD38B504464FF4806517
:105310000095D4E90B200023194601F0D1FB4FF48E
:105320006E7332220021009501F02FFB226AA16AE0
:10533000891A414302EBA12038BD38B504464FF429
:1053400080650095D4E90B200023194601F0B8FBD5
:1053500040F214534FF47A720021009501F015FBCE
:10536000226AA16A891A414302EBA12038BDF8B52F
:1053700005464FF480660096D5E90B2000231946B8
:1053800001F09EFB2A6AA96A8C1AB0F5CC7F04DA78
:1053900040F6C4114843801229E0A0F5CC711422D4
:1053A000CE2902D201EB81000EE0A0F26621CD29C8
:1053B00002D201EB810018E0A0F2333128226629E5
:1053C0000CD201EB81004000C0F580600DE00000D0
:1053D000600200205CFB0020DD4F0208A0F2993142
:1053E000672904D801EB8100400094FBF2F43146B8
:1053F000884201DD304602E0002800DA0020002269
:1054000000924FF4FA734FF4487201F0BEFAA96AA1
:105410006043A1EBA020F8BDD0E90B128A4201DB6A
:10542000806A7047006A704710B5294C01202070CF
:10543000284801F05AF90028A06803D0BDE81040C0
:1054400002F0CABDBDE8104002F0C3BD10B504466D
:1054500090F84200A16B820709D4B4F840204AB109
:10546000A2F57F43FF3B1BD0521EA4F84020B4F8A6
:105470004020AAB909B1820712D52146154801F08A
:105480008FF9FFF7D1FFE16809B12046884721690C
:1054900009B1204688472046BDE8104001F06BBBAB
:1054A000E26B52422263002911D0820702D4626B60
:1054B000524222634210521C62F3410084F84200BF
:1054C000A26A206A2262A062E06AE162A06310BD63
:1054D000600200205CFB002010B5029C018042802D
:1054E0008380C48010BD0288491E114481807047AA
:1054F0004288491E1144C180704730B503460D46AD
:10550000808819885C88401A401C01B2D8881D80A8
:10551000001B401C04B25A801846FFF7E4FF2146E6
:10552000BDE830401846E3E7B0F90410B0F90020B8
:10553000891AB0F90620B0F90200101A401C491C63
:105540004843704703885B1A03808388194481802D
:105550004188891A4180C1881144C18070470388FD
:105560000B44038083881944818041881144418021
:10557000C1881144C180704770B5B1F90030B2F9EB
:105580000040A34200DC23460380B1F90250B2F987
:105590000240A54200DD2C464480B1F90460B2F916
:1055A0000450AE4200DA35468580B1F90610B2F9F2
:1055B0000620914200DB1146C1800120AB4201DC94
:1055C0008C4200DD002070BD10B5B1F90040B2F989
:1055D00000309C4200DA23460380B1F90240B2F960
:1055E00002309C4200DA23464380B1F90440B2F90C
:1055F00004309C4200DD23468380B1F90610B2F9E5
:105600000620914200DC1146C18010BD10B5B0F9F2
:105610000420B0F900304088D21A02EBD272521046
:105620000C88134449881044E31A081A12FB02F14B
:1056300013FB03F210FB0020884201D8012010BDAB
:10564000002010BD2DE9FC4114460E46B1F90020A2
:10565000B0F9001005468A423ADBB5F904008242EF
:1056600036DCB6F90270B5F90220974230DBB5F9A5
:1056700006309F422CDC002C75DD401A9A1A401C23
:10568000521C00B212B200EBD07002EBD27240108A
:105690005210904200DB1046844200DD0446ADF813
:1056A0000010288800222044ADF804006888ADF876
:1056B0000200688831462044ADF806006846FFF7CE
:1056C000C1FF40B1BDF804002044ADF804003FE044
:1056D0000020BDE8FC81E8880022001BADF8020034
:1056E000E888ADF8060031466846FFF7ABFF28B101
:1056F000BDF804002044ADF8040011E0A8880022A1
:10570000001BADF80000A888ADF8040031466846DB
:10571000FFF798FF50B1BDF80000001BADF8000086
:10572000BDF80200001BADF8020016E06888ADF875
:105730000200688800222044ADF806003146684621
:10574000FFF780FF70B1BDF80000001BADF800004E
:10575000BDF806002044ADF8060031466846FFF764
:1057600055FFB6E7FFE70120B3E7B0F90020B1F934
:1057700004309A4213DCB0F90420B1F900309A42A7
:105780000DDBB0F90220B1F906309A4207DCB0F91E
:105790000600B1F90210884201DB012070470020A9
:1057A0007047F8B50D460446B0F90000B1F9001095
:1057B0001646884247DBB4F90210B5F9022091423F
:1057C00041DBB4F90410B5F9042091423BDCB4F993
:1057D0000610B5F90620914235DC96B3ADF800000D
:1057E0006088ADF80200324669462846FFF72AFF76
:1057F000002827D0A088ADF800006088ADF802002E
:10580000324669462846FFF71DFF00281AD0208837
:10581000ADF80000E088ADF802003246694628463F
:10582000FFF710FF00280DD0A088ADF80000E08839
:10583000ADF80200324669462846FFF703FF00280C
:1058400000D00120F8BD0020F8BDF8B50D46044693
:10585000B0F90400B1F900101646884243DBB4F9F0
:105860000600B5F9021088423DDBB4F90000B5F935
:105870000410884237DCB4F90210B5F906209142D1
:1058800031DC76B3ADF800006088ADF80200324636
:1058900069462846FFF7D6FE18BBA088ADF8000081
:1058A0006088ADF80200324669462846FFF7CAFE16
:1058B000B8B92088ADF80000E088ADF802003246A3
:1058C00069462846FFF7BEFE58B9A088ADF800002B
:1058D000E088ADF80200324669462846FFF7B2FE7E
:1058E00008B10020F8BD0120F8BDB0F90020B1F9E1
:1058F00000309A4213D1B0F90420B1F904309A4231
:105900000DD1B0F90220B1F902309A4207D1B0F9B5
:105910000600B1F90610884201D10120704700202D
:1059200070472DE9F0479846DDF820900D46064671
:10593000162A6FD2DFE802F0E8E81A2B344B5A63DC
:10594000650B6F71808F91A0AEB4BAC0C6DA3046D5
:1059500000F079F90446284600F075F904EBD4719B
:10596000491000EBD070A1EB6000AFE0304600F0D2
:105970006AF90446284600F066F904EBD471491030
:1059800000EBD070A1EB60009AE000220BE0304603
:1059900000F059F90446284600F055F9201A8FE026
:1059A0000024A8E002B230882988031970886C8826
:1059B0000244A8884344411AE8884A442B80001BCB
:1059C0006A801944A9801044E880BDE8F087304619
:1059D00000F039F90446284600F035F904EBD4719B
:1059E000491000EBD070A1EB600083E0304600F07E
:1059F0002AF90446284600F026F9201A7AE0002405
:105A000065E0304600F01FF90446284600F01BF917
:105A1000201A5BE078E0002417E0304600F013F92C
:105A20000446284600F00FF904EBD471491000EB4E
:105A3000D070A1EB600007E0304600F004F90446A6
:105A4000284600F000F9201A04B2E8886988401A54
:105A5000401C4042A6E7002417E0304600F0F3F86F
:105A60000446284600F0EFF804EBD471491000EB2F
:105A7000D070A1EB600007E0304600F0E4F8044687
:105A8000284600F0E0F8201A04B2F0887188401A25
:105A9000401C87E7A8882988401A401C40420FE034
:105AA000A8882988401A401C40420FE0A88829880D
:105AB000401A401C40421DE0B0883188401A401C0A
:105AC00004B262E7B0883188401A401C04B2304604
:105AD00000F0BFF80746284600F0BBF807EBD77187
:105AE000491000EBD070A1EB60005BE7B088318813
:105AF000401A401C04B2304600F0ABF80746284676
:105B000000F0A7F8381A4DE700243EE72DE9FE4FD4
:105B100017460C0005461E4602D1B7F5807F73D0AC
:105B200028883188401A01B2298068887288801AD2
:105B300000B26880002C69D0DFF824B1DBF80000E7
:105B4000A04244D02046B4F5616F01DDA4F5616048
:105B5000002801DA00F561600A2190FBF1F8C8F134
:105B6000000101EB810100EB410908F1010A0FFA84
:105B700088F000F0E3FE02900FFA8AF000F0DEFEFB
:105B800008F15A01019008B200F0D8FE0AF15A015A
:105B9000009008B200F0D2FE03460298C9F10A084C
:105BA00008FB00F10198009A00FB09110A2091FB03
:105BB000F0FC08FB02F103FB09120A2192FBF1F150
:105BC0004FEA6C124911CBE90121CBF80040B5F93D
:105BD0000010B5F90200B7F5807F21D0DBF808206E
:105BE000DBF8043002FB01F403FB1044B6F800C0FC
:105BF0007C434B430CEBA4442C8002FB00307188A7
:105C0000784301EBA0406880BDE8FE8F328879437D
:105C100002EB212129805988784301EB2020F2E70B
:105C2000DBF80830DBF8042003FB01F402FB10442E
:105C300037884A4307EBA4242C8003FB002071889B
:105C400001EBA020DFE781880088081A401C00B221
:105C50007047C1884088081A401C00B27047000095
:105C60006C02002010B5C468D4E9001088472046B3
:105C7000BDE8104000F07FBF70B506460D46082015
:105C800000F063FF041E0BD0024600211B4802F007
:105C90007DF930B1C4E90065012102F0ABF90120C2
:105CA00070BD204600F067FF002070BD2DE9F04771
:105CB00081468A46002002F0A8F904464FF0000809
:105CC0000E4F16E0204602F0A0F90546A068B84243
:105CD0000ED1E668316849450AD17168514507D14E
:105CE000204602F0AFF8304600F045FF4FF00108C3
:105CF0002C46002CE6D14046BDE8F087655C0208E2
:105D000078B58BB2D90AC2F1FF0411FB04F581B258
:105D1000C80A10FB0250803000EBC01505EBC03004
:105D2000C0F3C455BDF8000065F3CF20C3F345159B
:105D300015FB04F5C1F3451616FB0255803505EB3E
:105D4000C51606EBC535C5F3C55565F34A1003F016
:105D50001F0313FB04F301F01F0111FB023180311B
:105D600001EBC11202EBC131C1F3C45161F3040074
:105D7000ADF8000080B278BD08B5D308BDF80020AA
:105D800063F30402ADF800208A08BDF8001062F346
:105D90004A11ADF80010C108BDF8000061F3CF2032
:105DA000ADF8000080B208BD07B58107BDF804302A
:105DB00002D020F8023B521EBDF8041001EB014155
:105DC0000EE002C0103A02C040F8081B40F8041C64
:105DD00040F8101B40F80C1C40F8081C40F8041C4C
:105DE000102AEED803E000BF20F8023B521E002A22
:105DF000FAD10EBD38B5FF220C46054611461046B5
:105E0000FFF7BAFF0090BDF8000022462946FFF7D1
:105E100077FF0090BDF8000038BD38B50C46054648
:105E200000F04DF922462946FFF76AFF0090BDF8C1
:105E3000000038BD03B581B07F290AD00CD2C1F172
:105E40007F004FEA40604FEA10610198FFF7E5FFDD
:105E500008E0BDF804000EBD4800801CC1B20198E6
:105E6000FFF7C8FF0090BDF800000EBDF8B5C0EB0D
:105E700000204FF4B473B0FBF3F083B2C1EB012008
:105E80006421B0FBF1F0C2EB0222B2FBF1F110F0A1
:105E9000FF00CAB226D02B21B3FBF1F1C9B25524C1
:105EA00011FB04F4234403EB43035B061D0EC0F116
:105EB000FF0313FB02F31B0A10FB05F4FF26A6EBFE
:105EC00014245443240AC5F1FF0515FB00F0A6EB8A
:105ED00010205043050A052918D2DFE801F0060911
:105EE0000D1114001146084613E01046294601E042
:105EF000204611461A460CE0114618462A4608E08C
:105F00001846214605E02846194602E01046194683
:105F10002246FFF731FF0090BDF80000F8BDF0B554
:105F20008402FF20B4FBF0F48902B1FBF0F1A5B2CA
:105F30008CB29102B1FBF0F081B2A54203D28D4246
:105F400005D2284604E08C4201D2204600E00846F3
:105F5000A54203D98D4205D92A4604E08C4201D9D5
:105F6000224600E00A4664265643B60A66F31F63DB
:105F7000161A0027032E05DA184667F30F0067F399
:105F80001740F0BD6420704390FBF2F000F0FF0C6E
:105F900018466CF31740BCF1030F02D267F30F00F1
:105FA000F0BDAA420BD1621A920292FBF6F28C4229
:105FB00002D24FF4C05100E00021114412E0A2428D
:105FC00006D1491B890291FBF6F101F5006109E058
:105FD0008A4206D1291B890291FBF6F101F5805115
:105FE00000E00021C1EB01118900891201D501F502
:105FF000B47161F30F00F0BD80B2C10AC1EBC10200
:1060000002EB0121C91D490961F31743C0F3451192
:1060100001EB410202EB0121C91C890961F30F2345
:1060200000F01F00C0EBC00101EB0020C01D4009C3
:1060300060F30703FF2060F31F63DAB2C3F30721A5
:10604000C3F307406BE708B5132805D300F037F812
:106050000090BDF8000008BD1E4901EB400000881B
:1060600008BD08B5132802D209B1052905D900F0E9
:1060700026F80090BDF8000008BD491E154A00EB47
:1060800080002632C9B202EB400000EB41000088DC
:1060900008BD08B5132802D209B1042905D900F0BA
:1060A0000EF80090BDF8000008BD491E094AC9B2AB
:1060B000E43202EBC00000EB4100008808BD002282
:1060C00008B511461046FFF757FE0090BDF80000D6
:1060D00008BD0000900B04080421F84800F0DCBA69
:1060E00010B50446F54800F000FB08E008680078A9
:1060F000A04201D1086810BDF04800F049FB010042
:10610000F4D110BD10B5FFF7EBFF002805D04168B2
:1061100011B1BDE810400847012010BD2DE9F04144
:1061200017460E0005462BD03078FFF7D9FF040044
:1061300028D0616809B1884730B3A06830B33046D1
:1061400000F03FFA0146A3683A4620469847F8B166
:10615000411C1DD0C5E90004608870B1102000F01A
:10616000F4FCA860B0B1102100F0ACFEA9684FF0BB
:10617000FF300860A968400048600020BDE8F08159
:106180000B20FBE70320F9E70120F7E70920F5E7FB
:106190000C20F3E7FEE770B504464068B0B1C26872
:1061A000B2B12168904705466068408840B1A06858
:1061B00030B1C06808B100F0DEFCA06800F0DBFC84
:1061C000002020606060A060284670BD0B2070BD7C
:1061D000092070BD2DE9FF4F054680681446002751
:1061E000D0E90021D0E902808146686883B09A46F0
:1061F000B0F802B0424549D8884547D2A8EB020022
:1062000080B2ABEB0006A1EB08018E4200D30E4634
:10621000B44209EB000106D82246049800F0BEFD06
:10622000CAF8004066E03246049800F0B7FD00204E
:10623000019001A85C45009008D90498A31B82191D
:10624000D5E900100769B847074617E0D5E90010FF
:106250005B4607694A46B8470746A8684268026035
:10626000A968019802444A60A11B814200D20846F5
:1062700082B204984946304400F090FD01983044C1
:10628000A04200D20446CAF8004030E05C4508D97C
:10629000CDF800A0066929682346049AB04707464E
:1062A00025E0B9F1000F06D1584600F04EFCA96870
:1062B000C860F0B181460020019001A80090D5E9A6
:1062C00000105B4606694A46B0470746A868C0F812
:1062D0000080019AA86808EB02019442416000D254
:1062E0002246CAF800204946049800F057FD0FB135
:1062F00006E0FEE7A868DAF80010826811448160C1
:1063000007B03846BDE8F08F7CB51C0005464FF05D
:10631000000300D02360686850B1066956B101934C
:106320004388002B01AB07D02846FFF753FF09E055
:106330000B207CBD09207CBD00932D6813460A46C6
:106340002946B047002CF6D0019921607CBD7CB570
:106350001C00134602464FF0000600D0266050682D
:1063600068B145696DB1019601AE009616680A469E
:106370003146A847002C01D0019921607CBD0B203B
:106380007CBD09207CBDF8B545680446E5B1AE6921
:10639000E6B16B880020C3B3D2B1012A21D0022A12
:1063A00011D1134620680A4601462846B047002806
:1063B00009D1D4E900106A46C3699847002802D180
:1063C000A26800999160F8BD0B20F8BD0920F8BDC6
:1063D000A2689160A3680A461D68A9420CD3596857
:1063E00008E0A3689A680A449A60A1680B689A4218
:1063F00002D349688A42EAD9D4E9001000238469AB
:1064000001B0A446BDE8F0406047FFE713462068AE
:106410000A46014601B02846B446BDE8F040604750
:1064200030B402464068002448B1C36953B144887F
:106430005CB1906880680860002030BC70470B2019
:106440000C60FAE709200C60F7E714680A46214659
:1064500030BC184770B50D00064618D02878FFF7F5
:106460003FFE040015D0616809B1884798B1206AE1
:1064700098B1284600F0A5F80146226A20469047C8
:1064800068B1411C0BD0C6E90004002070BD0B2090
:1064900070BD032070BD012070BD092070BD0C20AF
:1064A00070BD30B402464068002448B115683DB163
:1064B000436A43B10A46294630BC184750FB0020C6
:1064C0000C700B20B9E70C700920B6E710B5044634
:1064D000406840B1216831B1826A32B190470021F1
:1064E0002160616010BD0B2010BD092010BD30215E
:1064F00000F0E8BC10B50446354800F0D5F808B106
:10650000046010BDFEE770B505460024304800F079
:10651000ECF807E0086800782855641CE4B22C48C1
:1065200000F036F90100F5D12855284670BD10B5A8
:10653000044612F0A0FD40B1215C2E2907D02F297E
:1065400003D05C2901D0401EF6D122A010BD20440A
:10655000401C10BD10B5044612F08DFD98B100210D
:1065600001E0215478B1401E225C2F2AF9D05C2A28
:10657000F7D040B1225C2F2A03D05C2A01D0401E04
:10658000F7E700B12154204610BD10B5044612F0C3
:1065900072FDA0B1401E215C2F2909D05C2907D0D3
:1065A00068B1215C2F2906D05C2904D0401EF7E792
:1065B0000028EFD103E010B12044401C10BD20465C
:1065C00010BD10F8011F3A2900D1401C704700008F
:1065D00050FB00200000000010B50C212B4800F0FB
:1065E00071FC2A480C210C3000F06CFC27480C216F
:1065F000183000F067FC25480C21243000F062FCC4
:1066000022480C21303000F05DFC20480C213C3049
:1066100000F058FC1D480C21483000F053FC1B488A
:106620000C21543000F04EFC0421194800F04AFCC3
:1066300016482C21603000F045FC15480421001D4F
:1066400000F040FC114880218C3000F03BFC7021B0
:10665000104800F037FC0F488021703000F032FC09
:106660000B480421083000F02DFC094804210C30AF
:1066700000F028FC06480421103000F023FC0448F8
:106680000421BDE81040143000F01CBC2CFB00209D
:106690007802002038FC002000224260C91C21F052
:1066A000030182600160704770B5044600680830DD
:1066B00000F04BFA050013D001460022204600F0FE
:1066C00032F929462046626800F032F9616819B152
:1066D0002A46204600F027F96560A06800B9A56049
:1066E000284670BD006840587047002800D04068B8
:1066F00070472DE9F0410C4606000AD04CB1FFF777
:10670000F4FFA04208D13046FFF7CEFF051E01D0AE
:106710001EE00020BDE8F0813068083000F015FA76
:10672000051EF7D030682A4607593046394600F032
:10673000FFF83A462946304600F0F5F82A46214649
:10674000304600F0F0F822462946304600F0F0F8D6
:106750002846DFE770B504460068083000F0F5F918
:10676000050013D001460022204600F0E1F829463A
:106770002046A26800F0D7F8A16819B12A46204641
:1067800000F0D6F8A560606800B96560284670BD65
:106790000068091D40587047002800D08068704785
:1067A00070B504000DD0FFF7A0FF002288422046FC
:1067B00008D1FFF7EDFF6060011E01D000221EE04E
:1067C000A26070BDFFF7E8FF8842206808440AD144
:1067D0000168A16029B12046BDE87040002200F0A8
:1067E000A7B8626070BD05682046FFF7D1FF064676
:1067F00002462946204600F09BF82A4631462046AC
:10680000BDE8704000F08FB870B50546FFF76DFF2A
:1068100004460CE021462846FFF7BAFF064621460B
:106820002846FFF7BDFF204600F0A5F93446002CAE
:10683000F0D170BD70B50C461E4615461146FFF7E7
:10684000AFFFAEB100222946204600F06CF8294681
:106850002046626800F06CF8616819B12A4620464B
:1068600000F061F86560A068002800D1A56070BDE7
:1068700029462046A26800F056F800222946204604
:1068800000F056F8A16819B12A46204600F050F8E9
:10689000A56060680028EAD1656070BD00B5034658
:1068A0000022FFF722FF03E01846521CFFF770FF9B
:1068B0000100F9D1104600BD2DE9F04114460E4605
:1068C0000746A14225D014B13868055902E0FFF708
:1068D00063FF0546AE421CD031463846FFF760FFE5
:1068E00032462946384600F023F82A4631463846D3
:1068F00000F019F832462146384600F014F82246D6
:106900003146384600F014F804B9BE60002D00D1BD
:106910007E60FFE628B1416809B9806808B10020AF
:10692000704701207047002901D00068425070472D
:10693000002902D00068091D425070474FF4B4711D
:1069400090FBF1F201FB1200002802DA00F5B470AE
:1069500000B273495A2802DA31F910007047A0F1E9
:106960005A025A2A03D2C0F1B40000B2F4E7A0F1EF
:10697000B4025A2A01D210B202E0C0F5B47000B2DB
:1069800031F81000404200B27047F0B5C0F58064A5
:1069900004FB04F5AD0A05FB04F64FEA962C00FB58
:1069A00000F6B60A06FB00F745435543BF0A0CFB49
:1069B00001FC74434FEA9C2105EB45005C43DDF884
:1069C00014E004EB440201EB105007FB0EF700EB60
:1069D000125000EB9720F0BD30B504020020831860
:1069E00003FB03F5A54200D818465208F7D1020967
:1069F00000070A80000E488030BD0022002801DA1E
:106A000001224042002901DA4942921C884207D9FA
:106A1000C1EB011101EB4101B1FBF0F3103205E0D4
:106A2000C0EB001000EB4000B0FBF1F30020D9B246
:106A300016290BD92C2900D80120292900D8401C5F
:106A4000252900D8401C20290BD90BE0022900D3AE
:106A50000120062900D3401C0A2900D3401C0F291D
:106A600000D3401C1844D10601D5C0F15A0091074B
:106A70004FEAC27105D509B1B43005E0C0F1B400E8
:106A800002E009B1C0F5B47080B2704770B50C4631
:106A90000123002110E0D50706D01D46A5FB0036D6
:106AA00001FB006105FB0411A0FB005604FB00661E
:106AB00000FB046452102846002AECD1184670BD31
:106AC00010B58A42029C01DB904207DA8A4201DB60
:106AD000884209DD8A4203DC904201DC204610BD79
:106AE0008A4203DC884201DB184610BD521AE41AC0
:106AF000401A604390FBF2F0184410BD094B091A8C
:106B0000491C1A6882EA423282EA524282EA4212FE
:106B10001A60B2FBF1F301FB132108447047000037
:106B20000C0D04089002002010B54FF43441F948D0
:106B300001F0CEFCF849486010BDF74810B5406838
:106B400001F0D4FCBDE81040EEE770B5040010D0B1
:106B5000F14D0146686801F0CDFC010007D0A8683E
:106B60002044A860EA68904200D81046E8600846D1
:106B700070BDE94870BDE84910B588420DD00028C5
:106B80000BD0E54C0146606801F013FDA16881421D
:106B900001D9081A00E00020A06010BD10B531B185
:106BA000DD4A904207D1BDE810400846CDE7FFF727
:106BB000E2FFD94810BD0A460146D7484068BDE803
:106BC000104001F021BD10B5D34CD4492068884253
:106BD00009D1606801F064FB28B9606801F087FCA6
:106BE00001F0F3FB08B1002010BD012010BD1AB167
:106BF0001869401C186170475868401C58609868B4
:106C000008449860D8688842F5D2D960704710F07F
:106C100003030AD0C3F1040304E000BF521E00F8CE
:106C2000011B5B1E0BB1002AF8D101EB012303EB22
:106C3000014303EB01630EE008C0203A08C040F8AE
:106C4000083B40F8043C40F8103B40F80C3C40F84E
:106C5000083C40F8043C202AEED801E008C0121F8E
:106C6000042AFBD803E000BF00F8011B521E002AD3
:106C7000FAD1704770B504461C220021FFF7C7FF08
:106C8000A54D686801F033FC2246A54901F079FB67
:106C90004FF434412160A06864224243B2FBF1F119
:106CA000C1F16401217638B1E16864225143B1FB3E
:106CB000F0F0C0B2C0F164006076E868606170BD59
:106CC0002DE9F04105000BD00022964C4FF0FF302B
:106CD000012600BF04EBC2018B79DB0703D014E06F
:106CE0000020BDE8F0818988A9420ED305D104EBCC
:106CF000C200867154F83200F3E7002804DB04EB8D
:106D0000C0039B88994200D250B2521CD2B2102AC2
:106D1000E0D3002805DB04EBC0018E7154F830008D
:106D2000DFE7002704EBC7008079C00704D07F1C91
:106D3000FFB2102FF6D3FEE754F837002946FFF7CD
:106D40002DFF30B104EBC7018E718D8044F8370000
:106D5000C7E7FEE7734A002152F83130834204D17D
:106D600002EBC101002088717047491CC9B210298B
:106D7000F2D3704770B500246A4E254656F83400A9
:106D800038B1FFF7F8FE06EBC40046F834508571C1
:106D90008580641CE4B2102CF0D370BD30B500F0D7
:106DA000030401F003050346A54243D14EE00C78ED
:106DB0001C704C785C708C789C70CC78DC700C7992
:106DC0001C714C795C718C799C71CC79DC710C7A7A
:106DD0001C724C7A5C728C7A9C72CC7ADC720C7B62
:106DE0001C734C7B5C738C7B9C73CC7BDC730C7C4A
:106DF0001C744C7C5C748C7C9C74CC7CDC740C7D32
:106E00001C754C7D5C758C7D9C75CC7DDC750C7E19
:106E10001C764C7E5C768C7E9C76CC7EDC760C7F01
:106E20001C774C7F5C778C7F9C77CC7FDC77203124
:106E3000203A2033202ABAD805E000BF11F8014BD0
:106E400003F8014B521E002AF8D130BD4CB3C4F1F7
:106E5000040405E011F8015B521E03F8015B641E97
:106E6000FCB1002AF6D11CE010C9203A10C310C9A9
:106E700010C351F8084B43F8084B51F8044C43F841
:106E8000044C51F8104B43F8104B51F80C4C43F89C
:106E90000C4C51F8084C43F8084C51F8044C43F89A
:106EA000044C202AE0D802E010C9121F10C3042AA3
:106EB000FAD804E011F8014B03F8014B521E002AE6
:106EC000F8D130BD10F003034FF0000219D0C3F128
:106ED000040303E0491E00F8012B5B1E8BB100295F
:106EE000F8D1704704C0203904C040F8082B40F89E
:106EF000042C40F8102B40F80C2C40F8082C40F8DB
:106F0000042C2029EED801E004C0091F0429FBD875
:106F10000DE0000028FD002094020020D4C3B2A19F
:106F2000EF6B0208B8FB002000F8012B491E002976
:106F3000FAD1704710F003024FF0FF030AD0C2F1FC
:106F4000040203E0491E00F8013B521E12B1002961
:106F5000F8D170474FF0FF320EE004C0203904C072
:106F600040F8082B40F8042C40F8102B40F80C2C6B
:106F700040F8082C40F8042C2029EED801E004C089
:106F8000091F0429FBD802E000F8013B491E002933
:106F9000FAD1704770B5044600256FF02F0608E05F
:106FA0002068411C2160007805EB850106EB41015A
:106FB00045182068007800F05DFB0028F0D12846D5
:106FC00070BD2DE9FC5F9B460CAB8A468146DDE92E
:106FD000116093E81210DDE90F575FEA80784FF0F7
:106FE00030031AD45EB15FEAC07808D000F00C0814
:106FF00058EA0C0803D0761E01E00B55641CBC4215
:1070000004D2202CF9D301E00B55641C5FEAC07850
:1070100003D0B44201D2202CF6D35FEAC06825D554
:107020005FEA40580AD44CB1BC4201D0B44205D109
:10703000641E03D0102D03D1641E04E0102D02D075
:10704000022D0AD00EE0850603D4202C1ED278250E
:1070500006E0202C1AD2582502E0202C16D26225F8
:107060000D55641C202C11D20B55641C202C0DD204
:10707000BCF1000F01D02D2306E0430701D52B23DF
:1070800002E0030702D520230B55641CCDE900BAAA
:10709000C846154681468B46AA46800714D1274626
:1070A00007E02A46DDE900316D1C2020C446E04798
:1070B0007F1CB742F5D307E02A466D1C641EDDE94C
:1070C00000311BF80400C047002CF5D15FEA89703D
:1070D00006D409E02A46DDE900316D1C2020C047B6
:1070E000A5EB0A00B042F5D32846BDE8FC9F2DE988
:1070F000F04F8FB099468B46DDE91818DDE91C6327
:10710000DDE91A4792468646002209B923F01003AA
:10711000580507AD00D5C9B1B1FBF4F004FB101060
:10712000C0B20A2801D2303009E05FEA836C02D590
:107130004FF0410C01E04FF0610C60440A38B1FBA4
:10714000F4F1A854521C09B1202AE5D3CDF80880E7
:10715000CDE90563CDE90052CDE903474B465246E0
:1071600059467046FFF72DFF0FB0BDE8F08F2DE9AF
:10717000FF4F8FB01CACDDE9239594E8030820ACE9
:1071800094E8C004002450EA010201D125F0100562
:107190006A050DF11C0802D550EA010217D03246EB
:1071A0003B4611F0EDFED2B20A2A01D2303206E09F
:1071B000AB0601D5412300E061231A440A3A08F8DE
:1071C0000420641C50EA010201D0202CE7D3CDE951
:1071D0000084CDF808B0CDE90595CDE9036A0FAF7D
:1071E00097E80F00FFF7EDFE13B0BEE72DE9FF4F64
:1071F00089B005460A9800249246002800D1FE4D29
:107200008FE1252804D02246641C53460A990BE2DC
:10721000491C4FF0000808460C9101782B2919D021
:1072200004DC202919D0232904D119E02D290ED0FE
:10723000302909D00026C8B200F01CFAB0B10CA861
:10724000FFF7A8FE06461FE048F001010AE048F0FB
:10725000020107E048F0040104E048F0080101E001
:1072600048F01001401C88460C90D6E70C9908782D
:107270002A2809D1169840C81690002E02DA48F044
:1072800002087642491C0C910C984FF0000B0178D3
:107290002E2919D1401C0C9048F48068007800F029
:1072A000E9F920B10CA8FFF775FE83460CE00C9AB3
:1072B00010782A2808D1169802C81690002900DCF8
:1072C0000021521C8B460C920C9801786C290AD034
:1072D00004DC68290FD06A2919D128E0742929D043
:1072E0007A2914D126E0401C0C90017848F480786B
:1072F0006C291CD00BE0401C0C90017848F08008F1
:10730000682904D148F04001401C88460C90024690
:107310000078692822D015DC62281FD00DDC2528D2
:1073200071D050281AD058287FF46DAF16E048F479
:107330000071E9E748F48071E6E7632878D06428B3
:10734000F2D10BE0732874D004DC6F2806D07028CB
:10735000EAD103E0752801D07828E5D178280DD04E
:1073600058280BD070280BD0502809D06F2816D081
:10737000622816D00A2128F0100016E0102107E03C
:107380005078102148F48878562804D1521C0C9269
:107390001078582807D01078502804D006E008212B
:1073A00009E0022107E048F02000804610786928B3
:1073B00003D0642801D028F00C085FEA485001D5BA
:1073C00028F00108107869281ED064281CD056289F
:1073D00064D05FEA885072D5169804ABC01D0022B5
:1073E00083E806080292CDE9076820F007005346BB
:1073F000F0E80212CDE900121690224628460A99BA
:10740000FFF7B5FE89E00AE15FEA885024D51698B7
:1074100004AFC01D20F00703F3E802021693002317
:1074200087E80A08CDE90768002A03DA012102E0AB
:1074300080E0A6E000210023029119461B1A914129
:1074400001DA114603E00021404261EB020153469C
:107450002246CDE90001D1E75FEAC85004D516986D
:1074600004C80FE0524215E05FEA486003D5169861
:1074700010F8042B06E05FEA0860F0D5169830F8A3
:10748000042B12B21690CDE9021BCDE90468D00F8F
:10749000002AE7DDCDE9002053461EE01698AAEB4E
:1074A000040202C816904868006800900A980B68A9
:1074B00001192846FFF79AFE04442FE0FFE75FEA30
:1074C000C8500CD5CDE9021BCDE9046816980021FF
:1074D000534604C8CDE900211690224619E05FEA20
:1074E000486003D5169810F8042B08E05FEA08609E
:1074F000169803D530F8042B92B200E004C8169019
:107500000020CDE90020CDE9021BCDE904685346F7
:10751000224628460A99FFF7EAFD04460C98401CCB
:107520000C900C99087800287FF46BAE54457DD2FE
:1075300022467DE001275FEA887006D509E02246F1
:10754000641C534620200A99A84738467F1CB04245
:10755000F5D316992246641C11F8040B1691534674
:107560000A99A8475FEA887006D4D7E72246641CC8
:10757000534620200A99A84738467F1CB042F5D3CD
:10758000CCE7169850F8049B16904B46BBF10000D0
:1075900001D0014601E04FF0FF31484600E0401CB9
:1075A00002780AB1491EFAD2C71A5FEA485003D5D9
:1075B00058465F4500D307465FEA887006D512E05B
:1075C0002246641C534620200A99A84738467F1C4F
:1075D000B042F5D307E000BF224609F10109641C5F
:1075E00053460A99A84799F8000040B15FEA48510C
:1075F000F2D5BBF1010B01E073760208ECD25FEA31
:10760000887006D48AE72246641C534620200A99D3
:10761000A84738467F1CB042F5D37FE706E02246F4
:10762000641C534625200A99A84777E7AAF101026E
:10763000534600200A99A84720460DB095E50FB49F
:107640000A4608B505A9009101460E48049BFFF7BC
:10765000CDFD01B05DF814FB08B5009313460A4652
:1076600001460848FFF7C2FD08BD9A4200D288547F
:10767000704770473038092801D801207047002032
:10768000704700006B76020808B5D308BDF80020EB
:1076900063F30402ADF800208A08BDF8001062F31D
:1076A0004A11ADF80010C108BDF8000061F3CF2009
:1076B000ADF8000080B208BD1CB50022FF214528AE
:1076C00053D01EDC302842D00EDC22283FD006DC0E
:1076D000032851D006284FD020282ED133E025286A
:1076E00043D0292829D140E0362830D004DC312885
:1076F0003BD0332821D13AE0372836D044281CD15A
:1077000025E0532831D00CDC4D2820D004DC46285D
:107710002BD0472811D11AE04E2826D052280CD160
:1077200015E0572826D004DC552810D0562804D15F
:107730001BE0602819D06C2802D0009200981CBD74
:107740004FF4807014E0FF221146104602E0002240
:1077500011461046FFF798FF0190BDF80400019014
:10776000BDF80400ADF80000E8E70091E6E70F205F
:107770000090E3E7DB48FBE741F6FF70F8E70821FC
:10778000FFF7A0BB10B504468088A0F57F41FF3904
:107790000BD0E079012802D92068FFF7ECF92046E8
:1077A000BDE810400821FFF78DBB10BD2DE9F04169
:1077B000CD4D0646CD4C286818B9002161606F2177
:1077C000218021884A1C12F4404F02D00020BDE8DD
:1077D000F08162686E398A420AD21F3131F01F0788
:1077E00010D03946FFF7DAF90028F0D0286067603A
:1077F0002088401C80B22080296821B1014401F812
:10780000706CE4E7FEE7FEE7B84800886F3880B2A6
:1078100070472DE9F0410F4681880446A1F57F406D
:10782000FF3851D0E0790028D1D0012804D0266853
:10783000002106EB800545E021F44040B84243D1E9
:107840000020A080E0713AE035F8112022F4404297
:10785000BA4236D1022811D0401E00EB4000400051
:10786000FFF773F901002FD02160E079401EC0B20C
:10787000E07101EB80030020024619E00120E07175
:1078800021B12888A0803068206015E06888A08039
:107890007068F9E735F810C0BC4508D056F820E00C
:1078A00041F822E035F810C023F812C0521C401CE9
:1078B00094F807C08445EDD23046FFF75CF901200B
:1078C00085E7491C8842BFD8002080E710801960F6
:1078D0007047C0F30410072800D9072070472DE92E
:1078E000F047044680888946A0F57F411D46FF3950
:1078F00068D0E17929F4404617464FF00108012984
:1079000036D92268084602EB81030BE033F810C039
:107910002CF4404CB44505D102EB800103EB40024E
:107920000B462CE0401EF1D5491C01EB4100410003
:107930001046FFF733F9010044D02160E07901EBF4
:10794000800205E002EB400C32F81030ACF8043055
:10795000401EF7D5E079401CC0B201EB800303EB79
:107960004002191FE0710B4639464846921E20E03E
:107970002AD120F44040B04207D12346221D394687
:107980004846AC46BDE8F04760470C20FFF7DDF8FD
:10799000002817D021682060E279521CD2B2E2712F
:1079A00000EB8202A38822F8023B031D01603946E6
:1079B0004846A8473046FFF78CFFA17908FA00F245
:1079C0001143A171BDE8F08784F807802346221D8A
:1079D000EDE7474B83E7108070471143464A454B1C
:1079E00012687CE700F034B82DE9F0470F46DDE976
:1079F00008891E46154604461421FFF763FA2760DE
:107A000005B93E4DC4F80490083484E86001D9E714
:107A1000C07908B10020704701207047A0F57F4170
:107A2000FF3906D0002805D0702804D23249091D3C
:107A30000AE01F2070472C49703880B2096829B1CC
:107A40002A4A5268904201D2085C70470020704771
:107A500070B514468288A2F57F43FF3B08D0C579F4
:107A60007DB3012D2ED90668002206EB850326E0A2
:107A700002680CE023F44040884207D1190427D45F
:107A8000590415D450682060012070BD0832138855
:107A9000002BEFD124E000BF33F8120020F4404067
:107AA00088420BD133F812100B0411D4490402D5CB
:107AB000FFF702FEE7E706EB82000FE0521C95425B
:107AC000EAD80DE022F440438B4209D1110401D5DC
:107AD000022070BD510401D51846E9E70068D2E7DD
:107AE000002070BD740B04088C020020A40200204A
:107AF000CD780208D7790208C40D0408C1500208E5
:107B00000A460121FFF765BF0A460221FFF761BF60
:107B10000A460321FFF75DBF0A460421FFF759BF5C
:107B20000A460521FFF755BF0A460621FFF751BF58
:107B30000A460721FFF74DBF0A460821FFF749BF54
:107B40000A460921FFF745BF0A466821FFF741BFF2
:107B50000A466921FFF73DBF0A466A21FFF739BF90
:107B60000A466B21FFF735BF0A466C21FFF731BF8C
:107B70000A466D21FFF72DBF0A466E21FFF729BF88
:107B80000A466F21FFF725BF0A461021FFF721BFE4
:107B90000A461121FFF71DBF0A461221FFF719BF40
:107BA0000A461321FFF715BF0A461421FFF711BF3C
:107BB0000A461521FFF70DBF03B482B0BDF80C10C3
:107BC000ADF80010009A202104B0FFF702BF0A466A
:107BD0002121FFF7FEBE03B482B0BDF80C10ADF852
:107BE0000010009A222104B0FFF7F3BE0A462321B9
:107BF000FFF7EFBE0A462421FFF7EBBE0A46252118
:107C0000FFF7E7BE0A462621FFF7E3BE0A46272113
:107C1000FFF7DFBE0A462821FFF7DBBE0A4629210F
:107C2000FFF7D7BE03B482B0BDF80C10ADF800105A
:107C3000009A2A2104B0FFF7CCBE0A462B21FFF799
:107C4000C8BE0A462C21FFF7C4BE03B482B0BDF8FB
:107C50000C10ADF80010009A302104B0FFF7B9BE47
:107C60000A463121FFF7B5BE0A463221FFF7B1BE01
:107C70000A463321FFF7ADBE0A463421FFF7A9BEFD
:107C80000A463521FFF7A5BE03B482B0BDF80C103B
:107C9000ADF80010009A362104B0FFF79ABE0A46EC
:107CA0003721FFF796BE0A463821FFF792BE0A46F3
:107CB0004021FFF78EBE0A464121FFF78ABE0A46E1
:107CC0004221FFF786BE0A464321FFF782BE03B476
:107CD00082B0BDF80C10ADF80010009A442104B039
:107CE000FFF777BE0A464521FFF773BE0A464621D5
:107CF000FFF76FBE03B482B0BDF80C10ADF80010F2
:107D0000009A472104B0FFF764BE0A464821FFF7F6
:107D100060BE0A464921FFF75CBE0A464A21FFF7CA
:107D200058BE0A464B21FFF754BE0A464C21FFF7C6
:107D300050BE03B482B0BDF80C10ADF80010009A2C
:107D40004D2104B0FFF745BE0A464E21FFF741BE64
:107D50000A465021FFF73DBE0A465121FFF739BEC2
:107D600003B482B0BDF80C10ADF80010009A522197
:107D700004B0FFF72EBE0A465321FFF72ABE0A467B
:107D80005421FFF726BE03B482B0BDF80C10ADF845
:107D90000010009A552104B0FFF71BBE0A46562179
:107DA000FFF717BE0A465721FFF713BE0A465821B0
:107DB000FFF70FBE0A465921FFF70BBE0A465A21AC
:107DC000FFF707BE0A465B21FFF703BE0A460B21F9
:107DD000FFF7FFBD0A461721FFF7FBBD0A466021EA
:107DE000FFF7F7BD0A466121FFF7F3BD0A4662219E
:107DF000FFF7EFBD0A466321FFF7EBBD0A4664219A
:107E0000FFF7E7BD0A466521FFF7E3BD0A46662195
:107E1000FFF7DFBD0A466721FFF7DBBD0A460A21EF
:107E2000FFF7D7BD0A461621FFF7D3BD8149087079
:107E3000704710B518218048FEF72EFC7D490120BF
:107E4000087010BD10B5044601467B48FEF7A8FC3B
:107E500078490120C8702046BDE81040FEF78BBE6F
:107E60002DE9F047734CA07810B10120BDE8F087F0
:107E70000120A0702078002628B1FDF79EF85FEA67
:107E8000000902D007E0A670EFE72069401C2061DE
:107E9000642800D92661694D4FEA060884F80380FA
:107EA00084F804806448FEF720FC286037E06248CC
:107EB000FEF76EFC2E680746307DC0072ED1824645
:107EC000304600F0AAF888B93069B0F1000A01DD47
:107ED000401E3061FDF771F87060B16821B1BAF1F0
:107EE000000F01D0304688474FF0010AE07820B9F2
:107EF000306910B93046FFF7A5FFBAF1000F0DD079
:107F00002079E178084309D028680028C6D100BF4D
:107F10004FF0FF354848FEF7E8FB11E02F60296875
:107F20000029C4D1F4E7307DC00705D1304600F008
:107F300074F8A84200D2054631463F48FEF728FCB7
:107F40000600F0D14846FDF740F8E1680844E060DB
:107F5000A068FDF73AF8B0F5FA7F13D3E168642220
:107F60005143B1FBF0F0C0B26070642801D9002029
:107F700001E0C0F1640060702646C4F80C80FDF793
:107F80001CF8B06084F8028028466FE72DE9F041C4
:107F9000074615460E462848FEF786FB040010D01B
:107FA000A7604FF0FF302660206100206061FDF780
:107FB00004F8E5601F496060012008712046BDE8B3
:107FC000F081FEE700224FF4FA711046DEE781608F
:107FD0007047012141617047002141617047016094
:107FE000704710B50446FCF7E8FF2168401A401EB0
:107FF000606010BD0161704710B50446FCF7DDFFFD
:10800000606010BD0B484078704718B101460A48BF
:10801000FEF7BEBB0848FEF768BB10B504464068D3
:10802000FCF7D3FF2168814201D8002010BD081A57
:1080300010BD0000AC0200202CFB00207C020020C0
:1080400070B5D1E90245D5B1D4B1E560AC6000EBC3
:10805000C21505EB8305EE6B8E420FD1EC638442B3
:108060000CD100EB820501216C6901FA03F39C43FA
:108070006C6103D1036991408B43036170BDFEE7DE
:10808000FEE72DE9FC47054648680C4620F0030052
:1080900001AA694600F086FBDDE9007005EBC71117
:1080A00001EB80098046D9F83C0060B164B1C4E9B5
:1080B000020504F10806C4603046042100F050FBBC
:1080C000864202D0FEE7FEE7FEE7C9F83C40012009
:1080D000296900FA07F21143296105EB870100FACB
:1080E00008F04A6902434A61BDE8FC872DE9F04186
:1080F0000D46044600F10801281F0E18606806F1BD
:10810000080720F00300401BA0F1040838460421B2
:1081100000F026FB874200D0FEE7606820F00301F4
:1081200008EB0500001D814200D0FEE7307900F029
:10813000030040EA0800706020F003000C2800D221
:10814000FEE7207900F0030028436060304600F02D
:10815000EDFA3046BDE8F08170B506460D4608469A
:1081600000F0D3FA040010D02079C0070BD0686863
:1081700080080BD02146304600F02AFB21462846D5
:1081800000F041FB0546284670BDFEE7FEE72DE9FD
:10819000FC4706464FF000000D0000900746019096
:1081A00042D00C46E9460DF10408802907D3084661
:1081B00000F0A4FA411F01208840401E04444246BA
:1081C0004946204600F0EEFA009C0A2C2CDA06EB19
:1081D0008400019A40694FF0FF3101FA02F2104029
:1081E0000CD1641C3069A14008401DD000F07EFA1B
:1081F0000446009006EB8000406978B100F076FA02
:10820000034606EBC411019001EB8000C76B5FB120
:10821000786820F00300A84201D2FEE7FEE7394665
:108220003046009AFFF70CFF38465DE770B506460A
:108230000C004FF000001ED0F2B120791546C007A7
:108240001BD01146204600F0D4FA78B129462046CA
:10825000FFF74CFF0546204600F062FA68682946A1
:1082600040F0020068603046FFF70BFF204600F048
:108270006AFA04F1080070BDFEE7FEE730B550F879
:10828000040C1D68C0F3400400F0010220F003005C
:10829000A54200D0FEE7814200D0FEE71A6030BD63
:1082A0002DE9FE4F0446002006464FF0010B0090DA
:1082B00000270BFA06F804EB860A04EBC61909EB53
:1082C00087032269DAF814100BFA07F0DD6B12EA63
:1082D000080F00EA010001D128B1FEE718B129B169
:1082E000A54242D1FEE7A54241D0FEE7FEE769681C
:1082F000C80702D0880701D5FEE7FEE7284600F050
:1083000004FA007910F0010F00D0FEE7284600F0D3
:10831000FCF9007910F0010F02D00098401E009087
:10832000284600F0F2F9007910F0020F07D0284635
:1083300000F0EBF9007910F0020F01D003E0FEE746
:108340000098401E0090686820F003000C2800D2BE
:10835000FEE702AA01A900F025FA0198B04202D175
:108360000298B84200D0FEE7AD68A542BFD17F1C9D
:10837000202FA4DB761C0A2E9ADB0098BDE8FE8F26
:10838000704770B5164601B9F949001F0D460CE05B
:1083900010F0010F0FD0002220F0030104F10800BB
:1083A0003346A847204600F0B0F9040002D06068C8
:1083B0008108EDD170BD0122EEE7002118B150F81F
:1083C000040C20F00301084670471CB50021009101
:1083D00001916A46E749FFF7D4FF01981CBD40F2BE
:1083E0003C507047042070470C2070474FF4803099
:1083F0007047082070470420704770B50346083A5C
:108400000C4602F00300111AA00705D1A1F10C00DF
:108410004FF6F572904201D3002070BD2078251FE1
:1084200000F00300084320F0020040F00101216049
:1084300029461846FFF725FE284600F071F9017914
:1084400002214160204670BD7FB505460020091F0E
:108450000190009008790C46C00707D0084600F04C
:1084600054F9007910F0010F01D0FEE7FEE7204635
:1084700000F04BF9406830F0030000D0FEE7606880
:108480006A4620F0030001A900F08CF9DDE9003212
:1084900021462846FFF7D4FD7FBD70B5810701D086
:1084A000002070BD00238060C0E90303194600BFAF
:1084B00000EB810200EBC1145361002204EB820641
:1084C000521CF063202AF9DB491C0A29F0DB70BD3D
:1084D00070B50D460446FFF7E0FF0646A5F23C5294
:1084E00004F23C51FFF789FF304670BD704700F23F
:1084F0003C50704770B50A4605460421104600F00E
:108500003CF9044601462846FFF741FE0146224653
:108510002846BDE8704089E62DE9F0478846814647
:108520000421104600F029F9074640444146103026
:1085300000F023F917B1B8F1040F00D8384601460E
:108540004846FFF724FE04002DD004F108064146FA
:10855000304600F005F9851B25D0102D0DD2C5F150
:108560001001414500D841460844414600F0F8F862
:10857000851B18D0102D00D2FEE72646294620463E
:1085800000F037F978B1291F3046FFF7AFFD0446F8
:10859000406840F002006060304600F0C1F83146AB
:1085A0004846FFF76EFD3A4621464846BDE8F0478B
:1085B0003CE62DE9F041002611B3083905464E6826
:1085C0000C46F00700D0FEE7084600F0AFF821792E
:1085D000284689070CD52768A7B13979C90712D071
:1085E000394600F0F5F82146384600F00CF904460B
:1085F00021462846FFF7B0FD01462846FFF741FD1A
:108600003046A7E5FEE7FEE72DE9F05F90460C0057
:1086100081464FF0000522D0B8F1000F1BD0A4F125
:108620000805284600F071F882466868042120F0A9
:108630000307DAF8040020F00300384400F1040BCB
:10864000404600F09AF80646B84500D966B1287948
:10865000C0070CD0FEE74846FFF7ABFF44E01146E9
:10866000FFF748FF05463FE00020BDE8F09FBE420F
:1086700016D99AF80400C00701D05E4510D94146CA
:108680004846FFF737FF05002ED04046474500D348
:1086900007463A4621462846FEF780FB2146DAE7A0
:1086A000BE4206D929464846FFF756FD284600F047
:1086B0004AF828794F46C00700D0FEE731462846E1
:1086C00000F097F878B131462846FFF70FFD0146D4
:1086D000406820F0020048603846FFF73DFD014643
:1086E0003846FFF7CEFC25462846BEE7C143491C65
:1086F0000840B0FA80F0C0F11F00704718B1B0FA1E
:1087000080F0C0F12000401E7047426800F108016F
:1087100022F00300001F0844910800D1FEE77047D3
:1087200010B50446FFF7F1FF046010BD10B5044614
:10873000FFF7F6FF416841F002014160606840F0D8
:108740000100606010BD10B50446FFF7DEFF416810
:1087500021F002014160606820F00100606010BDFE
:1087600008444A1E401E9043114205D0FEE7000017
:10877000818302087D820208704710B502004FF025
:1087800000000CD04B1E194200D0FEE70A44521ED6
:108790009A43B2F5803F02D20C2A01D9104610BD8F
:1087A0000C2010BD70B515460E460446802805D233
:1087B000E117002004EB9171891006E0FFF79EFF9E
:1087C000411FCC4084F02001801F3060296070BDC3
:1087D0007CB5054648680C4620F0030001AA6946AE
:1087E000FFF7E0FFDDE9002321462846FFF728FCDC
:1087F0007CBD4068103120F00300884201D3012085
:1088000070470020704710B50446406882080AD0BF
:10881000496821F00301091D084460602046FFF704
:108820007FFF204610BDFEE700230278232902D0F7
:10883000012A0DD00FE02AB10021012A04D0022A1A
:1088400004D008E0012101E0017004E0017001E0C2
:10885000202902D00123184670470221F6E72DE9AE
:10886000F041FA4D90460E466A681C460746194686
:108870009047306020B120686A68384400219047F2
:10888000C8F80000BDE8F0812DE9FF471E46DDF87D
:10889000309090460D4607000CD0B8F1000F09D07B
:1088A0003878002807D00020044602908DF80C008C
:1088B000EDB923E0002004B0BDE8F08702AB01AAC7
:1088C00069463846FFF7CBFF5FEAC97004D003A8BA
:1088D0000099FFF7A9FF50B9DDE900124046FBF708
:1088E00066FD00B2002802DD2044304404B2029844
:1088F000A842E3D3002C01DDA01B04B22046DAE736
:108900002DE9FF4F83B05FEA0009119F7BD099F8F2
:108910000000002877D00498002871D010988007B4
:1089200002D541F6FF7006900024C84A00940194D5
:108930005268A346254626464FF0FF38694648460A
:10894000904782460098019050E0C04A01A94846ED
:108950005268904783461098761CC00704D0514651
:108960001298FFF761FF98BB5A4651460498FBF7EF
:108970001EFD00B229180DB2002802DD059828441A
:1089800005B2B8F1FF3F05D10598291A0698814232
:1089900000DDA0465046BAF10A0F1AD0BAF10D0F09
:1089A00017D00146A0F59C4045F2A512904210D97F
:1089B000002005E0A6A2125C8A420AD0401CC0B288
:1089C000A3A2125C002AF5D117B1B8F1FF3F08D07D
:1089D00008E024B9B8F1FF3F01D107B13D60761E30
:1089E00008E03D60DDE90040DA46009019F8040037
:1089F0000028AAD1B8F1FF3F06D0139870B14046C5
:108A000007B0BDE8F08F0CE02EB1BAF10D0F03D125
:108A1000BBF10A0F00D1009C2046F1E70FB1002006
:108A200038600020ECE72DE9F04F87B00446DDE91F
:108A300010581F4693468A46002005B1288054B13D
:108A4000217841B1BAF1000F05D0002618F0060FC9
:108A500013D0002002E00020D2E7401C215C0A294C
:108A600004D00D2902D00029F7D100E0401C002DD0
:108A7000C6D04FF0FF312980C2E75FEA887101D587
:108A800041F6FF7781468DF81400049027E000BF7F
:108A9000CDF8189068B34FF0000C05AA06ABCDF8DE
:108AA0000CC0CDF80080CDE9013220443B465A4647
:108AB0005146FFF725FF06997A1A314417B20EB2D4
:108AC00088B104990144049120780A280BD00D281C
:108AD00009D0605C0A280FD00D280DD00846215C13
:108AE00009B1002FD4DC049848B105B12E80049858
:108AF00086E74FF0010CD0E7481C0490F3E7534A97
:108B000004A92046526890470146002DEFD000226C
:108B10005046FBF74CFC06B2E8E72DE9FF4F83B067
:108B200004464FF00000DDF848A0DDF840902080BA
:108B300093460F00608049D0BBF1000F46D05FEA3A
:108B40008A7002D541F6FF7011900025A846BBF847
:108B5000086025E00020CDE9000A78190290594606
:108B6000119B069AFFF75FFF8044B4F9020006EB01
:108B700009010144B1F5004F28D2304448446080D7
:108B8000A8EB0501CDF800A05A46069B0298FFF716
:108B90007BFEB4F90010814200DB08462080454688
:108BA000785D0028D6D15DB1781910F8010C0A283B
:108BB00001D00D2804D1618806EB090008446080CB
:108BC000B4F9020018B1A0EB0900608018E76680D4
:108BD00016E72DE9F0411746884606001ED0002F03
:108BE0001CD010F048FA0446384610F044FA05004C
:108BF00014D0164A2C444146926830469047411999
:108C000003E0621BB25C3255641EA142F9D93044C4
:108C10002A463946BDE8F04100F05FB932E62DE959
:108C2000F04190460C4605001CD010F024FA074F86
:108C300006462146BA68284690470446BA6828196D
:108C4000414690470146701A0AE00000C002002029
:108C5000202C2E3B3A2D5F006218AA5C2A55641C1A
:108C6000A042F9D20EE62DE9F0410E4680460246BA
:108C7000002133460846FEF7EFFC04460027401C5F
:108C8000FDF763FF050007D02F5533464246611CB0
:108C9000FEF7E2FC2846F5E5FEE70078010601D480
:108CA000012070470621B1EB501F01D1022070470F
:108CB0000E21B1EB101F01D1032070471E21B1EB33
:108CC000D00F01D1042070470020704710B5014635
:108CD000802825D3002301F03F0242F08002B1F545
:108CE000006F0AD2C0F3841141F0C00161F30700A4
:108CF00062F30F2063F3174010E0C1F3851444F0D2
:108D00008004B1F5803F0CD2C0F3033141F0E001A3
:108D100061F3070064F30F2062F3174063F31F60F1
:108D200010BDB1F5881F10D2C1F3824343F0F003A8
:108D3000C1F3053163F3070041F0800161F30F20B7
:108D400064F3174062F31F6010BD002010BD01B531
:108D500082B00298000601D402980EBD042202A936
:108D6000684600F0BAF89DF803009DF800109DF8E1
:108D7000022000EB01609DF80110090401EB0221C3
:108D80000844002110F0FF0F00D1000A491CC9B2AD
:108D90000429F7D302900EBD78B50025044600954E
:108DA00001B969460A68A05C030601D4054634E0AF
:108DB00006260223B6EB501F06D1C006400D24E064
:108DC00004F03F031D1828E00E26B6EB101F02D159
:108DD0000007000C0FE01E26B6EBD00F1DD1521C71
:108DE0000A604007A55CC00AB3EB951F13D105F0DC
:108DF0003F0500EB0530521C0A60A55CB3EB951FE4
:108E000009D105F03F0500EB8510521C0A60A45CF7
:108E1000B3EB941FD4D0002078BD521C28460A60C2
:108E200078BDF8B5074608680025401E0C46304E50
:108E3000086001E0042D13D2206831683844884767
:108E400018B9216861B1491E21606D1CEDB200287E
:108E5000F0D0206800907268694638469047F8BDA7
:108E60000020F8BD2DE9F04100240F4606462546B6
:108E7000DFF87C8007E0D8F800103019884700B987
:108E8000012004446D1CBD4202D2305D0028F2D1A5
:108E90002046F7E4F8B5074600200D460446144E78
:108EA000009004E07268694638469047641C009858
:108EB000A842F7D32046F8BDF8B5002405460C4E6D
:108EC000009404E07268694628469047641C009844
:108ED000285C0028F6D12046F8BD10B5034604E012
:108EE00011F8014B03F8014B521E002AF8D110BDB6
:108EF000C00200202DE9F0471E4614460D4682466A
:108F0000DDF8209015E000BF4FEA540808FB065733
:108F1000394650464A469047002808DD44F3000091
:108F2000C0EB540407EB0605A4F1010401E005DAE7
:108F30004446002CE8D12046BDE8F0873846FBE7E0
:108F400010B50146F648E3F719FF0446E3F7A9FF19
:108F5000204610BD828E818C12F0060F06D0C2F31F
:108F60004102022A04D0012A07D004E0008D00E06B
:108F7000C08C084481B208B27047B0F93020B0F913
:108F800032301A4402EBD272B0F92E3052109342B2
:108F9000EEDBEBE72DE9FF4F81B00E461D4617468D
:108FA0004FF40031019800F058FE00EBD0704410EF
:108FB0003F1B0198FFF7CEFF81465A3000B2FDF704
:108FC000BDFC10FB07F04FEAE0384846FDF7B6FC61
:108FD00010FB07F0C7134FF440394946019800F0E1
:108FE00030FE83464946019800F031FE0090494624
:108FF000019800F01AFE82464946019800F01BFED7
:10900000328820444244A2EB0B01091B298032889C
:109010000099424421441144A9807188CA19A2EBE5
:109020000A01091B6980718839440844E88005B049
:10903000BDE8F08F2DE9F05F894693468246002116
:1090400000F0FFFD05460021504600F000FE80467E
:109050000021504600F0E9FD04460021504600F092
:10906000EAFD06465046E4F751FD411BA1EB080717
:109070005046E4F745FD001B801B8742504605DA49
:10908000E4F744FD411BA1EB080003E0E4F738FDE1
:10909000001B801B00EBD07040F34F00BAF8141097
:1090A00042191144A9F80010BAF816100219114417
:1090B000A9F80210BBF1000F01D0ABF80000BDE829
:1090C000F09F2DE9F04188B01F4614460D46064634
:1090D000E5F7EFFC002842D0A54240D04FF4B47031
:1090E000854202D9A5F5B475ADB2844202D9A4F582
:1090F000B474A4B2B18C4A1995B221448CB28542A1
:1091000002D9A5F5B475ADB2844202D9A4F5B47400
:10911000A4B207AA06A93046FFF78CFF39463046AD
:1091200000F09BFD8046304639465122E6F74CFE62
:1091300004A908B1012200E00022CDE90221CDE915
:109140000048BDF81C00BDF91A1082B2BDF9180024
:109150002B46E9F712FB04A93046E4F760FC08B09F
:10916000BDE8F08170B54FF4B47305460C469942E2
:1091700002D9A1F5B474A4B2298DE88C0A1A091B8E
:1091800012B209B2002A02DA02F5B47212B2002950
:1091900002DA01F5B47109B28E1AB4369E4203D9CF
:1091A0002846E4F756FC0DE04FF40033914202DA12
:1091B0002246014603E08A4204DA02462146284656
:1091C000FFF77FFF284600F04EFD2846EC84BDE8FF
:1091D000704000F048BD70B54FF4B47305460C46BE
:1091E000994202D9A1F5B474A4B2288DE98C421A2F
:1091F000611A12B209B2002A02DA02F5B47212B28E
:10920000002902DA01F5B47109B28E1AB4369E4211
:1092100003D92846E4F71DFC0DE04FF400339142DA
:1092200002DA0246214603E08A4204DA2246014677
:109230002846FFF746FF284600F015FD28462C85F6
:10924000BDE8704000F00FBD70B50C4605461146F4
:10925000FFF7C1FF21462846BDE8704082E7F8B518
:109260000446B0F92E0010F5004F58D0B4F92C3058
:10927000658D99B2A94202D201F5B4710BB294F88E
:109280003410C1F34101D1B301290DD0022946D1D7
:109290000095B4F93220B4F93010FDF711FC05B295
:1092A0002046A28DA9B237E0E91801EBD171B4F9DB
:1092B0003070B4F9322041F34F06B91801EBD17187
:1092C00041F34F0188420CDA0A462B463946009694
:1092D000FDF7F6FB05B2A9B22046FFF743FFB1B296
:1092E00009E000933346FDF7EBFB05B2B1B220462F
:1092F000FFF738FFA9B22046FFF76DFF0EE0FFE74A
:109300000093B4F93220B4F930102B46FDF7D8FBA6
:1093100005B2AAB22046618DFFF796FFA587F8BD7A
:10932000380E040870B54FF4B47305460C469942E4
:1093300002D9A1F5B474A4B2A98D688D0A1A091BCB
:1093400012B209B2002A02DA02F5B47212B200298E
:1093500002DA01F5B47109B28E1AB4369E4203D90D
:109360002846E4F776FB0DE0914203DA002322461B
:10937000014604E08A4205DA0023024621462846D7
:10938000FFF79FFE28466C85BDE8704067E770B523
:109390004FF4B47305460C46994202D9A1F5B47452
:1093A000A4B2A88D698D421A611A12B209B2002ABC
:1093B00002DA02F5B47212B2002902DA01F5B471D0
:1093C00009B28E1AB4369E4203D92846E4F741FB0F
:1093D0000DE0914203DA00230246214604E08A426E
:1093E00005DA0023224601462846FFF76AFE284692
:1093F000AC85BDE8704032E770B50C4605461146B5
:10940000FFF7C5FF21462846BDE870408AE7818402
:10941000E4F71FBBB0F92E308B420DD0B0F93220EB
:109420008A4200DA1146B0F930208A4200DD114646
:109430008B4201D0C18512E7704770B50446B0F980
:109440002E50808E61F34200A0864FF0FF30E08501
:10945000B4F92C00628D81B2914202D201F5B47050
:1094600000B294F83430C3F34103012B0AD0022B2D
:1094700011D011462046FFF775FE29462046BDE86B
:109480007040C7E7104400EBD0704610B1B22046E0
:10949000FFF768FEB1B22046FFF79DFEEDE7B0F999
:1094A00030308B4203D1B0F9323093420CD0018678
:1094B0004286B0F92E308B4200DAC185B0F92E1009
:1094C000914200DDC285CAE67047C1867047C08CF4
:1094D0007047008D7047408D7047808D7047B0F9A0
:1094E0002E007047B0F930007047B0F93200704775
:1094F00090F83400C0F341007047FEB516460C00EA
:10950000054633D0E5F7B8F801AA02A92846FFF7C7
:1095100091FD4FF40031284600F09FFBBDF8041088
:1095200000EBD070A1EB60003044ADF80400284699
:10953000FFF710FD07465A3000B2FDF7FFF9BDF8FE
:10954000041010FB01F040F3CF3638B2FDF7F6F906
:10955000BDF8041010FB01F040F3CF30009033460B
:10956000092229462046E5F7C8F8FEBDFEE77FB58B
:1095700015460C00064644D0E5F77EF801AA02A97C
:109580003046FFF757FD4FF40031304600F065FBE1
:10959000BDF8041000EBD070A1EB60002844ADF8DA
:1095A0000400404200B200900023092231462046C8
:1095B000E5F7A3F83046E5F75FF83046FFF7CAFC59
:1095C0000646A08ABDF80810BDF80A20401AE18AB4
:1095D00040428D1A01B200222046E7F72EFB684276
:1095E00001B200222046E7F72DFB06EB86004FF480
:1095F000617101EB400001B200222046E7F718FB41
:109600007FBDFEE710B500200C4688848721618568
:109610002D22A285E18449002185A18E21F0060139
:10962000A1864FF40041E185A18E2086642041F09F
:109630000801608688B220F00100A0861001E08653
:10964000FBF7BBFCA063208DA08702212046E2F738
:1096500011FD4FF444712046E2F73FFD2046BDE87E
:1096600010400D21E5F748BA2DE9F04FAFB00446A0
:10967000E0F7DBFB07462046E0F764FD2A9028AAC6
:109680002CA93846FFF7D6FC06A82A99E3F75DFF18
:10969000BDF9A000DFF86C850DF1B00A0DF1080BE3
:1096A00000282DDD5846E9F739F802AA002138468E
:1096B000E3F792FE0020CDF83CA01390CDE907809F
:1096C000BDF8A000ADF8540006AA1A213846CDF81E
:1096D00038B0E0F78CFBB98DB88C7A8D014410441A
:1096E00089B280B2CDE90001BDF854302CAA02A99C
:1096F0002A98E9F732F806AA1B213846E0F777FBEB
:109700004FF400394946384600F09BFA0646494670
:10971000384600F09CFA05464946384600F085FA7E
:1097200004464946384600F086FAAE4201DD31462D
:1097300000E02946844201DD224600E002469142D3
:1097400005DDAE4201DD304604E0284602E08442F9
:1097500000DD2046BDF8A010081A04B2002C34DD4C
:1097600002A8E8F7DBFF02AA4D4649463846E3F770
:1097700033FE0120CDF83CA01395CDE90780ADF86C
:10978000544006AA1A213846CDF838B0E0F72FFB2E
:10979000BDF90A10BDF95400814201DDADF80A009F
:1097A000398DB88CFA8C0144104489B280B2CDE96D
:1097B0000001BDF854302CAA02A92A98E8F7CDFF81
:1097C00006AA1B213846E0F712FB2DABBDF9A020FD
:1097D0002CA93846FFF7DEFB18A8EBF775F94FF414
:1097E000403418AA21463846E3F7B2FB022013940E
:1097F000CDE907802DA8099018A80A9006AA1A2179
:109800003846E0F7F4FA2DAA18A92A98EBF794F94C
:1098100006AA1B213846E0F7EAFA2FB008E42DE942
:10982000F04786B08A46F748E0F73CFA01287DD138
:109830005046E0F7FEFA06465046E0F7F6FA0546CF
:109840005046E0F7F2FA0446022E10D0082E6ED0F1
:10985000032EFCD00D2E6BD0112E6AD0132E69D0A2
:10986000152E63D106B05046BDE8F047FCE6E1F79F
:1098700030FD06005AD0E1F72FFD012856D101A98D
:109880003046E1F7ACFD03AA02A92846FFF7D2FB58
:10989000BDF80400BDF80810401AADF80400BDF88A
:1098A0000600BDF80A10401AADF8060094F834001E
:1098B000C00744D14FF40031284600F0CEF90646E7
:1098C000BDF80C004FF48031801BADF80C00284629
:1098D000E2F721FD10B1BDF80C0008E0BDF90C0065
:1098E000C11700EB9171B6EBA10F00DA8E10801B4F
:1098F000ADF80C0000B2012802DA0120ADF80C002E
:10990000BDF8040010FB00F1BDF8060010FB0010CC
:10991000BDF80C1011FB01F1884206DDA08E40F06D
:109920000100A086FBF749FBA06304E086E099E014
:10993000B2E0D5E015E194F83400C0077ED0BDF95F
:10994000041019B9BDF80600002877D0B4F92C60CE
:10995000628DB0B2904202D200F5B47006B2BDF989
:109960000600FDF74AF8A18C628D401A801A00B2F9
:10997000002802DA00F5B47000B2B11AA38F09B260
:109980009A1A0FFA82F8A0EB080212B202F58C7252
:10999000B2F50C7F07D994F83400000701D50020F8
:1099A0000DE008460BE001EBD171B0EB610FA18E29
:1099B00002DA41F0080101E021F00801A186A0EBE4
:1099C000080007B2A06BFBF700FBE18E41434FF4A8
:1099D0007A70B1FBF0F000B2874201DD074603E088
:1099E0004042874200DA07B2618DB4F93220B4F9FF
:1099F000303008EB0700A6EB010CD71A4FEACC0C6D
:109A00009CFBF7F73F1D00EB2710B4F92E700844BC
:109A1000009200B23246FDF753F806B2B5F92E00B7
:109A2000B04211D0FBF7C9FAA06331462846FFF7D0
:109A3000F1FCBE4208D000221C2100E00FE02846C5
:109A4000E0F7D5F901280AD1B4F93000B04203D0CB
:109A5000B4F93200B04202D1FBF7AFFAA06306B00E
:109A6000BDE8F087A08E20F00100A0862846E2F72E
:109A700065FC0546E0F777FE0446E1F72AFCE1F7CE
:109A80002BFC0428EBD1002CE9D006B02846BDE819
:109A9000F0470021E0F727BD5046E0F7CEF9007807
:109AA000B4F92E60132806D0112804D0142805D04C
:109AB000122803D008E0E88D401C01E0E88D401E2C
:109AC00001B22846FFF7A6FCB4F92E00B042C6D07A
:109AD00006B02846BDE8F04700221C21E0F787B910
:109AE0005046E0F7AAF9044604AA03A92846FFF75E
:109AF000A1FAA868002608B1B0F914600021284630
:109B000000F0ABF80546BDF810103044081ABDF857
:109B10000E20ADF81000111809B20091BDF80C101C
:109B2000121A0B18081A01B21BB212B201A8FBF7E5
:109B3000D3FC47F6FF773A4601A82168FBF782FD80
:109B400008B100200BE005EB460002B2114601A867
:109B5000FBF7F8FC3A4601A82168FBF773FD20717A
:109B60007DE70021284600F06CF8074600212846D2
:109B700000F06DF806460021284600F056F804462D
:109B80000021284600F057F8B74201DD394600E0D1
:109B90003146844201DD224600E00246914205DD65
:109BA000B74201DD384604E0304602E0844200DD81
:109BB000204680464FF440394946284600F041F897
:109BC00004464946284600F042F8074649462846DA
:109BD00000F02BF806464946284600F02CF8BC4217
:109BE00001DD214600E03946864201DD324600E0D3
:109BF0000246914208DDBC4201DD204607E03846BE
:109C000005E00000380E0408864200DD3046801C66
:109C100004B25046E0F711F9B0F90010A4EB0802C5
:109C2000914200DC1146018019E710B51022E6F7D9
:109C3000CBF800B210BD10B51122E6F7C5F800B29E
:109C400010BD10B51222E6F7BFF800B210BD10B576
:109C50001322E6F7B9F800B210BD10B55022E6F7AE
:109C6000B3F800B210BD1FB5044603AA02A9FFF75E
:109C7000E1F96B46BDF90C2002A92046FFF78AF9ED
:109C800069462046E3F7CBFE1FBD000010B5014634
:109C9000FB48E3F773F80446E3F703F9204610BDE9
:109CA00000684FF0FF320168C26001F13C0290424F
:109CB00002D182684A6205E001F14C02904201D172
:109CC00082680A630068E3F7C4BEC1600068E3F716
:109CD000C0BE30B591B0054614981C4620B3E0686C
:109CE000401C28D0D4F80800C4E90101116000210B
:109CF0001846FBF710FA6846FBF7F4F9E1484FF411
:109D00008071CDE9004000200890CDE90901DE48CE
:109D10000390284600216422E6F756F80B90684627
:109D2000FBF726FA11B030BD116011B02846BDE82E
:109D30003040E3F78EBE1068D6E7F8B5456A1346A3
:109D40008D421AD0D0E90A428A4201DD0E4600E077
:109D50001646B44201DD214602E08A4200DC11468B
:109D6000026B8A4200DD11468D4206D0009300F15D
:109D70003C0300F12402FFF7ACFFF8BD38B51346F1
:109D800090F85C2002F00302022A1BD1D0E90A42BB
:109D90008A4201DD0D4600E01546AC4201DD214658
:109DA00002E08A4200DC1146426A8A4200DA114629
:109DB000026B8A4206D0009300F14C0300F130029E
:109DC000FFF787FF38BD90F85C0000F00300704794
:109DD00070B50446806A0D46A84202D1E06A9042FE
:109DE0001FD0C4E90A5294F85C0000F00300022876
:109DF00000D02563606A904205DD1146626220460C
:109E00000022FFF79AFF606AA84205DA2046294639
:109E100000226562FFF791FF2046BDE87040E3F73E
:109E200018BE70BD80F85C1001F00301022901D05A
:109E3000826A0263E3F70DBE816C491C01D0406C5D
:109E40007047406A704790F85C1001F003010229E6
:109E500001D0806A7047816D491C01D0406D704708
:109E6000006B7047806A7047C06A704710B50C4637
:109E700000206421C4E90A0120636062A086208773
:109E8000E086608784F85C0004F13C01204600F025
:109E90002AFB04F14C01204600F025FB0821204656
:109EA000E2F71BF910212046E2F717F920460022BD
:109EB000BDE81040114640E710B50C46002104F102
:109EC0003C00FBF728F904F14C00BDE810400021EC
:109ED000FBF721B92DE9F04FD3B00546DFF7A5FF19
:109EE00004462846E0F72EF94F9010A92046E3F7E4
:109EF000D3FD002168222046E5F766FF05460021D4
:109F000069222046E5F760FFBDF84010BDF8442007
:109F1000491BADF840102A44BDF84230ADF844204A
:109F20001B1ABDF84650511A2844ADF84600C01A15
:109F3000401C0FFA80FAADF84230D4E90A02491CFD
:109F40000FFA81FBA2EB0008D34501DB012100E001
:109F50000021894600213E9194F85C1001F0030134
:109F6000012908D1002806DA002A04DD216B81428C
:109F700001D101203E900021204600F0A8FA219056
:109F80000021204600F0A9FA36900021204600F07A
:109F900092FA20900021204600F093FA359004F1C7
:109FA000340010A9139000F071FAA18E2198084492
:109FB000A086218F3698081A2087E18E20980144C8
:109FC000E186618F3598081A00B26087B9F1000FF9
:109FD00011D0E18E401A401C00B204281DDAE18A3B
:109FE0000AEBDA726FF0010000EB62000844E086D1
:109FF000001D608711E0218FA08E081A401C00B25E
:10A0000004280ADAA18A0BEBDB726FF0010000EB87
:10A0100062000844A086001D2087218FA08E081AA8
:10A02000401C00B21890618FE08E081A401C00B2EC
:10A030002290B9F1000F05D004F138051348189F9C
:10A04000139E04E004F136061148229F351D3A9014
:10A05000A36D581C1ED0216DA06A626D091A101ADA
:10A060007943784391FBF8F190FBF8F009B200B224
:10A07000401A5843C21700EB126001EB20200FE09A
:10A08000540E0408CB9C0208A19C02089FA402085D
:10A09000ABA40208216BA06A081A784390FBF8F081
:10A0A00000B21690A26C501C14D0216CA06A636C94
:10A0B000091A181A7943784391FBF8F190FBF8F0EC
:10A0C00009B200B2401A5043C21700EB126001EB14
:10A0D000202005E0D4E90910081A784390FBF8F035
:10A0E00000B23F90204600211622E5F76DFEC0B277
:10A0F000B9F1000F28D001280AD130462E46054676
:10A100003F98404200B23F901698404200B21690ED
:10A1100031883F9808442880318816980844308058
:10A120003E9888B3A06A4042784390FBF8F000B2B2
:10A13000B9F1000F15D031880844B5F9001000B20C
:10A1400081420BDD308039E029883F98081A401C95
:10A15000308029881698081A2880E1E73180288005
:10A160002CE02988081A401CB6F9001000B2814280
:10A1700001DD288001E029803080B5F90010B6F9B2
:10A1800000008142EADB19E0FFE73A99139888471B
:10A19000012813DC35A84F99E3F7D7F94FF40030C5
:10A1A0004290D4483690002037901398389035AAC2
:10A1B0001A212046DFF71BFE35AAFBE050A81399B1
:10A1C00000F064F96846EAF77FFC4FF400356A4610
:10A1D00029462046E2F7BCFE23A84F99E3F7B5F9DC
:10A1E0004FF00008C348CDE924083095CDF89CD045
:10A1F00013982690454623AA1A212046DFF7F7FD3B
:10A2000020460B222946E5F7DFFD05B258465146A8
:10A21000D34500DB0846B5EB600F00DD4510229A00
:10A220001899BDF90000914200DB1146B0EB610FB7
:10A2300000DD4810B9F1000F02D0228FA18E01E09D
:10A24000628FE18E511A491C09B2B1EB400F18DD43
:10A250009DF8220012909DF803709DF81A608DF809
:10A2600003808DF81A808DF822806946139A4F98E2
:10A27000EAF762FC12988DF803708DF81A608DF879
:10A280002200A18A219800230844ADF83401218BD3
:10A2900036982A46081AADF83801E18A2098084411
:10A2A000ADF83601618B3598081AADF83A014DA921
:10A2B00047A8EAF736F9002147A8E9F795F917907A
:10A2C0009DF822608DF8228045468DF8368010A9D1
:10A2D0000EA800F0DBF8BDF838102198084400B251
:10A2E000ADF83800BDF83A20209911440BB2ADF812
:10A2F0003A30BDF83C203699511A0AB2ADF83C20EC
:10A30000BDF83E703599791A09B2ADF83E10B9F131
:10A31000000F12D0C81A401C00B204281FDAE18ACC
:10A320000AEBDA726FF0010000EB62000844ADF84E
:10A330003A00001DADF83E0011E0101A401C00B2BA
:10A3400004280CDAA18A0BEBDB726FF0010000EB42
:10A3500062000844ADF83800001DADF83C00BDF9BE
:10A360000020002319A81399EAF7DBF8002119A8A7
:10A37000E9F73AF907460EAA69464F98EAF7DCFB77
:10A380008DF822608DF803508DF81A508DF83650F4
:10A390006946139A4F98EAF7CFFB19A8E9F7AAF98B
:10A3A00047A8E9F7A7F93846E9F780F91798E9F7D8
:10A3B0007DF923AA1B212046DFF719FD53B0BDE824
:10A3C000F08F2DE9F0410D464A48DFF76BFC01287C
:10A3D00053D12846DFF72DFD04462846DFF725FD3B
:10A3E0008046132C09D0012C49D0082C47D0152CBD
:10A3F00043D12846BDE8F0416CE54FF40031E3F766
:10A400003AF804462846DFF718FD0546B0F9000083
:10A41000A04200DD04462C800021404600F057F8A1
:10A4200007460021404600F058F806460021404605
:10A4300000F041F804460021404600F042F8B742DF
:10A4400001DA394600E03146844201DA224600E072
:10A450000246914205DAB74201DA384604E0304656
:10A4600002E0844200DA2046002806DAB5F900103E
:10A470004042814200DC01462980BDE8F08108F1BC
:10A4800034014046BDE8F041E3F7C9BA0A880280CA
:10A490004A8842808A888280C988C18070478188C2
:10A4A0000088081A401C00B27047C1884088081A0A
:10A4B000401C00B2704710B51022E5F785FC00B2D1
:10A4C00010BD10B51122E5F77FFC00B210BD10B52C
:10A4D0001222E5F779FC00B210BD10B51322E5F7A2
:10A4E00073FC00B210BD0860002048608860401E08
:10A4F000C8607047540E040810B501460A48E2F7D8
:10A500003DFC0446E2F7CDFC204610BD10B50C46DC
:10A5100010212046E1F7E1FD2046BDE810404FF450
:10A520008061E1F7A7BD0000700E040810B5014678
:10A53000FE48E2F723FC0446E2F7B3FC204610BDD8
:10A540002DE9F34F97B00D0079D0179C204600F00D
:10A550005AFF6562002116221798E5F735FCC0B254
:10A5600012900021179800F031FF0B9000211798EE
:10A5700000F020FF0F900021179800F033FF0290A9
:10A580000021179800F034FF09901798E3F7A3FC17
:10A5900004901798E3F781FB618E0027C1F1010257
:10A5A0000299A94601FB020000B21090384685E0EE
:10A5B0004FF0000B5D460AE0E06A791930F81100AF
:10A5C00000F01CFF58446D1C1FFA80FBADB259F817
:10A5D000250040B1D6A10EF055FD20B159F8250057
:10A5E00000780028E8D15DB31099608E01FB08F176
:10A5F000B1FBF0F20F995318029A08FB023109B22D
:10A600000891109908F101025143B1FBF0F10F9A42
:10A610000298491E08FB0020084400B214900999D2
:10A620000498C5F1010201FB020000B20E9000285F
:10A6300001DA00200E904FF0000A564636E04BE05B
:10A64000FFE709F1040036E0E06A30F8170000F097
:10A65000D5FE0E9901FB0AF1B1FBFBF20999824488
:10A6600006FB01210E9A09B20AFB02F0B0FBFBF0D7
:10A67000099A401E06FB0200129A00B2012A06D176
:10A680000A460499081A01B20498801A00B20B9A7B
:10A69000104403B2149800901144A06A09B200EB70
:10A6A000C700089AFAF718FF761C7F1CAE42CBD37E
:10A6B00009EB8500001D814608F101008046608E8F
:10A6C00040453FF675AF1798E2F757FF179819B056
:10A6D000BDE8F04FE3F7BDB919B0BDE8F08F10B594
:10A6E0000446008E4200E06AFCF758FB2046616A8F
:10A6F000BDE8104024E7F0B50546A1F57F408BB0DA
:10A700000E46FF3858D0288EB04255D9A86A00EBC3
:10A71000C601684600F045FE03A92846E3F7BCF9E8
:10A720000021284600F05EFE07460021284600F082
:10A730005FFE04462846E6F75DFCFAF70FFA0A21A9
:10A7400090FBF1F2BA4201DB90FBF1F790FBF1F3E1
:10A750003AB2A34201DB90FBF1F4BDF80C30BDF836
:10A760000000991A0844ADF80000BDF80E10BDF8BD
:10A7700002000F1B3844BDF8047000B23B441A4479
:10A78000ADF80420BDF80620ADF8020011442144C4
:10A7900009B2ADF80610AA8EB24209D1EA6A32F8BF
:10A7A0001620920504D5091A491C401AADF802007A
:10A7B00069462846E3F733F90BB0F0BD70B504469F
:10A7C000008E0D46A84203D8A5F57F40FF3809D179
:10A7D0002046A18EFFF78FFF2046A5862946BDE8BB
:10A7E000704088E770BD70B50446008E15468842FB
:10A7F0000FD9E06A30F81120AA4320F81120204632
:10A80000FFF779FFA80504D52046BDE87040E2F7C0
:10A81000B4BE70BD70B50E460546002406E0324653
:10A8200021462846FFF7DFFF641CA4B2288EA04211
:10A83000F5D870BD70B50446008E0E461546B04280
:10A840001AD994F83600C00705D0280603D5802110
:10A850002046FFF7DFFFE06A30F81610294320F8A2
:10A86000161031462046FFF746FFA80504D52046BE
:10A87000BDE87040E2F781BE70BD70B50E4605467A
:10A88000002406E0324621462846FFF7D3FF641C29
:10A89000A4B2288EA042F5D870BD30B4038E8B428E
:10A8A0000FD9C46A02F0070234F8113023F007030D
:10A8B00024F81130C46A134324F81130416A30BCC3
:10A8C0003EE630BC7047038E8B4204D9C06A30F834
:10A8D0001100824301D0002070470120704780F8AA
:10A8E0003610002100F0CFBD406A7047808E70475F
:10A8F0002DE9F0410F46A1F57F41FF391DD00546F6
:10A90000008EB84219D3002426460CE0641C686A05
:10A91000A4B2761CB6B250F8240005A10EF0B2FB2A
:10A9200008B9641CA4B2BE42F0D103E08C0E040846
:10A930000A000000288EB04202D10020BDE8F0815C
:10A94000686A50F82400F9E790F8360000F001003A
:10A95000704708460021018641864FF6FF728286C5
:10A960008162C162416280F83610FE49E8E510B5A7
:10A970000C46886AFCF7FFF8E06AFCF7FCF8002058
:10A98000A062E06210BD2DE9F04FD5B00546DFF7BB
:10A990004CFA0446008E00287ED02846DFF7D2FB12
:10A9A0004F90608C49A940F0040060842046E3F792
:10A9B00073F80025278C2584608CA94640F004019B
:10A9C0002E46C846618433A8EAF77EF841A8E8F726
:10A9D0008BFA4FF4A02A33AA51462046E2F7B8FA80
:10A9E00041AA51462046E2F7FCFB608C002120F092
:10A9F000040060842046278400F0DCFC5390002192
:10AA0000204600F0DDFC52900021204600F0DEFCE4
:10AA100051900021204600F0DFFC509020A84F9973
:10AA2000E2F793FDD048CDF8B4A0CDE9210812A8F3
:10AA300024900AA8259055E1761CB6B2606A50F8B9
:10AA40002600AFF214110EF01DFB0028F4D0E06ACE
:10AA500030F81500C0F3C001002974D18846C0F356
:10AA6000C01109B14FF00108C0F3401010B148F017
:10AA7000800014E0A08EA84212D1B80601D548F09B
:10AA80002008B80701D548F00208780701D548F03A
:10AA90000408380704D500E02CE148F0080080469F
:10AAA000A06A00EBC50103A800F07BFCBDF80C1008
:10AAB000BDF82401B8F1000F0144ADF80C10BDF849
:10AAC0000E20BDF826110A44ADF80E20BDF8102066
:10AAD0001044ADF81000BDF812000844ADF81200A3
:10AAE00026D0A4F82080608C40F00401618412A874
:10AAF000E9F7EAFF0AA8E8F7F7F912AA5146204653
:10AB0000E2F726FA0AAA51462046E2F76AFB2784B2
:10AB1000608C20F004016184E06A30F81500C0F315
:10AB2000003000289DF845000ED040F001000DE0F7
:10AB3000382233A912A8FCF731F9202241A90AA82A
:10AB4000FCF72CF9E8E7C9E020F001008DF845009A
:10AB500003A8239020AA1A212E952046DFF747F953
:10AB60009DF86B004108C9063CD520F03E001E3020
:10AB70008DF86B00B4F914305199BDF90C201944CB
:10AB80008A4203D120F008008DF86B00B4F9182038
:10AB90005098BDF91010101A814205D19DF86B0034
:10ABA00020F010008DF86B00B4F916205398BDF911
:10ABB0000E101044814205D19DF86B0020F0040076
:10ABC0008DF86B00B4F91A205298BDF91210101AC2
:10ABD000814207D19DF86B008108490061F345006F
:10ABE0008DF86B00BDF81210BDF90E00091A491C52
:10ABF0000FFA81FB5FEA886108D5E16A31F8151028
:10AC0000890503D5A0EB0B00ADF80E0003AA12A92D
:10AC10004F98E9F791FF606ABDF93C30BDF93A10F1
:10AC200050F826000890BDF82801BDF824C10A9A02
:10AC3000A0EB0C00401C00B2CDE900109DF845C00F
:10AC4000CDF808C054A80899FDF767FFBDF81010AB
:10AC5000BDF80C00BDF95031091A491C09B2C91AD6
:10AC600001EBD17100EB6100ADF80C00BDF81210E2
:10AC7000BDF80EC0BDF95221A1EB0C01491C09B26F
:10AC8000891A01EBD1710CEB610109B21844ADF8DE
:10AC90001000881802B2ADF80E10ADF812205FEA6D
:10ACA00088600ED5E06A30F81500800509D50BEBF9
:10ACB000DB70A1EB6001A2EB6000ADF80E10ADF807
:10ACC0001200CDF8009003AA0AA9089B4F98E8F754
:10ACD00053F920AA1B212046DFF789F86D1C761C4A
:10ACE000ADB2B6B2208EA8423FF6A8AE608C20F07E
:10ACF0000400608455B0F0E42DE9F34F8FB00546B1
:10AD00006946E2F7C9FE2846E2F700FF0B902846A5
:10AD1000E2F7F6FE0A900021284600F057FB079064
:10AD20000021284600F058FB07460021284600F085
:10AD300041FB04460021284600F042FB83460021E7
:10AD4000284600F04FFB06460021284600F050FB45
:10AD500006F0010106EBD67201EB6201491C09B253
:10AD600004E00000DC0200208C0E040800F0010268
:10AD700000EBD07002EB6000401C00B20D2900DB3C
:10AD80000D218A460D2800DB0D2081460D2F00DBAA
:10AD90000D27B8460D2C00DB0D2426465846BBF186
:10ADA0000D0F01DA074600E00D2700246BE0A86ACA
:10ADB00000EBC40108A800F0F4FABDF920000799DF
:10ADC000884213DCBDF900200D2900DB0D21511A4A
:10ADD00000EB0100ADF82000BDF92200B04233DCE9
:10ADE000BDF902100D2E07DA324606E0BDF800204C
:10ADF000A2EB09010844EDE70D22891A00EB0100DE
:10AE00000B99ADF82200BDF92400A1EB0801891EC1
:10AE1000424688421EDBBDF90010B8F10D0F014417
:10AE2000104600DB0D2008440A99ADF82400BDF956
:10AE30002600C91B891E88421DDBBDF902100D2F9B
:10AE400008440DDA39460CE0BDF80220A2EB0A01F5
:10AE50000844D5E7BDF80010014401EB0900E3E721
:10AE60000D210844ADF82600002208A81099FAF731
:10AE7000E9FB58B905E0BDF80210014401EB0A00F6
:10AE8000F0E7641CA4B2288EA04290D8288EA0427D
:10AE900001D14FF6FF74204611B01EE42DE9FC47A6
:10AEA0008A46F748DEF7FEFE012844D15046DEF719
:10AEB000C0FF06465046DEF7B8FF00270446132EB3
:10AEC00002D02A2E4AD01BE0608EA146002832D044
:10AED0000025D9F8248032E0D9F82C0030F815008C
:10AEE000C0F3402048B3608E30B12046E2F7D5FE73
:10AEF0000146608E91FBF0F001B25046DFF74BF94E
:10AF0000292E2FD04FF6FF75012E2DD0022E67D09F
:10AF1000082E7DD0062E7CD0032E7BD00E2E7AD02C
:10AF20000F2E79D0102EFCD00D2E76D0152E02D1FA
:10AF30005046FFF728FDBDE8FC876D1CADB258F800
:10AF400025000028F7D0CFA10EF09CF80028F2D001
:10AF500058F8250000780028BED1ECE7616AFFF7B9
:10AF6000EFFAE8E72046F9E75046DEF766FF0646C7
:10AF70002046A18EFFF7BFFBE0F7ABF9E0F7ACF995
:10AF8000012801D0032817D169463046E0F727FA97
:10AF900069462046FFF7B0FEA8420DD0E16A31F8BD
:10AFA0001010C1F340123AB9C1F3C00121B9A08613
:10AFB00001462046FFF79FFBA18EA942BBD0E06A65
:10AFC00030F81100C0F30022002AB4D1C0F34022AF
:10AFD0009DE000BFC0F3C0000028ACD1019148E063
:10AFE0005046DEF72AFF0746E0F773F90646E0F71A
:10AFF00073F904289FD002289DD069463046E0F7B7
:10B00000EEF969462046FFF777FE0646204605E042
:10B0100035E074E083E085E0C3E0CAE0A18EB14290
:10B0200089D0A94201D0FFF766FBA6863846E0F733
:10B030009AF9AE4291D0E06A30F81600C0F34011A0
:10B0400000298AD1C0F3C000002886D131462046AD
:10B05000FFF751FBE16A31F81600C0F30020002829
:10B06000B3D1A08E31F81000C0F340200028ACD13D
:10B07000019601AA1C212046DEF7B9FE5BE7A18EEE
:10B08000A94237D0E26A32F81100C0F38013ABB1A5
:10B09000C0F3401393B9C0F3C0131BB194F836301A
:10B0A000DB0713D040F0800022F8110094F836003E
:10B0B000C00703D02046A18E00F0E5F9A18EE26A18
:10B0C00032F81100C0F3002232B902E020F0800013
:10B0D000EAE7C0F340226AB1C0F3401252B9C0F3AC
:10B0E000C00038B9019101AA1C212046DEF77FFE7D
:10B0F0000128C3D12046A18EFFF7FDFA1BE7A18EE0
:10B10000A942BBD0E06A30F81100C0F30012002A57
:10B11000B4D1C0F34012002A3FF45CAF0BE72046E5
:10B12000A18E42E05046DEF788FE0746E0F7D4F8ED
:10B1300006462FB90020F9F70BFFE0F7CDF80646D9
:10B140002046E1F7FBF8DFF70EFBA18EA94295D16F
:10B15000022E02D0042E2AD148B394F836100020D3
:10B16000E26AC90701D110E0401C32F81010C1F3A7
:10B17000C003002BF8D1C1F34013002BF4D1C1F36D
:10B18000C0110029F0D00AE0401C32F81010C1F3C1
:10B19000C003002BF8D1C1F340110029F4D1A086DF
:10B1A000C9E6A18E2046A94201D0FFF7A4FAA586E0
:10B1B000C1E62046A18EFFF79EFA5046DEF73DFE1F
:10B1C0000078132813D0142830D004264FF0020939
:10B1D000122849D011288DD10021204600F008F90D
:10B1E000A28E8446AA4272D1A786E26A99E0A08E16
:10B1F000A84201D1A78601E0401CA086A18E228E24
:10B20000914200D3A786E36AA18E33F81100C0F300
:10B21000C00535B1491C88B2A0869042F4D3A786F8
:10B22000F2E7C0F340100028F4D163E7A08EA842F3
:10B2300001D1A78600E000B9208E401EA086E26AF8
:10B2400006E011B1491EA18602E0208E401EA086B4
:10B25000A18E32F81100C0F3C003002BF1D1C0F36E
:10B2600040100028EDD145E70021204600F0C0F84D
:10B27000A28E8046AA421AD1A786E26A0BE000009D
:10B280008C0E04080A000000491C88B2A086218E9A
:10B29000884200D3A786A18E32F81100C0F3C00304
:10B2A000002BF1D1C0F340100028EDD122E7A16AB4
:10B2B00006EBC2000B5A31F832001B1A5B1C43F339
:10B2C0004E0318440FFA80FC1046238E1DE034E034
:10B2D00009EBC00709EBC205CF5F4D5FAF4212DD3E
:10B2E00031F9305065450EDC06EBC0054D5F454435
:10B2F000654508DBE56A35F81070C7F3401515B9E8
:10B30000C7F3C0051DB1401C80B28342E0D8834220
:10B3100045D8EFE6491C88B2A086218E884200D32A
:10B32000A786A18E32F81100C0F3C003002BF1D123
:10B33000C0F340100028EDD1DCE6A16A06EBC200A4
:10B340000B5A31F832001B1A5B1C43F34E031844AE
:10B3500005B2B4F934001DE009EBC00709EBC203E4
:10B36000CF5FCB5E9F4213DA31F93030A3EB0C0391
:10B37000AB420DDC06EBC003CB5EAB4208DBE36AFD
:10B3800033F81030C3F3401717B9C3F3C00323B128
:10B39000401E00B20028DFDAACE6002886DBA0867B
:10B3A000A8E60A8802804A8842808A888280C98802
:10B3B000C180704710B51022E4F706FD00B210BD41
:10B3C00010B51122E4F700FD00B210BD10B5122235
:10B3D000E4F7FAFC00B210BD10B51322E4F7F4FC58
:10B3E00000B210BD10B51422E4F7EEFC00B210BD9F
:10B3F00010B51522E4F7E8FC00B210BD10F007000C
:10B4000000D1012070472DE9F0410F4601210025B0
:10B41000044641862E460CE0AFF298110DF032FE44
:10B4200010B16D1CADB202E0608E401C6086761CCF
:10B43000B6B257F8260010B101780029ECD1208E61
:10B44000A8421ED0A06A002610B1FBF794FBA662AA
:10B45000E06A10B1FBF78FFBE662E800FBF775FBD3
:10B46000A06238B16800FBF770FBE06218B1A16A16
:10B4700011B102E0FEE7FEE700256900FBF722FDBF
:10B480002586BDE8F08170B50D4606468022FFF79F
:10B490001AFA044680213046FFF7BCF9002C06D08A
:10B4A00029463046BDE870408022FFF7C3B970BD21
:10B4B00010B50146F148E1F761FC0446E1F7F1FC03
:10B4C000204610BD70B504460D4608460DF0D3FD6C
:10B4D00094F82810C90710D0401CFBF736FB29460A
:10B4E00060620DF0EAFD00212046A162E3F7CAFA8E
:10B4F0002046BDE87040E2F7ACBA626A411C1046D3
:10B50000FBF74CFBEBE770B5044690F828000D46BE
:10B51000C00702D1606AFBF72EFB0121C4E9095183
:10B520002046E3F7AFFA2046BDE87040E2F791BA53
:10B53000406A704710B5D2A0486201200C4688626C
:10B5400002212046E0F796FD08212046E0F792FD13
:10B550002046BDE810404FF48061E0F78BBD10B588
:10B5600091F828000C46C00704D1606AFBF703FB82
:10B570000020606210BD2DE9F04FBDB00546DEF73A
:10B5800054FC04462846DEF7DDFD3B9000212046B2
:10B5900000F064F93290B0F90870002132222046A0
:10B5A000E4F712FC05460021204600F039F900EBD3
:10B5B000050B0021204600F03FF9054400212046FC
:10B5C00000F046F934904FF40031204600F034F991
:10B5D00081464FF40031204600F034F906464FF41E
:10B5E0000031204600F01CF933904FF40031204622
:10B5F00000F01CF9359068224FF400312046E4F742
:10B60000E3FB824669224FF400312046E4F7DCFB7D
:10B61000804615A8E9F758FA15AA4FF400312046DC
:10B62000E1F796FCA08A4119CA1909EB0600024409
:10B63000A2F10109E28A339802EB0B05359AEB1966
:10B6400010441E18A1EB0A00ADF8E40009EB0A0053
:10B65000ADF8E800A5EB0800ADF8E600761E06EBB5
:10B660000800ADF8EA0003A83B99E1F76EFF15A8C2
:10B67000079082484FF00008CDE9040839A80690E9
:10B680004FF40030109003AA1A212046DEF7AFFBDA
:10B6900039AA15A93B98E9F74FFA03AA1B212046BE
:10B6A000DEF7A5FB0021204600F0E1F882460021EC
:10B6B000204600F0D6F841F6FF72CDF800A0CDE9A3
:10B6C00001280346616A2FA8329AFDF726FA27A8B7
:10B6D000E7F70AFC27AA00212046E1F782FD701B4C
:10B6E000401C00B2C01B00EBD0704110349848449D
:10B6F000ADF89400BDF8BC201044ADF89800E28A83
:10B700000BEB01001044ADF89600BDF8BE10CDF86B
:10B7100000800844ADF89A0025AA27A9636A3B98DF
:10B72000E7F72AFC3DB0BDE8F08F2DE9FF5F0E463C
:10B730005248DEF7B7FA012861D13046DEF779FBCF
:10B7400005463046DEF771FB04464FF400382C2DD9
:10B7500008D0132D55D0152D51D104B03046BDE879
:10B76000F05F08E73046DEF768FB0546002120461B
:10B7700000F074F8064607890021204600F077F8AB
:10B7800081460021204600F06CF8002141F6FF724E
:10B79000CDF80090CDE901210346324603A8616A45
:10B7A000FDF7BBF90021204600F052F883464646DB
:10B7B0004146204600F040F881463146204600F0E0
:10B7C00041F880463146204600F02AF8824631464C
:10B7D000204600F02BF8024607EB0A00104407EB66
:10B7E0000901BDF80C2041440A4402EB0B012980F9
:10B7F000BDF90E1000B2884200DC08466880BDE842
:10B80000FF9F3046DEF719FB054641462046E1F72B
:10B8100032FEB5F90010814200DD08462880EEE7CF
:10B8200010B51022E4F7D0FA00B210BD10B5112205
:10B83000E4F7CAFA00B210BD10B51222E4F7C4FA58
:10B8400000B210BD10B51322E4F7BEFA00B210BD6D
:10B8500010B51522E4F7B8FA00B210BD5722E4F78C
:10B86000B3BA10B55822E4F7AFFA00B210BD10B564
:10B870005922E4F7A9FA00B210BD0000A80E04088E
:10B88000436865636B20626F7800000010B5014665
:10B89000FE48E1F773FA0446E1F703FB204610BDCA
:10B8A000826A8A4202D08162E2F7D3B870472DE9FA
:10B8B000F0410E00044603D00025A586284606E088
:10B8C000FEE70A2902D1A18E491CA186401C315CE9
:10B8D0000029F6D1A08E401CA086E586258730463B
:10B8E0000DF0C9FB471C206B30B194F83C10C90621
:10B8F00002D4FBF740F925633846FBF726F92063AD
:10B9000090B131460DF0D9FB94F83C0020F01001C5
:10B91000204684F83C10E2F79CF8606A002804D0C6
:10B92000BDE8F041E2F795B8FEE7BDE8F08170B5FB
:10B930000E00044603D00025A586294606E0FEE752
:10B940000A2802D1A08E401CA086491C705C0028E9
:10B95000F6D1A08E401CA086E586258794F83C0091
:10B96000C00604D4206B10B1FBF705F9256394F8E9
:10B970003C0040F0100184F83C1020462663E2F7BA
:10B9800068F8606A002803D0BDE87040E2F761B84B
:10B9900070BD2DE9F04716465FEA010904462FD035
:10B9A00094F83C00C00611D5256B28460DF063FBCA
:10B9B000401CFBF7CAF8206318B329460DF07DFB45
:10B9C00094F83C0020F0100184F83C10206BC8B1C2
:10B9D0000DF051FB054648460DF04DFB471C79190B
:10B9E000C91C206BFBF7DAF8206368B100214155D0
:10B9F000A6F57F40FF3811D000200546216B0AE0F4
:10BA0000FEE7FEE70025E6E7FEE7B04206D00A2A99
:10BA100000D1401C6D1C4A5D002AF6D1DFF870820F
:10BA20006DB1A08EB0420AD82946D8F800206D1C0E
:10BA3000206B9047014697A2206BFDF7CAF8B81C0F
:10BA4000FBF73EF9070023D049460DF036FBA08EE8
:10BA5000B04203D98FA138460DF0F5FAD8F800208E
:10BA60002946206B904701463A46206BFDF7B1F816
:10BA70003846FBF76FF9A08E401CA0862046E1F700
:10BA8000E8FF606A002804D0BDE8F047E1F7E1BFB5
:10BA9000FEE7BDE8F08710B50446006B002818D01B
:10BAA00094F83C10C90601D4FBF765F80020206328
:10BAB00094F83C1021F0100284F83C20A086204627
:10BAC000E1F7C7FF606A002803D0BDE81040E1F746
:10BAD000C0BF10BDC28E8A4207D0828E8A4200D873
:10BAE000511EC1860187E1F7B4BF704790F83C2032
:10BAF00002F00F038B4205D061F3030280F83C2073
:10BB0000E1F7A7BF7047C162E1F7A3BF10F83C2F70
:10BB100061F3451200F818290068002801D0E1F708
:10BB200098BF7047406A7047806A7047006B002872
:10BB300000D159A07047C08E7047808E70472DE9A4
:10BB4000F04104460025006B90460E462F4620B17A
:10BB50000DF091FA0246002007E00F70E5E6216B38
:10BB6000095C0A2900D16D1C401C904202D2218F31
:10BB7000A942F4D10021A8F1010507E0B8F1000FB6
:10BB800001D0A94208D27354401C491C904203D2F0
:10BB9000236B1B5C0A2BF1D17754C6E62DE9F041EB
:10BBA0000F46FFF7C3FF00252E46044620E0002580
:10BBB00000E06D1C605D0A2801D00028F9D13846EC
:10BBC0000DF059FAA84203D238460DF054FA00E0BD
:10BBD00028460246394620460DF062FA20B12C4430
:10BBE00020780A2802D002E030469EE6641C761CCB
:10BBF000605D0028DBD1401E97E6C06A704790F870
:10BC00003C00C0F34010704790F83C0000F00F007B
:10BC1000704770B5044600F0CDFC05001DD0E1F77B
:10BC20006FFF06462046E2F738F8864215DD002110
:10BC3000284600F0B6FC06890021284600F0B4FC36
:10BC4000E18E3044414309B20022606AE3F7BDFA55
:10BC5000606ABDE87040E1F7FCBE70BD2DE9F843B5
:10BC600004460121E0F74AFB2046E5F7BBF901460F
:10BC7000606AE5F7D6FA4FF0FF31606AE5F740FBFE
:10BC80000121606AE0F729FA002207E0C40E0408E7
:10BC9000D40200200A000000000000001F212046FE
:10BCA000DEF7A5F8204600F085FC8046216B01F008
:10BCB000B5FE42F2D171606AE2F79BFA4046E2F7C4
:10BCC000DBFC606AE1F722FF05462046E1F71EFF34
:10BCD00085420EDC94F83C0000F00F00042801D0EF
:10BCE000082806D12046E1F711FF0146606AE2F715
:10BCF00080FA4046E1F704FF07460021606A00F041
:10BD00004AFC05460021606A00F03FFC461900210C
:10BD10001122606AE4F758F82844B919084407B2B8
:10BD200094F83C003D4600F00F06082E02D0042E89
:10BD30001ED034E0F8F7B5FDF8F7B6FDB4F91A10E7
:10BD4000294488422BDAF8F7ACFDF8F7ADFDB4F9D9
:10BD50001A10411AB4F91600814201DA042605E0EE
:10BD6000F8F79FFDF8F7A0FD618B401A401E15E023
:10BD7000B4F91600401B12D5F8F793FDF8F794FDBF
:10BD8000B4F91A10B4F91650411AA94207DD082671
:10BD9000F8F787FDF8F788FD618B401A05B2BD42C0
:10BDA00000DD3D462946606AE2F70DFA2046FFF7BE
:10BDB00030FF0020082E06D0042E09D0012E0CD012
:10BDC000022E0FD015E0009000230D22606A0DE0D6
:10BDD000009000230A22606A08E0009000231022ED
:10BDE000606A03E000900023606A13222146E2F7B4
:10BDF00084FC606AE2F740FC94F83C0000F00F001D
:10BE0000012801D0022818D1606AE2F70AFE06462E
:10BE1000606AE2F726FE0546F8F743FDF8F744FDB1
:10BE2000A8420ADCF8F73DFDF8F73EFD281A301A63
:10BE3000401E01B2606AE1F72BFC00214046226BF4
:10BE4000E4F786FE022808D04FF0000303281A46C4
:10BE500001D0012104E0032102E000231A4602215F
:10BE600001B04046BDE8F043E2F739BC10B50446E6
:10BE70000121E0F749FA4FF6FF7060870121606AFF
:10BE8000E0F7F8F820460022BDE810402021DDF759
:10BE9000AEBF10B5406A0121E0F73DFA80F0010025
:10BEA00010BD70B500200C464862F7A1C4E90B1024
:10BEB000A06294F83C1041F0300184F83C10E08618
:10BEC00020874FF6FF716187A08694F83C004FF4FD
:10BED000806120F00F00083084F83C002046E0F735
:10BEE000C9F8EAA12046FFF722FD2046E5F77AF8D7
:10BEF0000146ED48E0F742FF0546E0F7D2FF6562F4
:10BF00006C6270BD70B5486A0C46002510B1E5F74B
:10BF10001AF9656294F83C00C00603D4206BFAF766
:10BF20002AFE256370BD10B50C464FF48061204693
:10BF3000E0F7D3F804212046E0F7CFF84FF40031C2
:10BF40002046E0F797F801212046E0F793F82046D5
:10BF5000BDE8104001F096B9486A0021416270477F
:10BF60002DE9F04FA7B00546DDF75FFF04462846F0
:10BF7000DEF7E8F822900021204600F00CFB054691
:10BF8000002112222046E3F71FFF28440FFA80FB0E
:10BF9000002113222046E3F717FF28440FFA80FA06
:10BFA0000021204600F0F1FA28440FFA80F918A881
:10BFB000E6F79AFF18AA4FF400312046E1F711F98D
:10BFC000A06A08B1179009E08020FAF779FE0546CB
:10BFD000014680222046FFF7B2FD179594F83C00F9
:10BFE000002700F00F00012800D101272046002182
:10BFF0001622E3F7E9FEC0B2012800D10127E06A6A
:10C00000002868D0E6F739FF804602280DD002A943
:10C01000E06AE9F774FC01281BD04FF0FF36354683
:10C02000E7B1A18A01EB0B001CE0BDF972009DF89D
:10C030007D2041F6FF718DE80700BDF97430189A34
:10C0400015A8E16AFCF769FDBDF95460BDF95650C9
:10C05000E6E70298C0F38A26450DE1E7218BA1EBC4
:10C060000A00801B711EADF814000844ADF81800DA
:10C07000B8F1020F5DD02046E1F742FD401BE18A96
:10C0800000EBD07001EB6000ADF81600691E0844AB
:10C09000ADF81A0011A8E6F761FD4FF4003811AAB7
:10C0A00041462046E1F7EBF806EBD6704010ADF8BC
:10C0B000480005EBD5704010ADF84A0020466D22CF
:10C0C0004146E3F781FEADF8440005AA11A9E36AF1
:10C0D0002298E6F79EFE09A8E6F706FF09AA0021C6
:10C0E0002046E1F77EF8BDF936009DF8412041F683
:10C0F000FF718DE80700BDF9383007A8099A179934
:10C10000FCF70BFDE18A01EB0900BDF81E10ADF84C
:10C110000E000844ADF81200E06AE0B13FB3218B95
:10C12000A1EB0A00BDF81C10B0EB0100ADF80C004B
:10C1300024E0E18A6D1E01EB0900ADF816002844E9
:10C14000ADF81A000020009005AA18A9E36A229809
:10C15000E6F712FFBFE72046E1F7D8FCBDF91C1057
:10C16000A28A401A00EBD07002EB6000DEE7A18AE1
:10C1700001EB0B00BDF81C10ADF80C000844ADF845
:10C1800010000020009003AA09A9179B2298E6F747
:10C19000F3FEA06A002802D11798FAF7DBFD27B05A
:10C1A000BDE8F08F38B50446DFF793F80546DFF7B2
:10C1B00041F90028204605D0218FE186E1F749FCAE
:10C1C000012038BDFFF765FE002820461ED0FFF78E
:10C1D0004DFE218FE08E81420CD02087E08E0090B2
:10C1E0006A461C212046DDF702FE0128E9D12046DF
:10C1F000E1F72FFC2846DFF76FF80428E0D120464E
:10C20000E0F79CF80021DEF76EF9D9E7FFF726FD8D
:10C21000D6E770B524480E461C38DDF743FD0128EB
:10C2200052D13046DDF705FE05463046DDF7FDFD0F
:10C2300004460E2D13D00F2D20D0102D1ED0082D0A
:10C240001FD02A2D32D0292D30D02C2D32D00D2DBB
:10C250003BD0152D38D13046BDE8704080E6E0F780
:10C260006DF8DEF780FA0546DFF733F8DFF734F8CC
:10C27000042829D1F5BB218F2046E186BDE8704016
:10C28000F4E5BDE870408DE7EF81B8004F70746948
:10C290006F6E20310A4F7074696F6E20320A4F70D2
:10C2A00074696F6E20330000E00E0408BDE8704032
:10C2B000E2F7E8BB3046DDF7C0FD05460021204629
:10C2C00000F06FF90089688070BD3046DDF7B5FD7C
:10C2D0000078132811D012280FD0142818D0112854
:10C2E00016D01B28C7D00A28EED1DFF7C6F8A04227
:10C2F000EAD000E01AE02046C3E72046FFF7C9FD78
:10C30000A0B1E08EA18E401C8842DDD2214608E01B
:10C310002046FFF7BEFD48B1E08E0028D4D021466C
:10C32000401EE086BDE87040084672E42046BDE845
:10C33000704093E42DE9F0430E46A2F57F4191B0A1
:10C3400090460546FF3956D06C6A278C9F4204D030
:10C350002384608C40F00400608406A8E6F7C4FDE6
:10C360004FF4802906AA49462046E0F73AFF49469D
:10C37000204600F019F9ADF82A00284600F01AF915
:10C38000050038D00698B5F91620B0F90810BDF9A7
:10C390002A0000EB010C08FB0C2200EBD073A2EB8F
:10C3A00063021044491EADF80A200844ADF80E009F
:10C3B000A08AADF80800208BADF80C0002AA0EA8E8
:10C3C000B168F9F7D9F888B10EA8D6F80880B0603E
:10C3D000284600F061FF03460020009005F114029A
:10C3E00006A93046E6F7C8FDC6F808802784608CA9
:10C3F00020F00400608411B0BDE8F0832DE9F04F17
:10C400008B46A2F57F4195B091460646FF3944D050
:10C41000746A208C8046984204D02384608C40F05B
:10C42000040060844FF4802A5146204600F0B9F899
:10C4300007465146204600F0B7F80546B7F90870A0
:10C44000304600F0B7F8B0F916107A1909FB02115E
:10C4500005EBD570A1EB6000ADF8060038446D1E09
:10C460002844ADF80A00706A818AADF80410008B88
:10C47000ADF8080006A8E8F727FB06AA51462046B3
:10C48000E0F766FD01AA06A95846E8F755FBA4F8AF
:10C490002080608C20F00400608415B080E62DE9D7
:10C4A000F0410D46044600F085F8071E19D0F88AC1
:10C4B00000212D1A384600F074F80689002138460C
:10C4C00000F072F800EBD07105EB6101304409B265
:10C4D00000B291FBF0F0A18E80B2814201D8491EDA
:10C4E00088B2BDE8F081F8B50F460846DDF7A1FC3B
:10C4F0000546182805D039467348DDF7D3FB0128D7
:10C500003AD13846DDF791FC446A0646082D0ED034
:10C51000012D17D0092D30D0182D2DD1384600F01F
:10C5200050F83946BDE8F8406748DDF7BBBBDEF799
:10C53000D0FEDEF77FFF00281ED13046BDE8F84070
:10C5400000F087B8DEF7C5FE050015D0DEF7C4FEA3
:10C55000012804D02846DEF7BFFE03280CD1694627
:10C560002846DEF73CFFBDF902102046FFF797FF93
:10C5700060873046E1F76DFAF8BD4FF6FF706087CF
:10C580003046BDE8F840E1F764BA10B51022E3F791
:10C590001BFC00B210BD10B53222E3F715FC00B24F
:10C5A00010BD5722E3F710BC10B55922E3F70CFC7D
:10C5B00000B210BD406A002802D00021E4F7DCBCC4
:10C5C00070477CB50546DDF730FC446A2846DDF748
:10C5D000B9FD626A0546816868461432F8F7CCFFF7
:10C5E000002835D0AE68C5F808D094F83C00800625
:10C5F00021D5628FE08E824208D121232946204630
:10C60000FFF7FCFE2046628F21231DE020232946F0
:10C610002046FFF7F3FE2046628F20232946FFF7CE
:10C6200089FE2046E28E01232946FFF7E7FE2046D9
:10C63000E28E012308E02046628F20232946FFF77F
:10C64000DDFE628F204620232946FFF773FEAE6091
:10C650007CBD7CB5446ADEF73CFE0546DEF73CFE59
:10C6600004280CD1E18E20462187DFF767FE0646BD
:10C67000DEF779F818B100213046DDF734FF28469F
:10C68000DEF72AFE012804D02846DEF725FE03281F
:10C690000AD101A92846DEF7A2FEBDF90610204600
:10C6A000FFF7FDFEE08620872046FFF7DFFBA06A4C
:10C6B00010B92046E1F7CDF9E08E00906A461C21C2
:10C6C0002046DDF794FB7CBDE00E040810B5014662
:10C6D000FE48E0F753FB0446E0F7E3FB204610BDBD
:10C6E0002DE9F04385B088460446E1F7B2F94046AB
:10C6F000E6F7C3FB05464FF00009032809D003A95C
:10C700004046E9F7FCF8C5B1012D24D0022D22D016
:10C7100068E094F8380000F00300022801D00128F6
:10C7200002D1606AFAF727FA44F8249F207D40F08E
:10C730000300207505B0BDE8F08394F8380000F0E0
:10C740000300012801D0022802D1606AFAF713FA27
:10C75000C4F8248046E0606A404519D094F8381047
:10C76000002601F00301012901D0022900D106466B
:10C7700040460CF080FC401CFAF7E7F907000AD0AD
:10C7800041460CF09AFC676216B13046FAF7F3F9AD
:10C79000022D01D026E0FEE7204600215722E3F7D4
:10C7A00013FB0646204600215822E3F70DFB07B293
:10C7B000204600215922E3F707FB00B241F6FF7241
:10C7C0008DE805023B463246414604A8FCF7A5F930
:10C7D000BDF81010039861F39420BDF8121061F3B6
:10C7E0005F50039094F8380065F3010084F8380036
:10C7F0000398C0F38A21A185430DE38594F838207E
:10C8000060F3860284F838204A08810D628620464B
:10C81000A186E2F737F9208E18B9E08EB0F5807F57
:10C8200002D02046E0F7A9FE2046E1F712F981E7A1
:10C83000B0F92C2091FBF2F302FB13110185E1F713
:10C8400008B9B0F92E2091FBF2F302FB13114185D8
:10C85000E1F7FFB82DE9FF4104464FF461600D4652
:10C86000814203D395FBF0F100FB1155208EA842C5
:10C8700067D02046E1F700FF2046E1F747F9804600
:10C880002046E1F73DF9074604F13206E08ECDE996
:10C890000006B4F930303A46414602A8E8F707FCF2
:10C8A000BDF80810A08A0844ADF80800BDF80A10C9
:10C8B000E08A0844ADF80A00BDF80C10A08A0844CC
:10C8C000ADF80C00BDF80E10E08A0844ADF80E007B
:10C8D00002A92046E1F7A3F820462586E4F78AFB63
:10C8E00005460021DDF7A5F92046E0F746FE0121C7
:10C8F0002846DDF79EF9E08ECDE90006B4F9303028
:10C900003A46414602A8E8F7D2FBBDF80800A18AE2
:10C910000844ADF80800BDF80A00E18A0844ADF803
:10C920000A00BDF80C00A18A0844ADF80C00BDF85F
:10C930000E00E18A0844ADF80E0002A92046E1F796
:10C940006EF8BDE8FF812DE9FF470446B0F93200DB
:10C950000F461646B84203D1B4F93400B04268D04D
:10C960002046E1F789FE2046E1F7D0F881462046CF
:10C97000E1F7C6F8804604F13205E08ECDE9000506
:10C98000B4F930304246494602A8E8F790FBBDF8BA
:10C990000810A08A0844ADF80800BDF80A10E08A23
:10C9A0000844ADF80A00BDF80C10A08A0844ADF8A0
:10C9B0000C00BDF80E10E08A0844ADF80E0002A984
:10C9C0002046E1F72CF867862046A686E4F712FB9E
:10C9D00006460021DDF72DF92046E0F7CEFD0121C6
:10C9E0003046DDF726F9E08ECDE90005B4F93030A8
:10C9F0004246494602A8E8F75AFBBDF80800A18A5A
:10CA00000844ADF80800BDF80A00E18A0844ADF812
:10CA10000A00BDF80C00A18A0844ADF80C00BDF86E
:10CA20000E00E18A0844ADF80E0002A92046E0F7A6
:10CA3000F6FFBDE8FF872DE9FF410446C08E0D4695
:10CA4000A84275D005B901252046E1F715FE20461C
:10CA5000E1F75CF880462046E1F752F80746E08EA1
:10CA600004F13206000ACDE90006B4F930303A4646
:10CA7000414602A8E8F71BFBBDF80810A08A08444D
:10CA8000401EADF80800BDF80A10E08A0844401EB8
:10CA9000ADF80A00BDF80C10A08A0844401CADF89F
:10CAA0000C00BDF80E10E08A0844401CADF80E00E2
:10CAB00002A92046E0F7B3FF2046E586E4F79AFA9C
:10CAC00005460021DDF7B5F8204601E0FC0E04081C
:10CAD000E0F753FD01212846DDF7ABF8E08ECDE904
:10CAE0000006B4F930303A46414602A8E8F7DFFACA
:10CAF000BDF80800A18A0844401EADF80800BDF842
:10CB00000A00E18A0844401EADF80A00BDF80C0096
:10CB1000A18A0844401CADF80C00BDF80E00E18A63
:10CB20000844401CADF80E0002A92046E0F777FF4C
:10CB300007E790F83820B1EBD21F05D061F3C71298
:10CB400080F83820E0F785BF704790F8392002F070
:10CB500003028A4203D080F83910E0F77ABF7047A9
:10CB6000406A7047B0F928007047B0F92A00704752
:10CB7000008E7047D0F8320008607047C08E704752
:10CB800090F83800C009704790F8390000F00300B1
:10CB9000704770B500254D6291F838000C4620F0C2
:10CBA0007C0040F0030081F838000846E0F7AEFF53
:10CBB000A0852046E0F7A4FFE08525864FF480702D
:10CBC000E08694F83800022140F0800084F83800B4
:10CBD000258565856586A58684F839502046DFF76A
:10CBE0007CFA2046BDE870404FF48031DFF742BA4E
:10CBF00010B591F838000C4600F00300012801D070
:10CC0000022809D154F8240FF9F7B5FF002020605D
:10CC1000207D40F00300207510BD1FB500F13202E9
:10CC2000C18ECDE90012B0F93030B0F92E20B0F944
:10CC30002C1002A8E8F73BFABDF80C00BDF808106C
:10CC4000BDF80A20411A2046491C61F30F00BDF8C7
:10CC50000E1004B0891A491C61F31F4010BD2DE964
:10CC6000F04F9DB08346DDF7E4F806465846DDF701
:10CC7000DCF80446122E7DD0152E01D0182E7AD164
:10CC8000E0F744FF03902046E0F73AFF0490204687
:10CC900000213222E3F798F80546204600211222AF
:10CCA000E3F792F828440FFA80F820460021132277
:10CCB000E3F78AF828440FFA80FA20460021102270
:10CCC000E3F782F8284407B2204600211122E3F757
:10CCD0007BF82844618E0FFA80F901EB0800ADF86B
:10CCE0006400A08E3844ADF8660094F8390000F076
:10CCF000030001287ED019A9E08ECDE90001DDE90D
:10CD00000312B4F9303005A8E8F7D1F9BDF81410D2
:10CD1000A08A0844ADF81400BDF81610E08A084453
:10CD2000ADF81600BDF81810A08A0844ADF8180038
:10CD3000BDF81A10E08A0844ADF81A0004F1140195
:10CD40000D461AA8129100F093FA05A9284600F0A2
:10CD50008FFA5946FE48DCF7A5FF012861D11AA9D0
:10CD6000129800F085FA152E5BD1E08D002858D07E
:10CD7000A08D01E058E054E0002852D0E08E002859
:10CD80004FD05846DDF7DEF9064603A8129900F0A9
:10CD90006FFA2046FFF741FF054694F8390000F08E
:10CDA000030001287DD0BDF81800BDF81410401A0A
:10CDB000BDF80C100844ADF81000BDF81A00BDF81D
:10CDC0001610401ABDF80E1000EB0100BDF80C1053
:10CDD000ADF8120001EB0800ADF80C00BDF80E0034
:10CDE000BDF810103844ADF80E00A1EB0A00ADF804
:10CDF000100000E07DE0BDF81210A1EB0900ADF8D5
:10CE0000120094F8381001F0030001286FD0890750
:10CE10006DD002286CD0002319463046129AE5F7EF
:10CE2000F8FF1DB0BDE8F08F5846DDF706F805465F
:10CE300000780228F5D094F838004FF00106C1437D
:10CE400089074ED000F0030102294AD0C0F38400C4
:10CE5000042801D0012844D1204600214622E2F7CF
:10CE6000B3FFC0B2FF283CD1208ED0BB5846DCF7C0
:10CE7000E4FF0746E08EB0F5807F34D02046E0F72F
:10CE80003FFE80462046E0F741FE014604F13202B3
:10CE9000E08ECDE900020023424603A8E8F707F937
:10CEA00000E02BE0BDF80C00A18A00220844ADF898
:10CEB0000C00BDF80E00E18A0844ADF80E00BDF884
:10CEC0001000A18A0844ADF81000BDF81200E18AF4
:10CED0000844ADF8120003A93846F8F762FC0028B0
:10CEE0009FD12E709DE7002204F11401F4E730E099
:10CEF000B7E005A92046E0F7CFFD1FE7B4F92C0005
:10CF000029B2401ABDF80C10401C00EBD070A1EB08
:10CF10006001ADF80C10BDF81010BDF80E20A1EBAB
:10CF20006000ADF81000B4F92E002914401A401C1E
:10CF300000EBD070A2EB6000ADF80E00B4F92E004B
:10CF4000401ABDF81210401C00EBD070A1EB60003D
:10CF50003CE711A8E5F702FE11AA00212046E0F700
:10CF60008EF9E08EADF84600208EADF84400608E5C
:10CF7000ADF84800A08EADF84A0094F83800BDF82E
:10CF80001410C0098DF8580001EB0800ADF85C00E2
:10CF9000BDF81600BDF818103844ADF85E00A1EBDE
:10CFA0000A00BDF81A10ADF86000A1EB0900ADF859
:10CFB0006200B16817AA0F461046F8F7DDFA00289C
:10CFC00090D017A8B060BDF90E10608D084400B273
:10CFD000ADF80200884203DDE18D401AADF8020091
:10CFE000E18D80B20844401E31E000BFBDF90C1055
:10CFF000208D084400B2ADF80000884203DDA18D09
:10D00000401AADF80000A18D80B20844401E0DE02A
:10D010006A4611A93046636AE5F7FBFEBDF80000D9
:10D020002844ADF80000BDF804002844ADF8040021
:10D03000BDF90010BDF910008142E9DBBDF8021016
:10D0400028140144ADF80210BDF806100844ADF8EC
:10D050000600BDF90210BDF912008142C6DBB760BF
:10D06000DFE60AA8E5F740FF0AAA00212046E0F71C
:10D07000B8F800200090636A0AA93046129AE5F7D2
:10D080007BFFCEE62DE9FF410F460846DCF7D1FED7
:10D090000546152807D0182D05D039462C48DCF751
:10D0A00001FE01286BD13846DCF7BFFE04462A2D6D
:10D0B00012D04FF48076132D20D0112D60D02C2D5E
:10D0C0007DD0152D03D0182D01D0122D57D104B0CD
:10D0D0003846BDE8F041C2E594F8380000F003009E
:10D0E0000228204604D004B0BDE8F041E0F745BA7C
:10D0F000616A04B0BDE8F041FFF7F2BA3846DCF7E8
:10D100009CFE0546208E10B9E08EB04237D02046F6
:10D11000E0F7FCFC06462046E0F7F2FC074604F187
:10D120003201E08ECDE90001B4F930303A463146A3
:10D1300002A8E7F7BCFFBDF90800B5F900104042AE
:10D14000814200DD084600B22880BDF90A1001E0E6
:10D15000FC0E04084942884200DC084600B22880E0
:10D16000BDF90C10891B884200DC084600B22880FB
:10D17000BDF90E10C91B884200DC08462880D7E4A0
:10D180003846DCF75AFE05462046E0F7BFFCB4F906
:10D190002C1088424DD12046E0F7B2FC0146B4F98C
:10D1A0002E00814245D1E18EB14213D1218E89B941
:10D1B000B4F92C10B4F9322001EBD17100E043E056
:10D1C000B2EB610F06D1B4F9341000EBD070B1EBC3
:10D1D000600F2ED02046E0F799FC06462046E0F787
:10D1E0008FFC024604F13201E08ECDE90001B4F972
:10D1F0003030314602A8E7F75AFFBDF80800A18A8F
:10D2000000220844ADF80800BDF80A00E18A08448D
:10D21000ADF80A00BDF80C00A18A0844ADF80C0076
:10D22000BDF80E00E18A0844ADF80E0002A8296896
:10D2300006E069462046E1F767FC00226846296857
:10D24000F8F700FA287173E43846DCF7F6FD054676
:10D2500094F8390000F00300012804D0A08D288044
:10D26000E08D688064E42046FFF7D7FC28605FE427
:10D270000A8802804A8842808A888280C988C18060
:10D280007047000010B50146FE48DFF777FD044601
:10D29000DFF707FE204610BD406A70472DE9F04FCA
:10D2A0008BB00D00804659D000211222E2F78CFD90
:10D2B00029881022081A60F30F0440460021E2F783
:10D2C00083FD6988081A60F31F44A14608A94046F7
:10D2D000E0F7E8FBBDF82400BDF820100025401A57
:10D2E000401C00B2D8F8247005902C4629464046D0
:10D2F00001F04BF802900021404601F04FF80090F9
:10D300000021404601F044F803900298AB465E4687
:10D31000B0F90800079098F84800C10600D501262A
:10D32000800601D546F002060021404601F027F8AC
:10D33000A0F51C51D13905D1B8F82200400501D41F
:10D3400046F0040640460021D8F82420E3F700FC0C
:10D3500082460099079800EB010821E0FEE70020D3
:10D36000CDE90006DDE902127819059BFBF75BFBAE
:10D37000044407984FEA2942584482420BDCC24ACF
:10D38000009469461268384690470A280BD0385DE9
:10D3900048B9641C07E008EB0B000FFA80FB254638
:10D3A000785D0028DBD107EB050B4FF00008BAF1E0
:10D3B000020F03D0BAF1030F16D025E0DDE90223F6
:10D3C000611B58460096FBF75FFABDF82410BDF8C4
:10D3D000202000EBD070891A491C09B201EBD171F1
:10D3E0004910A1EB60000DE0DDE90223611B584606
:10D3F0000096FBF749FABDF82410BDF82020891AE1
:10D40000491C081A0FFA80F800208DF8180082468F
:10D41000049044BB2BE004AB6A4601A95846FBF7D5
:10D420001EFAF00706D004981BF8001006A8FBF7B8
:10D43000FBF9C0B9DDE90110009AF6F7B8FF01B2B7
:10D440000FFA89F208EB010082421EDB04994A19A7
:10D45000A2421AD00AEB0502BA5CB2B1039A8A461C
:10D4600010440FFA80F804982844A042D3D3874C84
:10D47000584604992268904706462268294638464D
:10D4800090470BB03044BDE8F08FCDF810A0EEE728
:10D49000A0F84610E0F7DDBAA0F84410E0F7D9BADA
:10D4A0002DE9F04F0446406A97B000287ED04FF037
:10D4B000FF3903A92046C4F83090E0F7F3FABDF82D
:10D4C0001000BDF80C10401A401C0FFA80F8002123
:10D4D000204600F05AFF05460021204600F05EFF7E
:10D4E00007460021204600F053FF824694F848008A
:10D4F0000026C10600D50126800601D546F00206A9
:10D500000021204600F03BFFA0F51C51D13904D189
:10D51000608C400501D446F004060097CDE90186F1
:10D5200053462A4616A8616AFBF7F7FA2046E1F748
:10D53000A9FA94F848004FF6FF7B00F007004FF07F
:10D540000008022804D003287ED001287DD001E203
:10D550000021204600F028FF0604360C08D12046A2
:10D56000E3F748FDF7F7FAFA032190FBF1F086B2F2
:10D5700005A8F7F7B7FD4FF4967005941290149034
:10D58000BDF81000BDF80C10BDF95820401A401C21
:10D59000002700B2ADF854B0904233DA0021801A6F
:10D5A000CDE90E103A480D91014600E0D5E1069014
:10D5B0002046F7F740FE00210A4620B1016B90F8A3
:10D5C0004200C0F34002109888420FDD9DF85600DB
:10D5D000119120F001008DF856003AB140F00200A0
:10D5E0008DF856000F990D980D910F9030460F9AB7
:10D5F0000D99F7F748FE1090139005A8F7F7B8FDBE
:10D60000012705E022492046F7F785FDA4F844806C
:10D61000BDF81200BDF80E10BDF95A20401A401C8A
:10D6200000B290427EDA002F7CD1821AB5F9080050
:10D630000021101ACDE90E1016480D9101460690F2
:10D640002046F7F7F8FD01E02EE0D0E000210A4681
:10D6500020B1016B90F84200C0F34002109888425C
:10D660000FDD9DF85600119120F001008DF8560055
:10D670003AB140F002008DF856000F990D980D91C7
:10D680000F9009E0180F0408D0020020D4020020F7
:10D6900099D4020891D4020830460F9A0D99F7F7F1
:10D6A000F2FD109013909EE0204600216322E2F7E5
:10D6B0008BFB06460021204600F076FE07043F0C57
:10D6C00008D12046E3F796FCF7F748FA032190FBD0
:10D6D000F1F087B205A8F7F705FDBDF81000BDF819
:10D6E0000C100594401A401CBDF9581000B2ADF85A
:10D6F00054B04FF00009884234DA202211462846FF
:10D70000F6F755FEBDF9581000EB400008444142C1
:10D71000CDE90E91F8480A460690CDF83490494676
:10D72000384600E032E0F7F7AEFD1090F2492046AF
:10D73000F7F781FD00B1006B26B1306B1190F06BF3
:10D74000149009E01099814206DD11909DF8560071
:10D7500020F001008DF8560005A8F7F709FD4FF0FD
:10D76000010905E0E4492046F7F7D5FCA4F8448018
:10D77000BDF81200BDF80E10401A401CBDF95A1039
:10D7800000B2884202DAB9F1000F06D0DB49204628
:10D79000F7F7C1FCA4F84680DCE0B5F908200020CA
:10D7A000114449420D90CDE90E01D4480A46069035
:10D7B00038460D99F7F767FD1090D0492046F7F7E6
:10D7C0003AFD00B1006B26B1306B1190F06B1490F4
:10D7D00009E01099814206DD11909DF8560020F075
:10D7E00001008DF8560005A8F7F7C2FCB2E0BDF8BD
:10D7F0001200BDF80E10401A401C01B2BDF95A00CB
:10D80000814209DAB5F90810884205DDBC49606A31
:10D8100009688847032802D8C4F82C909AE0BDF81C
:10D820001000BDF80C102E22461A11462846761C10
:10D83000F6F7BDFD5044A0EB80003044ADF8000089
:10D84000BDF81200BDF80E10401A401C00B2ADF831
:10D850000200B5F90820D11990FBF1F301FB130187
:10D860008A42A0EB010004DCADF8020029890844DB
:10D8700000E0C01BADF8020069462046FFF70EFD30
:10D880008146606A0BF0F7FB9E4A074649461268DC
:10D89000606A90479C4D019005E02A6801A9606A82
:10D8A0009047A9F101090198C01CB842F5D800259C
:10D8B000DFF858B2019EAA46606A01990844DBF875
:10D8C00000108847924A2844C5B2126801A9606ACC
:10D8D0009047032D07D80198B84204D80AF1010AED
:10D8E000BAF1030FE8D9616A204601EB060A074640
:10D8F00000F05DFD042D12D9681CF9F726F9B86215
:10D9000040B32A465146F9F749FAB96A01F8058049
:10D9100097F8480040F0400087F848000BE097F87F
:10D9200048002A4620F0400087F84800514607F199
:10D930002800F9F733FA00202E213318626A401CC0
:10D940000328D154F9D3616AF61C09F1030001F8E8
:10D950000680E0622046E0F77CF817B093E570B5EA
:10D960000D460446E0F775F805B9656A606AA84295
:10D970000CD194F84810090708D40BF07CFB411C2B
:10D98000606AF9F70BF96062D0B9FEE738B194F834
:10D990004810090703D4F9F7EEF800216162284620
:10D9A0000BF069FB401CF9F7D0F8606260B12946C2
:10D9B0000BF083FB94F8480020F0080184F848102D
:10D9C0002046BDE870406BE5FEE70FB470B5044635
:10D9D000059800B32046E0F73CF80598E0B1606A8E
:10D9E000002530B194F84810090702D4F9F7C3F8BC
:10D9F000656206A90598FBF736F9606294F848005D
:10DA000020F00801204684F8481000BFFFF748FDC9
:10DA100070BC5DF814FBFEE72046F7E770B50446DE
:10DA200090F848000D46000705D4606A18B1F9F770
:10DA3000A2F80021616235B194F8480040F0080175
:10DA400084F8481065622046BDE8704028E52DE95D
:10DA5000F0410446054690F8480000F00700012810
:10DA600023D1E96A481C20D0264A686AC91E126878
:10DA70009047024694F848100020490601D5A16A53
:10DA800006E004F1280103E00F5C401CF754C0B22B
:10DA90006E6A1318F75C002FF6D1095C10443154FC
:10DAA000204600F084FC781EE862BDE8F08170B585
:10DAB0000D4604461049F7F72EFB10492046F7F7AC
:10DAC0002AFB0020A4F84400A4F84600022D0ED042
:10DAD000032D0CD0042D0AD094F8480020F020012A
:10DAE00001F0070084F84810012813D018E094F8DA
:10DAF000480040F02001F3E799D4020891D40208CD
:10DB0000D8020020C8020020D0020020C00200205D
:10DB1000C4020020E06A401C02D02046FFF797FFB5
:10DB200094F8480065F3020084F848002046BDE8F8
:10DB30007040B5E490F84820C2F300138B4204D043
:10DB400061F3041280F84820AAE47047C163DFF74C
:10DB500080BF0164DFF77DBF90F8480000F0070048
:10DB6000704790F84800C0F3001070472DE9F74F58
:10DB70008AB05FEA0209804664D0D8F82450404653
:10DB80002A460021E2F7E4FF8346287800285AD08D
:10DB900007A94046DFF786FFBDF82000BDF81C103E
:10DBA0000024401A401C00B20490264621464046FC
:10DBB00000F0EBFB03900021404600F0EFFB0690E5
:10DBC0000021404600F0E4FB02900398A24657462D
:10DBD000B0F90800059098F84800C10600D5012763
:10DBE000800601D547F002070021404600F0C7FB40
:10DBF000A0F51C51D13905D1B8F82200400501D457
:10DC000047F00407FC4A28460B9912689047804663
:10DC1000A85DA0B3DDE90510084409900020CDE916
:10DC20000007DDE902212819049BFAF7FCFE0644EF
:10DC3000B04525D3A85D10B30998344650440FFA77
:10DC400080FAEBE7FEE70020A9F802005946BBF195
:10DC5000010F07D0022909D0BBF1030F04D14046C0
:10DC6000E0F739F9A9F800000DB00CE44046E0F700
:10DC700032F900EBD0704110A9F80010F4E7FFE78B
:10DC8000B8F1000F12D005EB080010F8010C0A28BB
:10DC900001D00D280AD115F8080038B9DDE90501D1
:10DCA000014401EB0A000FFA80FA44462819CDE935
:10DCB0000070DDE90103A8EB0401039AFAF7E4FD23
:10DCC00005460B98A04202D00298284405B2BBF149
:10DCD000020F03D0BBF1030F16D025E00097DDE95A
:10DCE0000103311B039AFAF7CFFDBDF82010BDF8F0
:10DCF0001C2000EBD070891A491C09B201EBD171CC
:10DD00004910A1EB60000DE00097DDE90103311B34
:10DD1000039AFAF7B9FDBDF82010BDF81C20891A46
:10DD2000491C081A284405B2A9F80050A9F802A015
:10DD30009AE72DE9F04F95B05FEA010A80465FD07F
:10DD400010A94046DFF7AEFEBDF84400BDF8401014
:10DD50000024401A401C00B2D8F824700A902546CE
:10DD60002146404600F011FB03900021404600F0A0
:10DD700015FB00900021404600F00AFB029003983A
:10DD80000021B0F908000B904046D8F82420E2F7B3
:10DD9000DFFE834698F84800A1464E46C10600D5EE
:10DDA0000126800601D546F002060021404600F01B
:10DDB000E6FAA0F51C52D13A05D1B8F8221049056F
:10DDC00001D446F004060B99009801EB0008385D79
:10DDD000B8B10020CDE90006DDE9022138190A9B1F
:10DDE000FAF721FE0B990544BAF9022009EB01006C
:10DDF000824206DD08EB09000FFA80F92C46E6E7BF
:10DE0000FEE74FF00008C146BBF1020F03D0BBF1A3
:10DE1000030F16D025E0DDE90232291B38190096E0
:10DE2000FAF732FDBDF84410BDF8402000EBD07089
:10DE3000891A491C09B201EBD1714910A1EB6000AC
:10DE40000DE0DDE90232291B38190096FAF71CFDB6
:10DE5000BDF84410BDF84020891A491C081A0FFA71
:10DE600080F800208DF84800089004940C90FDB1D3
:10DE70006D1E0498A8421BD804AB0CAA08A938460A
:10DE8000FAF7EDFCF00706D00498395C12A8FAF70F
:10DE9000CBFC0028EDD1C1460C9A08990398F6F7FF
:10DEA00086FA4044BAF9001000B2814216DA0494AE
:10DEB0000C9A08990398F6F77AFA0299029B0144A2
:10DEC000BAF90000A9EB0302491C90420CDB49445B
:10DED000884209DC012015B0BDE8F08F0299049C4E
:10DEE00008440FFA80F8C4E70020F4E7C06B7047DD
:10DEF000006C70472DE9F04117000D46044626D00E
:10DF000094F84800000724D42046DFF7A2FD606A99
:10DF10000BF0B1F8064638460BF0ADF88119491CF4
:10DF2000606AF8F73BFE606290B1A5F57F41FF396A
:10DF300003D132490968884705463A462946606A4E
:10DF4000FAF747FE2046BDE8F041002107E5FEE76D
:10DF5000FEE7AAE570B5044690F8480015460E465F
:10DF600000070CD42046DFF774FD2A463146606A6C
:10DF7000FAF755FE2046BDE87040FFF791BA70BD34
:10DF800010B50C460020486214F8481F21F0180113
:10DF900004F81C19411E2160227F22F0070222771B
:10DFA00020836083E060C4E90110090C2161616194
:10DFB00044F8040C14F81C0F022120F0400004F86F
:10DFC00048092046DEF789F800212046FFF76FFD5B
:10DFD0002046BDE810400AA1C1E410B508460C4631
:10DFE00000F0E5F994F84800000702D4606AF8F7F9
:10DFF000C2FD0020606210BDC8020020D8020020CF
:10E0000054657874000000002DE9F04798B005468B
:10E01000DBF70BFF04462846DCF794F8064609A90F
:10E020002046DFF73FFD94F848000025C10600D5E3
:10E030000125800601D545F002050021204600F0AB
:10E040009EF9A0F51C51D13904D1608C400501D452
:10E0500045F004050BA8E4F747FFB4F84400ADF819
:10E060004200B4F84600ADF844008DF849500BAAC0
:10E0700000212046DFF7B5F89DF848004FF0010871
:10E0800008B98DF84880E06B0C90206C0D900C99CD
:10E090004FF6FF7081421ED00D9981421BD04FF484
:10E0A00080292746552249462046E1F78DFE024643
:10E0B00049463846E2F7F4FB0090BDF80000ADF8A1
:10E0C0003A00204620224946E1F77EFE0090BDF846
:10E0D0000000ADF83C0094F8480041F6FF7A00F0EB
:10E0E0000700022801D003281ED19DF8480002280D
:10E0F00001D0032818D1BDF93E10CDE9001A0295D0
:10E10000BDF940300B9A16A8616AFAF706FDBDF812
:10E110002800BDF82410401A401CBDF9581000B268
:10E12000884201DA8DF8488094F8480004F13007FD
:10E1300000F00700032809D0BDF82A00BDF826101A
:10E14000401A401C00B2B0F5806F00DA002709A920
:10E1500014A8B268F7F710FA00287DD094F84800A8
:10E1600040070BD12046E0F7D8FD404202B2002123
:10E1700009A8F7F7F4F9608BADF82A0094F8480085
:10E180000DF1500900F00700022813D0032811D028
:10E19000009709AA0BA93046636AE4F7EDFEB06860
:10E1A000C6F80890804694F8480000F0070003285D
:10E1B0000FD05FE0D6F80880C6F80890009709AA4B
:10E1C0000BA93046636AE4F7D7FE4046C6F80880DC
:10E1D000E6E7BDF93E10CDE9001A0295BDF94030E1
:10E1E0000B9A06A8616AFAF798FCBDF82800BDF8FA
:10E1F0002410401A401CBDF9181000B2884219DAE8
:10E20000202211460B98F6F7D2F8B4F84410BDF866
:10E21000182000EB400011440844ADF84200B4F867
:10E220004600ADF84400009709AA0BA93046636A7E
:10E23000E4F7A2FEBDF82A00BDF82610401A401CE3
:10E2400001B2BDF91A00814214DAB4F84410ADF8F5
:10E2500042100B99098900E00EE0B4F846200097BF
:10E2600010440844ADF8440009AA0BA93046636A7B
:10E27000E4F782FEC6F8088018B0BDE8F0872DE903
:10E28000FF470E465348DBF70DFD012875D1304698
:10E29000DBF7CFFD04463046DBF7C7FD05462A2CE9
:10E2A0001BD0132C0AD0292C17D02C2C1DD0152CA8
:10E2B00063D104B03046BDE8F047A5E6002100F088
:10E2C00064F8B0F9080004B0C11700EB9170811038
:10E2D0003046BDE8F047DBF75EBFFFF7B8FB04B0A0
:10E2E0002846BDE8F047FFF7DBB8002100F04DF805
:10E2F00081460021284600F04BF880460021284640
:10E3000000F04CF8074695F848000024C10600D5F7
:10E310000124800601D544F002042846DFF7DBFD26
:10E320000021284600F02BF8A0F51C51D13905D169
:10E33000688C400502D441F6FF7002E02846DFF702
:10E34000CAFD0097CDE9010443464A4603A8696A1D
:10E35000FAF7E3FB3046DBF770FDB0F90020BDF9BA
:10E360000C108A4200DD11460180B0F90220BDF98F
:10E370000E108A4200DD11464180BDE8FF8710B5CE
:10E380000122E1F721FD00B235E65722E1F71CBD7D
:10E3900010B55822E1F718FD00B22CE610B559224D
:10E3A000E1F712FD00B226E66522E1F70DBD10B5DA
:10E3B000044690F84800400603D5A06A08B1F8F773
:10E3C000DAFB94F8480020F0400084F84800002070
:10E3D000A06210E6180F040810B501467748DEF772
:10E3E000CDFC0446DEF75DFD204610BD10B5416250
:10E3F00004460285E0F746FB2046BDE81040DFF703
:10E4000028BB90F82A2002F001028A4203D080F84B
:10E410002A10DFF71EBB704790F82A0000F00100B9
:10E420007047084600210185416280F82A100221C8
:10E43000DDF753BE2DE9F04F87B00D465F48DBF79F
:10E4400031FC012849D12846DBF7F3FC0646284673
:10E45000DBF7EBFC0446132E33D04FF002082C2ED2
:10E460003ED0152E39D107462846DBF76BFE834692
:10E47000388D3C46002830D0786A00282DD005A978
:10E480003846DFF709FB2046E0F739FCBDF81410E9
:10E49000081A06B22046E0F739FCBDF81610081A33
:10E4A00005B22046DFF72CFB82466846E5F770F898
:10E4B0006A4600212046DEF733FF00244FF00609AC
:10E4C00067E0002100F073F804462846DBF7B5FC4E
:10E4D000B0F90010A14200DA048007B0BDE8F08F67
:10E4E000208D0028F9D0606A0028F6D02846DBF796
:10E4F000A4FC002507462E462846228DC4460DE082
:10E50000636A33F92010A94200DD0D460CEB80014F
:10E51000595EB14200DD0E46401C80B28242EFD807
:10E520000021204600F043F82918304439807880D3
:10E53000D3E7786A30F824103144ADF80C10042188
:10E5400001EB8401415A3144ADF8101097F82A10BC
:10E55000C90708EB840121D0415AAAEB01002844E5
:10E56000ADF80E00796A09EB8400095AAAEB0100A4
:10E570002844ADF8120004AB03AA69465846E5F7F3
:10E5800026F89DF80900641C20F004008DF80900AD
:10E59000A4B2388D401EA042CBDC9EE7405A2844EE
:10E5A000ADF80E00796A09EB8400085AE0E710B56F
:10E5B0004922E1F709FC00B210BD0000340F040845
:10E5C00010B50146FC48DEF7D9FB0446DEF769FCCE
:10E5D000204610BD2DE9F041044690F82A00C007FE
:10E5E00038D0A08C0721B0FBF1F0E18CB1FBF0F248
:10E5F00000FB121200EB40010A4492B2B2FBF0F3AE
:10E6000000FB13200844E28420850021204600F00E
:10E610000BFD05460021204600F009FD0746B5F92F
:10E6200008502046DFF739FB0646204600F005FD7E
:10E630000246E18CE819414306EBD67005EBD57331
:10E64000BDE8F0414010A0EB6300401A01B2104653
:10E65000DFF71EB8BDE8F0812DE9F84F15465FEAF7
:10E66000010904460DD0204600F0E7FC4FF0000BF6
:10E670000090A4F826B0A4F828B0A4F824B0584616
:10E6800006E0FEE70A2902D1A18C491CA184401CA6
:10E6900019F800100029F5D1A08C401CA08494F832
:10E6A0002A00DDB340F0010184F82A1048460AF040
:10E6B000E2FC471CC7EBC7008246F8F701FB0646A1
:10E6C0000025A0F1010800BF07FB056049460AF0DC
:10E6D000F4FC6D1C07FB05F10A20EDB201F80800FF
:10E6E000072DF1D30AEB060101F801BC3146009871
:10E6F000FFF735F93046F8F72DFBA08C00EB400111
:10E70000E184C0EBC000A0842046FFF763FFE08CEB
:10E7100020850098BDE8F84FDEF72FBF20F00100FC
:10E7200084F82A0049460098FFF719F9EFE710B579
:10E730000068E2F738FCBDE810404BE709B2DEF7AD
:10E74000A7BF2DE9F04792B08846064600F075FC59
:10E7500005006BD0FEF7A0FD024600212846E2F737
:10E76000F7F9012838D0022802D0032819D10CE08B
:10E770003046DFF7B0FB04462846DFF7C7F9201A1A
:10E7800000EBD07040F34F0108E03046DFF7A3FB09
:10E7900004462846DFF7BAF9201A01B22846DEF708
:10E7A0008DFF0021304600F03FFC0446002130463A
:10E7B00000F03DFC8246B4F908703046DFF76DFA90
:10E7C0008146304600216422E1F7FEFA84B2B8F1B6
:10E7D000000F03D014B104E00021DFE73046FFF75B
:10E7E000F9FEF18C07EB0A00484309EBD971491097
:10E7F00007EBD772A1EB6201081A06B2B8F1000F5D
:10E8000017D0B4B16846F6F76DFC6C48CDE90050FE
:10E810002846E0F706F90B940890CDE90906684808
:10E820000390684807906846F6F7A2FC12B0BDE86E
:10E83000F08762492846F6F76EFC12B0314628464A
:10E84000BDE8F047DEF724BFF0B490F82A30DC07CB
:10E85000838C1ED00724B3FBF4F4C58CA142B5FB16
:10E86000F4F716D207FB1455AEB20FFA86FCACEBE8
:10E870000105002D01DCA1EB0C05B5EB540F05D90A
:10E880000D468E4201D9291900E0291B04FB07110E
:10E8900089B28B4200D8591EC1840185F0BC114653
:10E8A0004FE72DE9F0410E460746002100F0BCFB82
:10E8B00005460021384600F0BAFB044600213846E0
:10E8C00000F0ACFB29892144714301EB400001B207
:10E8D0003846BDE8F041DFF776BC014690F82A20C3
:10E8E000C08CD20707D0898C0722B1FBF2F1B0FBB4
:10E8F000F1F201FB120070472DE9F0411446884601
:10E90000064600F09AFB0025FEF7C6FC07460AF013
:10E91000B2FB0246002005E0395C0A2901D16D1CDA
:10E92000ADB2401C904202D2F18CA942F4D1002138
:10E93000651E06E00CB1A94208D208F80130401C5F
:10E94000491C904202D23B5C0A2BF3D1002208F80A
:10E9500001207FE610B500F070FBBDE81040FEF727
:10E960009BBC90F82A10808CC90702D00721B0FB0D
:10E97000F1F0704710B591F82A000C4620F0010024
:10E9800081F82A0000208884C88408851021204648
:10E99000DDF7A3FB4FF400712046DDF79EFB064830
:10E9A00021461C30DEF7EAF9DEF77BFA2046BDE8A7
:10E9B0001040002204A14FE6500F04083DE7020872
:10E9C0002FE70208D55202084F7074696F6E20312C
:10E9D0000A4F7074696F6E20320A4F7074696F6EDF
:10E9E00020330A4F7074696F6E20340A4F70746957
:10E9F0006F6E2035000000002DE9FC410C460646F4
:10EA0000002100F011FB05464FF48021304600F054
:10EA10000BFBB5F90870B0F908500021304600F042
:10EA200006FBE91901EBD17100EB610005B230463C
:10EA3000DFF766F8F18A00EBD07001EB600005EBC0
:10EA4000D571A0EB610060802844E08069463046C3
:10EA5000DFF722F8BDF800002080BDF80400A08098
:10EA6000BDE8FC812DE9F04397B00746DBF7E1F9FB
:10EA700005463846DBF7D9F904464FF48026152DB4
:10EA80007ED0182D7DD13846DBF75CFB054607A804
:10EA9000E4F72AFA07AA31462046DEF7A2FB13A9BB
:10EAA0002046FFF7A9FF13AA15A8A968F6F764FD89
:10EAB00000287ED0204600F0C0FA81462046DFF7CD
:10EAC00025F806464846FEF7E7FBBDF92E10CDE9CE
:10EAD0000016022202920146BDF9303005A8079ABD
:10EAE000FAF71BF82046DFF70BF8B4F9161000EB25
:10EAF000D076B9F9160001EB6601471A4846DEF7F1
:10EB0000FFFFB90391FBF0F70021204600F08CFADB
:10EB10000799B0F90800B1F90810081A00EBD07095
:10EB2000BDF816104010091A09B2ADF81610E28AA5
:10EB3000794302EB660202EBA1310F1A0021204655
:10EB400000F06CFA8046204600211222E1F73CF9E1
:10EB50000646204600211322E1F736F9A28A06EB89
:10EB600008011144ADF84010ADF84270218B081A2D
:10EB7000A0EB0800ADF84400BDF81600384401E0F1
:10EB80001AE016E0ADF846009DF8390040F00200AA
:10EB90008DF8390015A8AC68A8604846FEF77CFBE4
:10EBA00003460020009010AA07A92846E4F7E4F9DC
:10EBB000AC6017B0BDE8F0833846DBF7C3FA054612
:10EBC00010A92046FFF718FF6846E5F77DFF6A4663
:10EBD00031462046DEF7BCF910AA69462846E5F71B
:10EBE000ABFFE6E72DE9FE4F044600F026FA0600EB
:10EBF00009D0DCF76EFB8046DCF76EFB042805D0FD
:10EC0000022803D012E00120BDE8FE8FE28C2146ED
:10EC1000228504280AD10846DDF790FB0546DBF77C
:10EC2000A2FD18B100212846DBF75DFC4046DCF769
:10EC300053FB012804D04046DCF74EFB032863D188
:10EC4000A06A800331D4002569464046DCF7C7FB43
:10EC5000BDF80200F18A401AADF80200BDF80000CC
:10EC6000B18A401AADF8000069463046FEF716FB3F
:10EC700007463046FEF710FB8246002080460646D7
:10EC8000DFF8BC9301900DE0D9F8002001A95046AF
:10EC900090470A2803D1B84501D06D1C2DB2DDF88C
:10ECA0000480761CBE42EFD327E00021204600F00E
:10ECB000BBF905460021204600F0B9F92989B4F9CD
:10ECC0001A200844B4F9161007B2501A00EBD0709D
:10ECD00001EB600005B20C214046DDF73EF9F18AF8
:10ECE000084400B2281A90FBF7F0002800DA002050
:10ECF000A18C814200DC481E05B2002D04DBA9B2C4
:10ED000001222046FFF7A0FDE08C029002AA1C2100
:10ED10002046DBF76CF877E72DE9FF41064600F067
:10ED20008CF904001FD04FF480273946304600F09C
:10ED30007BF90546304658223946E1F745F806B2D8
:10ED40002046FEF7A9FA0146002041F6FF72CDE900
:10ED50000002029033462A4603A8F9F7DEFEBDF909
:10ED60000C0004B076E40020FBE7F8B50E46B54889
:10ED7000DAF798FF01282DD13046DBF75AF805461F
:10ED80003046DBF752F804462C2D1BD02A2D22D01A
:10ED9000292D2CD0012D2CD0022D36D0082D4FD06E
:10EDA000032D4DD00E2D4ED00F2D5BD00D2D63D0E9
:10EDB000132D79D0152D01D0182D0BD13046BDE87B
:10EDC000F8404FE63046DBF738F805462046FFF7B7
:10EDD000A3FF2880F8BD00F030F918B100222A21E5
:10EDE000DBF705F82046DFF74DFE002140E000216B
:10EDF0003FE0A06A20F400312046A16200F01DF936
:10EE0000BDE8F8409049F6F786B9DCF762FA694642
:10EE1000DCF71CFBBDF802000028DBD0204600F028
:10EE20000CF90546DFF7FDFDBDF80210084401B2FC
:10EE30002846DEF72DFCA06A40F40030A062F8BD41
:10EE4000BDE8F840CEE6DDF779FADBF78CFC054645
:10EE5000DCF73FFADCF740FA042800D115B1E08C6A
:10EE60002085F8BDE18C208D8142FAD0E08401211B
:10EE70002046BDE8F84064E43046DAF7DEFF00786B
:10EE8000132812D0122810D0142801D01128E8D14C
:10EE9000E08C0028E5D0258D401E81B2012220465D
:10EEA000FFF7D2FC2585F8BD06E0E08CA18C401C64
:10EEB0008842F8D2258DF0E700F0BFF8BDE8F840B1
:10EEC000DEF75BBB2DE9F0438FB00446DAF7ADFF08
:10EED0000546E2F768F8074603A8E4F705F803AA31
:10EEE00000213846DEF77DF92046DBF72BF98168F3
:10EEF00004460E4607F114020DA8F6F73DFB002864
:10EF000050D00DA8A0600BA93846FFF775FDA88A60
:10EF1000ADF80400E88AADF80600288BADF80800CB
:10EF2000BDF82E00ADF80A0001AA1046A168F6F758
:10EF300023FB4FF000090DF1040878B1A7682846BB
:10EF4000C4F80880FEF7A8F9034605F1140203A9E6
:10EF50002046CDF80090E4F70FF8A760A88AADF836
:10EF60000400BDF83200ADF80600288BADF80800AB
:10EF7000688BADF80A0001AA1046A168F6F7FCFA02
:10EF800078B1A7682846C4F80880FEF785F90346DB
:10EF900005F1140203A92046CDF80090E3F7ECFF39
:10EFA000A760A6600FB005E670B50E460846DAF712
:10EFB00040FF0446152806D0224831461C30DAF7B7
:10EFC00071FE012822D13046DAF72FFF0546132CB7
:10EFD00007D0292C1BD0152C18D13046BDE8704025
:10EFE00070E73046DAF729FF04462846E1F7DBFFF1
:10EFF000FFF792FE06462846DEF788FD0246B4F982
:10F000000000B11A884200DC0846208070BDE1F79C
:10F01000CAFFBDE870400021FFF793BB10B5322254
:10F02000E0F7D2FE00B210BD5722E0F7CDBE10B51A
:10F030005922E0F7C9FE00B210BD0021E1F79CBFE4
:10F04000C4020020500F04083DE7020810B5014635
:10F05000FE48DDF793FE0446DDF723FF204610BD92
:10F0600090F8740000F00100704770B50020086748
:10F0700091F874000C4620F0030081F874004FF4FE
:10F0800040712046DDF729F810212046DDF725F8EC
:10F090000020F5F763FD502505EBC000B0F5A07F1B
:10F0A00008DB0020F5F75AFD05EBC000A02190FB1E
:10F0B000F1F000E0012001B22046BDE87040DFF72A
:10F0C0001BBD2DE9F05F05460C46501E53B121884B
:10F0D000A1EB620121800844A080E88A6080688BEF
:10F0E000E08009E06188A1EB620161800844E08072
:10F0F000A88A2080288BA0804FF4403631462846CD
:10F1000000F073FB81463146284600F074FB8246CE
:10F110003146284600F05DFB80463146284600F027
:10F120005EFB83463146284600F047FB07463146E2
:10F13000284600F048FB0146208809EB0702801AA8
:10F140002080A0880AEB07021044A080608808EBAA
:10F150000102801A6080E08859440844E080BDE8DC
:10F16000F09F2DE9F047B8B00546DAF75EFE044699
:10F170002846DAF7E7FF82460021204600F041FBEF
:10F1800001280DD00027204600F04AFB05000ED0D4
:10F190002046DEF7B5FC064627B1B4F9340003E09B
:10F1A0000127F0E7B4F93800ADF898001BE094F8B7
:10F1B0005C0000F0030001280ED1A06A00280BDAE1
:10F1C000E06A002808DD2046DEF7A0FC0646606AFB
:10F1D000002805DA608F04E02046DEF797FC06463B
:10F1E000E08EADF89A0012A8E5F76EFC4FF44038B7
:10F1F00012AA41462046DDF7ABFE2B46324626A931
:10F200002046FFF75EFF04F1680026A9814600F062
:10F21000CBFA51466846DEF798F98C4801900020F9
:10F220000290CDE90D800DF14808CDE90398204604
:10F2300000F0EDFA022806D06A461A212046DAF7D5
:10F24000D6FD4A463DE0382212A928A8F7F7A6FDC8
:10F250006A461A212046DAF7CAFD4A4612A95046E4
:10F26000E5F76AFC6A461B212046DAF7C0FD4DB17E
:10F270002FB1B4F9380000BFADF8980005E0B4F93B
:10F280003400F9E7608FADF89A002B46324626A984
:10F290002046FFF716FF04F1600026A9054600F09E
:10F2A00083FA382228A912A8F7F778FD02A90120CD
:10F2B00081E821010E906A461A212046DAF797FD6F
:10F2C0002A4612A95046E5F737FC6A461B2120461C
:10F2D000DAF78DFD38B0BDE8F0872DE9F34F83B044
:10F2E0005A480499DAF7DEFC012851D10498DAF77C
:10F2F000A0FD05460498DAF798FD044600F087FA69
:10F300000646112D16D0012D45D0022D77D0082D9F
:10F3100076D0032DFCD00E2D73D0292D72D0132D55
:10F3200071D00D2D70D0152D32D1049805B0BDE8E7
:10F33000F04F16E70498DAF780FD0546A06810B193
:10F34000B0F9147000E0002704F16801684600F08D
:10F350002BFA3A4611466846F6F7F4F8002268465A
:10F360002968F6F76FF92871002811D1022E0FD104
:10F3700004F16001684600F017FA3A461146684603
:10F38000F6F7E0F8002268462968F6F75BF928717D
:10F3900005B0BDE8F08F2046DEF75BFB94F8740003
:10F3A00040F0010184F874109EB1012E11D0022E9C
:10F3B000EED1DBF78EFF6946DCF711F82046DEF769
:10F3C000A5FB05462046DEF79BFB854204DB0125B5
:10F3D00003E004F1240045E000250021204600F070
:10F3E00010FA95B30128BDF900000ED0B4F96C10E5
:10F3F0008842EEDCB4F96010884241DB0DE06CE03D
:10F40000E7E019E126E12BE197E1B4F968108842C1
:10F41000DFDBB4F96410884232DCB4F96410B4F96B
:10F420006000091A01EBD17100EB6102BDF9000027
:10F43000111A002900DC811A0AB2B4F96C30B4F94F
:10F4400068105B1A03EBD37302E00FE0880F040827
:10F4500001EB6303191A002900DCC11A08B29042BB
:10F460002BDB32E0206793E7207191E7BDF90200C2
:10F47000B4F96A309842ACDBB4F96620904202DD00
:10F4800004F13000EEE7B4F96210521A02EBD272C6
:10F4900001EB6202111A002900DC811A0DB2B4F9E5
:10F4A0006E10C91A01EBD17103EB6102111A002928
:10F4B00000DC811A08B2A84207DA04F1240044F8FB
:10F4C000700F207920F00200CEE704F1300044F8FC
:10F4D000700F207940F00200C6E7206F0028C2D0EC
:10F4E000DBF7F7FE0546DBF7F7FE0128BBD16946DF
:10F4F0002846DBF774FFD4E90A010F1A204600F012
:10F500008FF900284FF0000120462FD000F06DF950
:10F5100006460021204600F06EF905462046DEF73B
:10F52000F5FA801B401B0FFA80F80021204600F0FE
:10F5300068F9012813D0B4F91400BDF90010304463
:10F54000081A784390FBF8F0A16A256F0144D4E9CA
:10F550000A2004F130039D4221D1606A20E0B4F911
:10F560001800BDF90010401B401AEAE700F031F91D
:10F5700006460021204600F032F905462046DEF717
:10F58000BFFA401B801B01B2B4F91A00BDF902207A
:10F590002844101A4042784390FBF1F0D4E7226BE4
:10F5A000814201DA0B4600E00346934201DA10463D
:10F5B00002E0814200DA0846296881428FD0286043
:10F5C0002046DEF746FA00221C212046DAF70FFC1F
:10F5D000DEE694F8740020F0010184F87410002134
:10F5E00020462167DEF735FA2046DCF7A7FE0646FF
:10F5F000DBF7B9F80546DBF76CFEDBF76DFE042898
:10F60000E6D1002DE4D0204600F001F902280CD10B
:10F6100094F87400810704D440F0020084F8740068
:10F62000B6E620F0020084F8740005B03046BDE86C
:10F63000F04F0021DAF757BFDBF74BFEDBF74CFE4C
:10F64000042801D00228C3D114F8740F20F002005E
:10F6500020709DE605B02046BDE8F04FDDF78DBF78
:10F660004FF440373946204600F0BFF8814639460E
:10F67000204600F0C0F880463946204600F0A9F840
:10F6800006463946204600F0AAF8054620466C2278
:10F690003946E0F799FB00B200903946204600F069
:10F6A0008CF883463946204600F08DF88246204685
:10F6B000DEF72CFA00EB4B072046DEF721FA00EBD1
:10F6C0004A008742204604DADEF720FA00EB4B00BE
:10F6D00003E0DEF715FA00EB4A000099401010FB3A
:10F6E00001F040F30F2049464246C14500DC114677
:10F6F000B54201DD2A4600E03246914207DD494627
:10F700004246C14501DD0D4604E0154602E0B54222
:10F7100000DC354605444FF440312046AD1CDDF792
:10F72000AAFE284404B20498DAF787FBB0F9001067
:10F73000A14200DD0C4604802AE60498DAF77DFB3E
:10F740000078132812D0112810D0142801D01228C4
:10F75000F2D194F874008007204615D4FAF76CFBB8
:10F76000411E01222046FAF7E8FA15E094F87400E9
:10F770008007204604D4FAF75FFB0122411CF1E721
:10F78000FAF761FB401C02E0FAF75DFB401E014600
:10F7900001222046FAF7F2FA05B02046BDE8F04F04
:10F7A00000221C21DAF723BB0A8802804A884280A3
:10F7B0008A888280C988C180704710B56822E0F7C6
:10F7C00003FB00B210BD10B56922E0F7FDFA00B2EC
:10F7D00010BD10B51022E0F7F7FA00B210BD10B559
:10F7E0001122E0F7F1FA00B210BD10B51222E0F7D5
:10F7F000EBFA00B210BD10B51322E0F7E5FA00B243
:10F8000010BD10B51622E0F7DFFAC0B210BD10B57A
:10F81000FAF7D9FA012802D0022800D0002010BD42
:10F8200070B50546DEF772F904462846DEF768F93A
:10F83000844201DB012070BD002070BD10B501467F
:10F84000CB48DDF79BFA0446DDF72BFB204610BDC5
:10F8500010B54FF0FF300C46486210212046DCF70F
:10F860003CFC08212046DCF705FC2046BDE81040A2
:10F870004FF48061DCF7FEBB08460021F5F74BBC76
:10F880002DE9F043ABB00546DAF7CFFA0446284637
:10F89000DAF758FC81460021204600F023F907469C
:10F8A0000021204600F024F906460021204600F001
:10F8B0000DF905460021204600F00EF9A18AE28AE2
:10F8C000ADF88A20238BADF88C30B4F81AC03944D7
:10F8D000ADF88810991BADF88C10ACEB00005119F5
:10F8E000ADF88E00ADF88A1006A8E5F7EDF806AA87
:10F8F0004FF400312046DDF72BFB22AA06A948462B
:10F90000E5F71AF92046DEF7FBF80546208BA18AB9
:10F91000411A491C481B06B2606A411C06D070435C
:10F92000C11700EB116040F30F2708E02046DCF719
:10F93000FEFC10F0010F01D0374600E00027204602
:10F9400000211622E0F740FAC0B2012801D1F01BD5
:10F9500007B2A08A3844ADF800002844ADF804008E
:10F96000E08AADF80200608BADF806004FF4403736
:10F970003946204600F0B6F806463946204600F0E3
:10F98000B7F880463946204600F0A0F805463946CB
:10F99000204600F0A1F8BDF80010BDF80420891B36
:10F9A000ADF8001002EB0801ADF80410BDF802102C
:10F9B000491BADF80210BDF806100844ADF806006A
:10F9C00014A8E5F781F814AA39462046DDF7C0FAF5
:10F9D0006A4614A94846E5F7AFF82BB0BDE8F083B6
:10F9E00000684FF0FF314162DEF733B84162DEF765
:10F9F00030B82DE9F04789465D48DAF753F9012818
:10FA00005BD14846DAF715FA04464846DAF70DFAAC
:10FA10008046132C07D01C2C51D0152C4DD14846B4
:10FA2000BDE8F0472CE74FF44035294600F05AF87E
:10FA300007462946404600F05BF806462946404600
:10FA400000F044F804462946404600F045F8B74225
:10FA500001DD394600E03146A04201DD024600E00A
:10FA60002246914205DDB74201DD384604E03046CA
:10FA700002E0A04200DC2046841C29464046DDF717
:10FA8000FAFC204405B24846DAF7D7F90446B0F943
:10FA90000000A84200DD054625804FF400352946C8
:10FAA0004046DDF7E8FC0146B4F90000814203DB83
:10FAB00029464046DDF7DFFC2080BDE8F08700F0F6
:10FAC0001DF84046BDE8F047DDF7C3BF10B5102272
:10FAD000E0F77AF900B210BD10B51122E0F774F921
:10FAE00000B210BD10B51222E0F76EF900B210BDE1
:10FAF00010B51322E0F768F900B210BDF0B591B06F
:10FB0000064600216422E0F75FF907002DD0304659
:10FB1000DCF70DFC746A00F00100611C4FF4807585
:10FB200001D038B905E008B1002403E02C460025D7
:10FB300003E00025601B002801DD601B00E0281B9E
:10FB40007843070A00213046F5F7E5FA6846F5F7ED
:10FB5000C9FA08480894CDE900600748039009A94C
:10FB6000684681E8B000F5F703FB11B0F0BD000076
:10FB7000A40F0408EDF90208E1F9020810B50146E6
:10FB8000F748DDF7FBF80446DDF78BF9204610BD9A
:10FB90002DE9F0474FF0000805461C4616460F4673
:10FBA000A3F80080404606E0296B228831F8101047
:10FBB000401C11442180B042F6D30021284600F0B9
:10FBC00094FF0128284615D0DFF799F82188081AF4
:10FBD00020800021284600F06DFF21880844208005
:10FBE000296B31F816100844401EA080A4F802804A
:10FBF00000201FE0DFF783F8218808442080284692
:10FC0000DDF784FF81460021284600F059FF228855
:10FC10000146A9EB0200401AA080296B31F81610AA
:10FC2000401A2080E2E7E96A628831F81010401C2F
:10FC300011446180B842F6D30021284600F02EFF1F
:10FC40006188084460802846DFF760F86188081AF8
:10FC50006080E96A31F817100844401EE080BDE872
:10FC6000F0872DE9FF4F85B007460798DDE915328B
:10FC700000891A4410440FFA80FA0492B88C484361
:10FC800084B2A14600255BE0BA6A52F8241099B309
:10FC90003B6B00264FF0020E33F915B0401E17E003
:10FCA00004EB060C52F82CC0BCF1000F14D09CF8E9
:10FCB00000C05FEACC7C0FD005EB06080EEB480CC9
:10FCC00033F80C80761C08EB0B0C0FFA8CFBB6B2E9
:10FCD00006EB050C8445E3DB087880070DD5079813
:10FCE0001599B0F90800014416980844514650454A
:10FCF00000DC08460FFA80FA1EE0DDE91302024438
:10FD0000ABEB020000B2129ACDE90020002302936F
:10FD1000DDE9072303A8491CF8F7FFFEBDF90E1023
:10FD2000049808445146504500DC08460FFA80FA12
:10FD3000A01984B2A81985B2641C6D1CA4B2ADB21E
:10FD4000B88C00EB0901A1429ED809B05046BDE82D
:10FD5000F08F2DE9F74F0F464FF4A02488B00646E8
:10FD6000214600F0A7FE80462146304600F0A8FE5E
:10FD700081462146304600F091FE824621463046BB
:10FD800000F092FE83462146304600F0A2FE069027
:10FD90002146304600F0A3FE00902146304600F098
:10FDA00095FE05902146304600F06CFE0546214642
:10FDB000304600F06DFE01AA044682E8000FDDE93E
:10FDC0000523B9B23046FFF74CFFF26AA04232F980
:10FDD000171001DA034600E02346AB4201DA284659
:10FDE00002E0A04200DB204622F81700884213D12F
:10FDF0000A98B9B282B26B463046FFF7C9FEB6F92F
:10FE00001620B6F914106846F5F7A9FB6946304686
:10FE1000DDF705FE0BB09AE73046DEF733FE0BB098
:10FE20003046BDE8F04FDDF714BE2DE9F04F0C462B
:10FE30004FF4A02689B00546314600F03BFE0790FE
:10FE40003146284600F03CFE83463146284600F005
:10FE500025FE82463146284600F026FE8146314680
:10FE6000284600F036FE06903146284600F037FE60
:10FE700080463146284600F029FE05903146284646
:10FE800000F000FE07463146284600F001FE064617
:10FE90001CE0079BCDF808B0CDE90083CDE903A9AC
:10FEA000DDE90523A1B22846FFF7DBFEB04201DA07
:10FEB000014600E03146B94201DA384602E0B0427C
:10FEC00000DB3046E96A21F81400641CE88CA0428B
:10FED000DFD82846DEF7D6FD09B02846BDE8F04F4A
:10FEE000DDF7B7BD2DE9F041C68C0F460446BE4292
:10FEF00039D0E7847900E06AF6F750FEE06248B155
:10FF0000BE4210D9A58C05FB06F01FFA80F8E08CE4
:10FF1000454306E0FEE7A06A50F82500F6F72BFE01
:10FF20006D1C4545F7D3E08CA18C48438100A06A45
:10FF3000F6F734FEA062021E14D0BE420BD2A18C92
:10FF4000E38C01FB06F0594302EB8002081A8100A2
:10FF50001046F6F7B7FF2046BDE8F041002164E700
:10FF6000C00F0408FEE7BDE8F0812DE9F34F83B030
:10FF70000E46039CA08CB04260D08046A684E08CE4
:10FF800070438000F6F7E1FD5FEA000A0DD0A08C17
:10FF9000E18C484381005046F6F794FF4046B04557
:10FFA00000D33046002500902AE0FEE705FB06F06E
:10FFB0000AEB8001A06A009A05FB08F300EB8300BE
:10FFC000920004E010F8017B01F8017B521E002A28
:10FFD000F8D1009800271844A8EB060B01900CE01C
:10FFE0000198A16A00EB070951F82900F6F7C3FD53
:10FFF000A26A00217F1C42F82910BB45F0DC6D1C71
:020000040803EF
:10000000E08CA842D2D8A06AF6F7B5FDC4F828A0C3
:100010007100206BF6F7C2FD206310B140468221CB
:1000200004E0FEE7226B22F81010401CB042F9D326
:10003000039805B00021BDE8F04FF6E605B086E66E
:100040002DE9F0471D0017468846044637D0A08C9E
:10005000B84204D8781C81B22046FFF786FFE18CB5
:10006000414505D808F1010081B22046FFF73AFF6B
:10007000A18CA06A08FB01764FF0000950F8260019
:1000800008B190F80090284608F0F5FF811CA06A9E
:1000900050F82600F6F782FDA16A41F8260078B1F3
:1000A0002946401C09F009F8A16A3A46204651F851
:1000B000261081F800904146BDE8F04749E6FEE78A
:1000C000FEE70FB42DE9F05F04460D981746884609
:1000D000E8B3A08CB84204D8781C81B22046FFF760
:1000E00044FFE18C414505D808F1010081B220466A
:1000F000FFF7F8FEA18CA06A08FB01764FF000091B
:1001000050F8260008B190F800900EAB00219B46F5
:1001100008460D9AF7F7A0FA0546A06A4FF0000AC4
:10012000A91C50F82600F6F739FDA16A41F826000F
:10013000E0B16A1C5B4600F802A0A06A691C0D9A37
:1001400050F82600401CF7F787FAA16A00E00CE09F
:1001500051F826103A46204681F800904146FFF7B4
:10016000F8FDBDE8F01F5DF814FBFEE7FEE770B593
:100170000546808C0C461646A04204D8601C81B20D
:100180002846FFF7F2FE286B002120F8146028466D
:10019000BDE8704049E62DE9F0410446808C1546E3
:1001A0001E460F46A84204D8681C81B22046FFF7BD
:1001B000DCFEE08CB84204D8781C81B22046FFF700
:1001C00091FEA08C07FB0055A06A50F8250060B98D
:1001D0000220F6F7BAFCA16A41F8250060B10021BF
:1001E0000170A06A50F825004170A06A50F82500FF
:1001F000017831430170B6E6FEE72DE9F04104468F
:10020000808C15461E460F46A84204D8681C81B251
:100210002046FFF7AAFEE08CB84204D8781C81B2D1
:100220002046FFF75FFEA08C07FB0055A06A50F840
:10023000250060B90220F6F788FCA16A41F8250084
:1002400060B100210170A06A50F825004170A06AD9
:1002500050F825000178B143017084E6FEE7C38CB5
:100260008B420AD9838C934207D901FB0321806A10
:1002700050F8210008B1401C7047FEA07047C08CA8
:100280007047808C7047828C8A4201D8002070476A
:10029000006B30F91100704710B5C48C8C420CD93A
:1002A000848C944209D901FB0421806A50F8210012
:1002B000002803D00078834301D0002010BD012026
:1002C00010BDC38E0B80808E1080704710B501204A
:1002D0008884C8840C460220F6F737FC2063E08C43
:1002E0004000F6F732FCE062216B82200880E16A70
:1002F0000880E08CA18C48438100A06AF6F74EFC90
:100300000021A062016010BD70B500250C462E468C
:100310000AE000BF50F8250020B1F6F72CFCA06AD7
:1003200040F825606D1CADB2A08CE18C4843A8421A
:10033000A06AEFDC08B1F6F71EFCE06A08B1F6F738
:100340001AFC206B002803D0BDE87040F6F713BC00
:1003500070BD2DE9F04FE1B00546D9F766FD0446C2
:100360002846D9F7EFFE8246826804F1140130A8CE
:10037000F5F702F900287DD0DAF808000F9030A8D0
:10038000CAF80800204600213222DFF71DFD00B226
:1003900057900021204600F081FB5B900021204611
:1003A00000F082FB5D900021204600F083FB5A9014
:1003B0000021204600F084FB5990208C00260990F3
:1003C0002684608C40F00400608422A8E4F77CFB63
:1003D0004FF4A02522AA29462046DCF7B9FD32A811
:1003E000E2F782FD32AA29462046DCF7FAFE099898
:1003F0002084608C002720F0040060842046DEF713
:1004000085FC0146E28A5B981044411A57980844DB
:10041000401EADF816002046DEF771FC5890002112
:10042000204600F062FB012800D0002083465146A0
:1004300042A8DDF78AF84FF4A0204F908E484390F1
:100440000020449014A846903AA84790002089E0E4
:10045000E06A30F91910BDF816005491401C00B242
:10046000491E0144ADF81200ADF81610BDF9C610D2
:10047000884200E07EE07ADCBBF1000F0AD0218BDD
:100480005998091A5898091A5798081A401EADF831
:10049000100009E0A18A5A9801445898091A5798FF
:1004A0000844401EADF81400002555E0002055908A
:1004B000A06A50F8270008B100785590BBF1000FF2
:1004C0000CD0BDF81000401EADF81400216B31F8BF
:1004D0001510401A401CADF810000BE0BDF81400D8
:1004E000401CADF81000216B31F815100844401E77
:1004F000ADF8140000261DE0A06AB91950F82100DB
:10050000E8B10078C0071AD0206BA919022202EBCB
:100510004101405EBBF1000F05D0BDF81010081A74
:10052000ADF8100004E0BDF814100844ADF8140054
:10053000761CB6B2A08C7119401E8142DCDBBDF97D
:100540001600BDF9C210884217DAB819401C87B2EC
:10055000A81980B2401C85B2A08CA842A6D809F187
:10056000010080B2E18C814649453FF671AF0F9999
:10057000CAF8081061B0BDE8F08FBDF91020ADF8E1
:100580002820BDF91280ADF82A80BDF91410ADF80D
:100590002C10ADF82E0086469DF8AB00C0F3440049
:1005A00043070DD5B4F914C05A9B63449A4207DD42
:1005B000BDF9A83003EBD373A2EB6302ADF828209A
:1005C00082070DD5B4F916305B9A1A44904507DDC1
:1005D000BDF9A82002EBD272A8EB6202ADF82A2086
:1005E000020711D5B4F91830599A9A1A521E91423D
:1005F0000ADABDF9A82002F0010302EBD27203EB84
:1006000062021144ADF82C10C00712D0B4F91A20C0
:100610005D98101A401E86450BDABDF9A80000F05F
:10062000010100EBD07001EB600101EB0E00ADF8B1
:100630002E00E28E00214A457DD1A08EA8427AD1BB
:10064000208C420602D4820600D52021820701D5E3
:1006500041F00201420701D541F00401000701D534
:1006600041F00801002966D02184608C40F004012B
:10067000618403E000000000C00F040814A8E4F740
:1006800023FA3AA8E2F730FC4FF4A02814AA414616
:100690002046DCF75DFC3AAA41462046DCF7A1FD86
:1006A00009982084608C20F0040161840AA8459098
:1006B000A18C42AA09FB015050901A212046D9F77B
:1006C00096FB0AAA14A95046E4F736FAA06A50F835
:1006D000270000287ED04FF4A0284146204600F095
:1006E000E9F90C904146204600F0EAF912904146A3
:1006F000204600F0D3F902904146204600F0D4F99C
:10070000BDF810300C9ABDF812C01A440FFA82F8E6
:10071000BDF81430129AADF840809A1A13B2ADF8B1
:100720004430029A01466244ADF84220BDF81620DA
:100730000020511A00E01DE0ADF846105599C1F3B4
:1007400040015E9101B10220A3EB0801491CBDF9F3
:10075000FA2009B20092CDE90110A06ABDF9FC307F
:10076000329A50F827105CA8491CF8F7D6F95E9821
:1007700058B11FE0382222A914A8F6F70FFB202257
:1007800032A93AA8F6F70AFB90E75498BDF8121080
:10079000BDF9722100EBD07001EB600302EBD27265
:1007A000401000EB6200A3EB62030844ADF8423056
:1007B000ADF8460004AA30A95FA8F4F7DDFE48B101
:1007C0005FA90020CAF808100090A06A10AA50F88B
:1007D000273000E007E03AA950465B1CE2F7CCFB6B
:1007E00030A9CAF8081042AA1B212046D9F7FFFAFF
:1007F000ABE62DE9F84315460E460446DAF769FDE7
:10080000DAF76AFD01280AD0032808D04FF6FF70F6
:1008100005B1288006B130800020BDE8F883DAF702
:1008200058FD6946DAF7DBFD4FF0000875B3204646
:10083000DEF765FABDF80010084407B20021204633
:1008400000F053F901280CD0A08A00213F1A20465D
:1008500000F030F9381A02B24046A5F800800021B5
:1008600010E00021204600F02BF9218B081AC01B54
:10087000F1E7236B33F81030194409B28A4205DBE3
:10088000401C2880A38C80B29842F2D3FEB120464F
:10089000DEF73CFABDF802100844E18A451A00214F
:1008A000204600F0FBF8281A02B24046A6F8008065
:1008B000002108E0E36A33F81030194409B28A4293
:1008C00005DB401C3080E38C80B29842F2D30120DB
:1008D000A3E72DE9FC410F468748D9F7E3F9012842
:1008E00042D13846D9F7A5FA05463846D9F79DFAD8
:1008F00004462A2D13D02C2D16D0012D36D0022DD2
:1009000034D04FF6FF76082D48D00E2D65D00D2D32
:1009100067D0152D28D13846BDE8FC4119E5BDE862
:10092000FC410021FFF781BA3846D9F786FA034621
:1009300000200146A28C05E0256B35F81150491CBA
:10094000284400B28A42F7D800210A46E58C05E027
:10095000E66A36F81260521C314409B29542F7D863
:10096000401E1880491E5980BDE8FC8101AA6946D5
:10097000FFF73FFF0128F7D1A18EBDF804008142A7
:1009800004D1E18EBDF800209142EDD0A086BDF8E3
:1009900000102046E186DDF75CF8E5E7DDF759F861
:1009A000DAF797FCDAF746FDA18EB1420AD0E18E64
:1009B000B14207D030B900221C212046D9F717FADE
:1009C0000128D1D1DAF785FCDAF786FC012801D0BD
:1009D0000328C9D1A686E686C6E7BDE8FC41DDF757
:1009E00038B83846D9F729FAA18E0568E08E0F4647
:1009F0008446B14201D0B04204D10020A086E086F6
:100A00002046EAE7A38C8B4200DC0021E28C824284
:100A100000DC0020142D0ED0132D0ED0112D0ED081
:100A2000122DA1D1401C8B420DDC511E814208DDEC
:100A30000021401C0EE0491EF5E7491CF3E7401E6B
:100A4000F1E7591E06E0002904DA10B1591E401ED4
:100A500000E00021824201DC501E02E0002800DAA2
:100A600000208F4201D1844597D0A186E0862046A0
:100A7000DCF7EFFF02B02046BDE8F04100221C2168
:100A8000D9F7B5B910B50522DFF79EF900B210BD50
:100A900010B50622DFF798F900B210BD10B510228C
:100AA000DFF792F900B210BD10B51122DFF78CF913
:100AB00000B210BD10B51222DFF786F900B210BDEA
:100AC00010B51322DFF780F900B210BD5722DFF70F
:100AD0007BB910B55822DFF777F900B210BD10B519
:100AE0005922DFF771F900B210BD10B51622DFF7F9
:100AF0006BF9C0B210BD0000C00F040810B501466C
:100B0000FE48DCF73BF90446DCF7CBF9204610BD84
:100B1000406C70472DE9F04F89B00446002101F088
:100B200010F805900021204601F00EF80790606C47
:100B30000690606AFCF7B0FBF14A8246069912689B
:100B40009047DFF8C0B306460AEB0600DBF800204A
:100B5000814600219047054605982F46B0F9088048
:100B6000384600F0F7FF00B12027002239460598EB
:100B7000F3F71DFC07B202AA606A0699FCF7F6FFBC
:100B8000606AFCF789FB02460021606ADFF7E0FF3C
:100B9000616ABDF90820B1F91430B1F918101A448E
:100BA0003A448A4227DD94F86010090723D40328C9
:100BB00021D00020ADF808000798BDF80A20404475
:100BC0001044ADF80A005DB1CF494846096888472E
:100BD0000644DBF800200AEB06000021904705469A
:100BE000284600F0B7FF00B12025002229460598CD
:100BF000F3F7DDFB07B24FF4E02B2046594626659C
:100C000000F099FF05465946204600F088FF00EBAA
:100C1000050A204611225946DFF7D6F800EB0509F0
:100C20005946204600F081FF4619204613225946B6
:100C3000DFF7CAF8BDF808302844991BBDF80A2030
:100C4000ADF80C1018447F1EA2EB0A013844ADF831
:100C50000E10ADF8100002EB0901A8F101000844E4
:100C6000ADF8120004F148010D46684600F046FF59
:100C7000606ABDF80010828A1144ADF80010BDF81A
:100C80000210C08A0844ADF80200606ABDF8041082
:100C9000808A0844ADF80400606ABDF80610C08A76
:100CA0000844ADF8060069462046DCF7B8FE03A903
:100CB000284600F023FF2946684600F01FFF606ABF
:100CC000BDF80010828A1144ADF80010BDF8021082
:100CD000C08A0844ADF80200606ABDF80410808A3A
:100CE0000844ADF80400606ABDF80610C08A0844E4
:100CF000ADF8060069462046DCF791FE09B0BDE874
:100D0000F08F1CB5044690F8540000F001008842B2
:100D10002DD094F8540011B140F0010001E020F012
:100D2000010084F8540004F14801684600F0E6FE32
:100D3000606ABDF80010828A1144ADF80010BDF859
:100D40000210C08A0844ADF80200606ABDF80410C1
:100D5000808A0844ADF80400606ABDF80610C08AB5
:100D60000844ADF8060069462046DCF758FE1CBD75
:100D700030B591B005464FF4E0216422DFF724F846
:100D8000040017D06846F4F7ADF960480B94CDE93C
:100D9000005001200E9400210890CDE909015C4823
:100DA00007904FF6FF70ADF840006846F4F7E0F9A1
:100DB00011B030BD55492846F4F7ADF915F8540F78
:100DC00040F001002870F3E7F8B50546406C0C468A
:100DD000A04267D0686AFCF75FFA4E490968884705
:100DE000002C00DA0444844203DCA4F5FE41FF3900
:100DF00000D1044628466C64DDF73EFC00212846FD
:100E000000F09FFE06466A462146686AFCF7AEFE81
:100E1000B6F908402846DDF780FFBDF90210884288
:100E200003DD01222846DEF7D0F92846DCF735FF3E
:100E300006462846DDF771FFBDF902100A19101A9F
:100E4000B04206DD881B204401B201222846DEF7AD
:100E5000BCF92846DDF7B5FFBDF90010884203DD77
:100E600001222846DEF7C3F92846DDF734F80646A6
:100E70002846DDF7A6FFBDF900100A19101AB04286
:100E800006DD881B204401B201222846DEF7AFF9B7
:100E9000BDF800102846A5F84010FFF769FF284666
:100EA000FFF738FEF8BD1FB5016B11B1084604B05D
:100EB00010BD002100F045FE002342F222026946E7
:100EC000F3F722FA08B114A0F1E714A0EFE72DE937
:100ED000F047064690F86000400741D5706AFCF77D
:100EE000DBF90C4909688847040039D03046FFF720
:100EF000DAFF814608F0BFF8074611E0DC0F04086E
:100F0000C8020020C4020020C0020020030D030814
:100F100019540208D8020020E280A2002A00000032
:100F200004FB07F0401CF5F7CBFE8046002506E0E9
:100F300005FB07803A464946F5F730FF6D1CA54290
:100F4000F6D37D43002108F805104146706AFCF78E
:100F500006FD4046F5F7FEFE3046BDE8F047D9E510
:100F6000BDE8F0870068B2E7704710B5818F92B096
:100F70000446A9B16846F4F7B5F8F7480121CDE970
:100F80000040A08F0B9000200890CDE90901F348A4
:100F90000790F34803906846F4F7EAF812B010BDE2
:100FA00012B0BDE8104092E770B50446406AFCF705
:100FB0009DFF4FF6FF75A84204D1606AFCF798FFC9
:100FC000A84209D02946606AFCF7C0FD2946606A3C
:100FD000BDE87040FCF7BDBD70BD90F860104907DA
:100FE00002D4406AFCF758B9C06A7047806B7047FA
:100FF000406B7047F8B50D00044609D094F86000C6
:10100000400702D52046FFF762FF606B18B900E089
:10101000FEE7A06B98B10020D24ED34F009009E0BC
:101020003268694628469047396888470146204615
:1010300000F062F80098285C0028F1D1F8BD29463C
:10104000204600F03EF80128F8D1A06A38B1606A65
:10105000FCF722F9007810B92046DCF7FAFC2A46A2
:10106000616C606AFCF746FF2046FFF79DFF94F82D
:101070006000400714D5E06A07F0FDFF06462846E9
:1010800007F0F9FF3118491CE06AF5F787FDE062C7
:10109000B0B12A46616CF7F79CFD2046FFF765FF6B
:1010A000B2492846666C0968884731182046FFF720
:1010B0008BFE2046BDE8F84000221C21D8F797BEE1
:1010C000FEE770B5AA4C064600200D460A46206091
:1010D0001D213046D8F78BFE206858B1017839B110
:1010E000294607F0CFFF28B130462168FFF782FF7D
:1010F000002070BD012070BD2DE9F343044690F837
:10110000600083B00107049803D50A2830D00D2869
:101110002ED00027CDE90007E94649462046FFF7D3
:10112000D0FF012824D1DFF83C82002104A8D8F8A0
:10113000002090470646A16B2046254639B1FFF7AF
:101140004CFF8A4909688847A96B884210D2686BAE
:1011500088B1007878B10297474604E03A6802A95E
:101160009047B04207D0686B0299415C0029F5D1E5
:1011700005B0BDE8F08394F86000400702D5204632
:10118000FFF7A5FEA06A38B1606AFCF785F8007821
:1011900010B92046DCF75DFC4A46616C606AFCF7DA
:1011A000A9FE2046FFF700FF94F86000400714D521
:1011B000E06A07F060FF0546484607F05CFF291823
:1011C000491CE06AF5F7EAFCE06288B14A46616CC6
:1011D000F7F7FFFC2046FFF7C8FE616C2046491C6C
:1011E000FFF7F2FD00221C212046D8F700FEBFE7E2
:1011F000FEE738B50446406C00283FD05DA0694644
:10120000006800902046FFF75CFF012836D1606A35
:10121000FCF742F8616C05460122491EF7F7FFFC16
:101220002946606AFCF79BFB2046FFF7BDFEA06ADB
:1012300038B1606AFCF730F8007810B92046DCF766
:1012400008FC94F8600040070ED5616C0122491E2D
:10125000E06AF7F7E4FCE06A07F00DFF411CE06A82
:10126000F5F79CFCE06250B1616C2046491EFFF727
:10127000ABFD00221C212046D8F7B9FD38BDFEE7A2
:1012800070B5456C0446691CFFF79EFD606CA84272
:1012900003D02046BDE87040ABE770BDF8B50D0047
:1012A000044606D0FFF780FE606B47F6FF7618B95C
:1012B00000E0FEE7A06B10B32FA1606AFCF74FFBC4
:1012C00031462046FFF780FD94F8600041074FF05B
:1012D000000001D5E16A0870224E234F009009E01A
:1012E0003268694628469047396888470146204653
:1012F000FFF702FF0098285C0028F1D107E029469B
:10130000606AFCF72CFB31462046FFF75DFDA06AC2
:1013100038B1606AFBF7C0FF007810B92046DCF7EF
:1013200098FB94F8600040070ED5284607F0A3FE0E
:10133000411CE06AF5F732FCE06260B1294607F033
:10134000BCFE2046FFF711FE2046BDE8F840002213
:101350001C21D8F74CBDFEE7690F03081954020899
:10136000650F0308C4020020CC020020D802002030
:10137000F80200207F000000000000002DE9F0418D
:1013800004460E0007D0084607F075FE05004FF032
:10139000000701D006E0FEE7A06A18B1F5F7EBFB05
:1013A000A7620AE0691CA06AF5F7F8FBA06248B1E1
:1013B000314607F082FEA06A47552046BDE8F0415D
:1013C000DCF747BBFEE710F8542F61F341020270CF
:1013D000704770B5044690F86000C0F380028A42FE
:1013E0002CD061F38200224684F86000A9B1606AC3
:1013F000FBF752FF054607F03EFE401CF5F7A5FB44
:10140000E06248B1294607F058FE2046FFF75FFD2D
:101410002046FFF7C9FD0CE0FEE71046FFF7C4FDCC
:10142000E16A606AFCF79BFAE06AF5F7A4FB002129
:10143000E1622046BDE87040FFF76CBB70BD70B53F
:1014400005460E0014D0084607F015FE0446611C40
:10145000286BF5F7A3FB286358B1314607F02DFE42
:10146000286B002101552846BDE87040DCF7F1BA31
:10147000FEE7FEE72DE9F041044690F860000D46D6
:10148000C0F3C001A9422DD065F3C30084F8600009
:1014900042F2D1782DB14746642000F038FB064671
:1014A00004E0642000F033FB074600263946606AFA
:1014B000DCF79FFE00223146606ADFF778FB25B13A
:1014C00041462046DCF77FFE04E00022042120464E
:1014D000DEF7A4FF2046BDE8F04100231A46194676
:1014E000DDF7A4BEBDE8F0814163704781637047BA
:1014F000FE480160704790F86020002961F34102C6
:1015000080F8602000D14FE5704781877047406ABE
:10151000704770B50D4604460022DFF7ECFC022D43
:1015200009D04FF00003606A032D1A4601D0012153
:1015300005E0032103E00023606A1A460221BDE8AA
:101540007040DDF7CCB8806A002801D1AFF2D81026
:10155000704790F85400C0F34000704790F8600066
:10156000C0F38000704790F86000C0F3C00070477F
:1015700070B50446406AFCF7B9FC4FF6FF75A84207
:1015800004D1606AFCF7B4FCA84201D0012070BD10
:10159000002070BD90F86000C0F340007047808F5D
:1015A0007047416C491C0FE4416C002901D0491E71
:1015B0000AE4704738B50446416C406A6A46FCF755
:1015C000D5FA0021204600F0BFFA0546002120464A
:1015D00000F0B7FA0089BDF802106D1C08442844D9
:1015E000ADF80200B4F84000ADF80000606ADCF726
:1015F00087FABDF9021088420ADD6946606AFBF786
:101600004DFE0146204634F8405FFFF7DDFB2580A4
:1016100038BD38B50446416C406A6A46FCF7A6FA04
:101620000021204600F090FA05460021204600F0F7
:1016300088FA0189BDF802002944401A401CADF81F
:101640000200B4F84000ADF800006946606AFBF79C
:1016500025FE0146B4F840502046FFF7B5FBA4F83C
:10166000405038BD70B50546D8F7E3FB0446284620
:10167000D8F7DBFB0646DFF796FC05462A2C01D09F
:10168000292C0BD100213046FCF769F92846FFF7D9
:1016900041FA2846BDE87040FFF76ABB70BD10B53F
:1016A00091F860000C4620F0040081F860000020F2
:1016B000C862086340F2DC51A1876063A06394F8BC
:1016C000541041F0010184F854100121616494F830
:1016D000541041F0020184F85410A4F8400094F82A
:1016E000601021F00A0184F860106062A062204658
:1016F000FBF7C8FD6062642000F009FA0146606AE9
:10170000DCF777FDAFF29031606AFCF728F900232F
:101710001A467749606AD8F7B4FB4FF480612046D7
:10172000DAF7A8FC00212046FFF74EFB2046BDE873
:101730001040FFF71DBB70B5C86A0C46002510B1FC
:10174000F5F719FAE562206B10B1F5F714FA256385
:10175000A06A002802D0F5F70EFAA56270BD2DE947
:10176000F047A2B00546D8F760FB04462846D8F7F4
:10177000E9FC8246606AFBF78FFD054694F8540049
:10178000C00777D004A8E3F79FF94FF4E02904AA33
:1017900049462046DBF7DCFB04F1480101A800F0D4
:1017A000ADF9606ABDF80410828A1144ADF80410E6
:1017B000BDF80610C08A01AA0844ADF80600606AA8
:1017C000BDF80810808A0844ADF80800606ABDF8CA
:1017D0000A10C08A0844ADF80A0004A95046E3F78D
:1017E000ABF94946204600F0A6F906464946204690
:1017F00000F09BF987194946204600F090F94FF018
:1018000000083C490644CDF87480CDF87880206DFE
:101810000968284488470246206D41191DA8F5F73C
:10182000BDFABDF8040055223844ADF80400BDF8F7
:10183000060041463044ADF80600606ADEF7C4FA9F
:10184000054612A8E1F750FB12AA49462046DBF7ED
:10185000C8FC9DF81300022804D8BDF85400A9B2B2
:10186000884207D01DAB01AA12A95046CDF80080CE
:10187000E1F782FB22B0BDE8F0872DE9F04186B0A8
:101880000646D9F726FD05007AD03046D8F7CDFABE
:10189000044690F85400800772D52846D9F71CFDFD
:1018A00002286DD02846D9F717FD042868D069466C
:1018B000606ADCF7F1F803A92846D9F790FD04A97E
:1018C0002846D9F7C3FDBDF90C10002958DBBDF936
:1018D0000E00002854DBBDF80020891AADF808106E
:1018E000BDF80210401AADF80A0005E0F802002029
:1018F00065160308C00200203046D8F79AFA06465B
:10190000606ADCF703F90146606ABDF90820002728
:101910000546002A01DA01200EE08A4202DB47F682
:10192000FF77F8E702A9FBF7B9FC87B202A9606A62
:10193000FCF7FFF980F0010094F860104FF6FF7893
:101940008A0724D501F0010202434FF4407001D10F
:10195000012E08D0C9071ED0022E12D0032E12D09D
:10196000082E10D019E0C4E9167894F8601041F000
:101970000102014684F860202046DAF7AEFB06E05B
:101980003FE0E76503E001462046DAF773FB94F891
:101990006000C00701D1012E33D139462046FFF740
:1019A00013FA94F86000C0072BD0D4E916108142D6
:1019B00008D9EA6B824202D12A6C8A4218D0E863C5
:1019C000A06D11E008D2EA6B8A4202D12A6C8242F1
:1019D0000ED0E963E06D07E0E96B4046814202D139
:1019E000296C814204D0E86328642046DCF731F892
:1019F000032E01D0082E04D114F8600F20F001004E
:101A0000207006B06EE570B50E467E48D8F74AF9EC
:101A1000012872D13046D8F70CFA04463046D8F780
:101A200004FA05460E2C11D00D2C13D0012C5BD0DE
:101A3000022C59D0032C57D0082C55D0152C57D038
:101A4000182C5AD13046BDE8704088E6BDE8704099
:101A5000FFF78EB93046D8F7F0F90168132910D096
:101A6000142912D0112914D0122916D0082918D0FF
:101A70007F291BD002291ED003291ED00A2923D07A
:101A80002DE02846BDE870408BE52846BDE8704053
:101A90008AE52846BDE87040BBE52846BDE87040B1
:101AA00088E52846BDE87040FFF7A3BB2846BDE89F
:101AB0007040FFF7E5BB002101E047F6FF712846C3
:101AC000BDE87040FFF780B92846FFF74CFD30B104
:101AD0002846BDE8704000221F21D8F788B9284663
:101AE000BDE87040FFF708BB3046BDE87040C4E673
:101AF0003046BDE8704000F036B870BD0A880280FC
:101B00004A8842808A888280C988C18070470028BC
:101B100001DAC0F57A7040F4005000B2704710B599
:101B20001022DEF751F900B210BD10B51222DEF717
:101B30004BF900B210BD10B53222DEF745F900B204
:101B400010BD5722DEF740B910B55922DEF73CF937
:101B500000B210BD28B10A2803D00D2801D0002002
:101B60007047012070472DE9F0418CB00546D8F749
:101B70005CF904462846D8F7E5FA8046606AFBF728
:101B80008BFB007800283BD1A06A002838D0007871
:101B9000002835D001A8E1F7A7F901AA4FF40021E8
:101BA0002046DBF71EFB94F86000000705D59DF882
:101BB000210040F002008DF8210000212046FFF7AF
:101BC000B4FF074600212046FFF7A9FF0646002183
:101BD0002046FFF7B0FF054604F1140109A8FFF7FE
:101BE0008DFF701902B2781901B209A8F3F7B7FC9A
:101BF0000020009009AA01A94046A36AE1F7BCF9B8
:101C00000CB06FE4DC0F040810B50146FE48DBF7AA
:101C1000B5F80446DBF745F9204610BD70B50D4612
:101C20000146F9481C30DBF7A9F80446DBF739F91F
:101C300065B1284607F01FFA401CF4F786FF606282
:101C400018B1294607F039FA02E0FEE70021616287
:101C5000204670BD0146EC4810B53830DBF78EF8F1
:101C60000446DBF71EF9204610BD0146E64810B5D4
:101C70005430DBF783F80446DBF713F9204610BD38
:101C80000146E14810B57030DBF778F80446DBF721
:101C900008F9204610BD10B50446006B002832D06C
:101CA000E16A00292FD094F86210C1F3410109B311
:101CB000012902D0022907D11BE00021DFF720FB18
:101CC0000021E06AF1F7CBFC206BDCF71EF9E06A3B
:101CD000DCF71BF9206BDCF7CFFC206BDBF7DDFFBB
:101CE0000028206B4FF0010109D0BDE81040DAF761
:101CF000F4B90121DFF704FB0121E06AE2E7BDE866
:101D00001040DAF7B7B910BD10B504465430F4F7F7
:101D10007BFD002084F8600010BD70B50446C06AE9
:101D20000D4610B1616ADFF77CFA85B104F1540009
:101D3000F4F7BAFC50B1056094F86000401C84F8D8
:101D400060002846A16ADFF76CFA03E0FEE7204650
:101D5000FFF7DAFFE562206D48B1216C00294FF0F2
:101D6000010102D0DAF7CAFA01E0DAF7CDFA206C05
:101D7000D0B194F86200C10711D00007A06C4FF0F9
:101D8000010106D5DAF7A9F90221A06CDAF772F998
:101D900005E0DAF76FF90221A06CDAF79EF994F802
:101DA0006000022808D210E094F86000022803D2F4
:101DB00094F86200000708D50121606BDAF78DF90D
:101DC0000221606BDAF756F907E00121606BDAF760
:101DD00051F90221606BDAF780F900221C212046BC
:101DE000D8F705F82046BDE8704054E72DE9F041EA
:101DF000044600F154073846F4F777FC05004FF02D
:101E000000060CD0014638462E68F4F7C9FC284677
:101E1000F4F7B1FE94F86000401E84F8600031468B
:101E20002046BDE8F04178E710B50446406C002834
:101E300030D0216C00292DD094F86210C1F34101FB
:101E4000F9B1012902D0022908D119E00021DFF7F8
:101E500057FA0021D4F84000F1F701FC606CDCF780
:101E600054F8206CDCF751F8606CDBF716FF0028A3
:101E7000606C4FF0010109D0BDE81040DAF72DB9D0
:101E80000121DFF73DFA0121206CE5E7BDE81040B4
:101E9000DAF7F0B810BD826C8A4206D0426B8A42F3
:101EA00005D190F86100012801D801207047002079
:101EB00070472DE9F0410446D7F7BBFF07283FD113
:101EC0002046D7F7B2FF05462046D7F7B8FF0446AD
:101ED000406BA84202D0A06CA84231D194F86000B7
:101EE00084F8610029462046FFF7D5FF002827D156
:101EF00004F154063046F4F7F8FB07460146304635
:101F0000F4F746FC05001BD039463046F4F748FC90
:101F10003846F4F730FE14F8600F2946401E207052
:101F20003046F4F73DFC2078401E04F86009204656
:101F30002968FFF7F2FE2846BDE8F041F4F71BBE22
:101F4000BDE8F0812DE9F041044690F862000E00F2
:101F50004FEAC07079D000286ED12B4821468C30D2
:101F6000DAF70CFF0546DAF79CFF01212846DFF778
:101F7000C7F942F264073A4642F21E012846DCF7EE
:101F80004EF901212846F1F72CFB4FF480484146D9
:101F90002846DAF76FF802212846DAF79EF81A4841
:101FA0002946E030E563DAF7E9FE0546DAF779FF1E
:101FB00042F2D17239462846DCF731F90021284631
:101FC000F1F70FFB02231A4600212846F1F728FB00
:101FD00002212846DAF781F841462846DAF74AF81E
:101FE00028466564F8F788FA05462346072207491C
:101FF000D7F747FF41462846DAF73CF80021284644
:10200000F1F7EFFA284603E0F80F0408B31E0308BF
:10201000A564FAF75BFBEBA1FAF762FB606CFBF7D8
:1020200031F905460121DAF725F8E56494F86200F4
:1020300040F0010184F862103046E16BDFF7F1F8FF
:102040002046FFF7F1FE0EE0FFE760B1616A206C09
:10205000DFF7E7F8E06BDFF776F894F8620020F03E
:10206000010184F8621020462664BDE8F041BDE617
:1020700010B5044690F86200C0F341028A420ED0C7
:1020800061F3420084F862002046FFF704FE94F8F2
:102090006200C00703D02046BDE81040C4E610BD72
:1020A00090F86220C2F3C0038B4204D061F3C302F4
:1020B00080F862209AE6704710B5D7F7C0FEBDE8F9
:1020C0001040F4F758BD70B50446D7F7AEFE05468C
:1020D0002046D7F7B4FED0E90046206C88B12846E8
:1020E00022E0A0420DD0E16B81421BD1206DA842BD
:1020F00003D010B10121DAF707F92046FFF704FEFB
:10210000256531462046FFF708FED8F700F900287C
:102110000DD0206C00280AD1D8F7F9F8BDE870403E
:10212000D8F780B9DEF73FFF0028DAD1E9E770BDC4
:102130002DE9F0410F460646154602213846D9F7EB
:1021400099FF10213846D9F7C8FF4FF4806138460F
:10215000D9F790FF9C493846D7F7DFFE40B10022FF
:1021600021213846D7F743FE98493846D7F7D5FEA0
:102170000820F4F7EAFC04460346C4E90065072298
:1021800091493846D7F77DFE23463846BDE8F041F1
:1021900021228E49D7F775BEC06A7047006C704720
:1021A000006B7047406B7047406C7047806C7047A5
:1021B00010B5D7F744FE0446C06A78B1A26B6AB185
:1021C000416A39B11046FBF7CAFB0121A06BD9F770
:1021D00084FF03E001211046D9F74CFF206C002852
:1021E00013D0E26C002A10D0416A41B11046FBF7CF
:1021F000B6FBE06CBDE810400121D9F76EBFBDE829
:10220000104001211046D9F735BF10BD2DE9F0412E
:102210006F480C4601882046DCF754F80021204620
:10222000F1F7DFF994F86200002520F00E0084F841
:102230006050C0B284F8615020F0010084F8620060
:10224000042104F15400F4F727FA2046D9F708FFD7
:1022500001216062D9F70EFFE5636564A564E5645A
:1022600021465C482564DAF789FD0646DAF719FE4F
:1022700042F2640739463046DBF7A5FF01213046BC
:10228000F1F7EDF901213046F1F7ABF94FF4804851
:1022900041463046D9F7EEFE02213046D9F71DFF00
:1022A0004C4831461C30A662DAF768FD0646DAF77C
:1022B000F8FD42F2D17239463046DBF7B0FF00211B
:1022C0003046F1F78EF902231A4600213046F1F725
:1022D000A7F902213046D9F700FF41463046D9F729
:1022E000C9FE30462663F8F707F90646234607225B
:1022F0003949D7F7C6FD41463046D9F7BBFE002124
:102300003046F1F76EF930466663FAF7DFF92DA132
:10231000FAF7E6F9206BFAF7B5FF06460121D9F77F
:10232000A9FEE5622346A6632565BDE8F0411C22AF
:102330002A491846D7F7A5BD01F15400F4F764BA4D
:1023400010B50C460846DEF72EFE416A2046DEF741
:1023500068FF01212046F1F744F902231A460021C3
:102360002046F1F75DF92046BDE810404FF480416A
:10237000D9F780BE10B5486A0C46002803D0F4F7A0
:10238000FAFB0020606210BD10B50C46002120460B
:10239000F1F727F902231A4600212046F1F740F908
:1023A0002046BDE810400221D9F797BE10B50C4673
:1023B00001212046F1F715F92046BDE81040022121
:1023C000D9F78BBEEF819300C7200308B92003081B
:1023D0001C020020A0100408B31E0308B12103084A
:1023E000FA490878002801D000220A7070470FB41B
:1023F000F74810B503AA029907F0E4FFF449012059
:102400001139087410BC5DF814FB2DE9F041154634
:10241000074601461E460C22EEA006F057FEEC4C85
:10242000113C60B10A223946EEA006F04FFE80B1A1
:1024300004223946EEA006F049FEA8B120E020783B
:10244000B4F84A30C0F38002EBA1284607F094FFAD
:1024500013E02078C0F3800008B1EBA100E0ECA10C
:10246000284607F089FF08E0207C48B13246D84969
:10247000284606F0F4FD002020740020BDE8F0811D
:102480000120FBE770B5064601460822E2A006F0EF
:102490001DFECE4C012540B9CD48113800784007CB
:1024A00002D50320207000E0257008223146DDA00F
:1024B00006F00CFE00B9257007223146DCA006F0BC
:1024C00005FE08B902202070002070BD38B5054611
:1024D00001460A22D8A006F0F9FDC8B10B22294610
:1024E000D8A006F0F3FDB0B10A222946D8A006F024
:1024F000EDFDA0B10A222946D8A006F0E7FD002490
:1025000088B106222946D8A006F0E0FD10B324E0E9
:1025100000F056FC01E000F042FCB8B118E00020E9
:1025200000F02CFCF9E76A46D1A12846009406F099
:10253000F5FD01280CD1009840F21352A0F2F511DC
:10254000914205D280B200F04CFCE6E7012038BD94
:10255000002038BD012000F002FC08222946C8A056
:1025600006F0B4FD18B94FF0FF3000F0F8FB072279
:102570002946C6A006F0AAFD0028E7D16A46C5A1F3
:102580002846009406F0CAFD0128E1D10098C0B2A7
:1025900000F064FCDCE700B5FFF722FF002800D064
:1025A000012000BD2DE9F0475FEA010A044608D08A
:1025B000864E8748361DF71EE51C3F3004F017FB9A
:1025C00007E0824E8248B61D371F251D3F3004F0BC
:1025D00010FBC0B24FF00008012839D17C49092214
:1025E0003F31AFA006F072FD08B900F0D8FB784982
:1025F00002223F31ADA006F069FD20B928780128FC
:1026000001D185F8008072490C223F31A8A006F064
:102610005DFD48B985F80080E07828B9207918B9BF
:10262000207820F002002070694905223F31A4A0E3
:1026300006F04CFD18B9207820F0C00020706449E5
:1026400003223F31A0A006F041FD08B9D3F7F4FE04
:1026500038782978884201D0A6F8008028784FF091
:10266000C809012808D12078400701D485F80080E6
:10267000308828B1401E30802878022808D00BE02E
:10268000B4F84800514600F07FF9A6F80090F3E74F
:10269000308828B1401E308028783870BDE8F08737
:1026A000207840F002002070504600F010FAA6F8A2
:1026B0000090F1E73EB5854A0546444C07CA8DE8CF
:1026C00007002089401C00B2208164281DDB002007
:1026D0002081288810B97EA0FFF789FE287880091C
:1026E00006D0E178684600EB81017DA0FFF77FFE10
:1026F0002878800702D57EA0FFF779FEE0780228CF
:1027000001D3002000E0401CE0703EBD704710B5D2
:10271000AFF209317BA001F0B6F8AFF2972179A0B2
:1027200001F08DF8AFF25B21BDE8104075A001F01B
:10273000AAB81FB582B01A4604AC0223CDE9003412
:102740000B4672A1D5F7AFFD009006B010BD1F4A31
:102750001F494FF47A730C3211397048FFF7E9FFC3
:10276000FFF7D5FF00F07EFB01F0E6FC04F01AFA5B
:10277000174C113C0025207840F0C0002070144810
:1027800000211138FFF70EFF114801211138FFF722
:1027900009FF0F481138FFF78DFF2078C00708D1D7
:1027A000FFF71EFE21788A0701D48A0902D0022889
:1027B00007D0C4E0012805D0022804D0032803D0A4
:1027C000BDE0B9E0ACE0AFE0B2E00000FC02002008
:1027D00039B1012052657152656164537461746549
:1027E0000000000072756E5F53746174653F0000F5
:1027F0004D73673F0000000052656164537461745B
:102800006520256420256400697353746172740027
:10281000697353746F700000526571536869667410
:102820000000000052657153747261740000000072
:1028300052657153746F700043616D657265204C11
:102840004544000043616D657265207769666900E3
:1028500043616D65726520526563000043616D657B
:10286000726520566F6C0000496E63205570000041
:1028700043616D65726520566F6C20256400000011
:10288000496E6320646F776E0000000046414E5F22
:1028900070776D0046414E5F70776D2025640000B3
:1028A0007769666920646F776E0000006F6B0000C7
:1028B000636C6561722066696E6973680000000070
:1028C000726561647900000044465500F410040804
:1028D000233232384232322052656164792300005B
:1028E000496E697469616C697A696E672573000065
:1028F00070726F63656564696E6720766964656F81
:10290000000000004374726C000000004F75747387
:102910006964655F6D6F746F72000000A72B030818
:10292000134800F00EF90AE0114800F024F906E01F
:102930000F4800F02CF902E021F0C0002070E57093
:102940000A2000F0E3FE1AE710B50AA001F021F911
:102950000AA001F01EF9AFF2540001F01AF9094A79
:1029600040F2EE230021AFF21920BDE81040E0E66E
:1029700028B101207461736B00000000706167650D
:10298000310000000C0300202DE9F04180462DEDC0
:10299000028B82B00D46322008F0A2FE07460020CE
:1029A00038703221384600F04DFA387820B932229A
:1029B000B9A1384606F053FB4146B9A015B104F061
:1029C000A1FA01E004F0B7FA0026B2EE048A66E04C
:1029D000B44906EB860001EB8004207805285DD21F
:1029E000DFE800F00319293D470094ED030A39465A
:1029F000ADA020EE080ABDEEC00A8DED000A94EDF0
:102A0000020A6268BDEEC00A10EE103A25B300BF9C
:102A100004F078FA42E094ED020A62683946BDEEAD
:102A2000C00AA6A010EE103A15B104F06BFA35E01A
:102A300004F081FA32E094ED030A3946A3A0BDEE1A
:102A4000C00A002D8DED000A94ED020A6268BDEE09
:102A5000C00A10EE103ADBD104F06DFA1EE0626895
:102A60003946A0A015B104F04DFA17E004F063FA5E
:102A700014E0A0684DB106F0E6FECDE9000139464C
:102A80009CA0626804F03EFA08E006F0DCFECDE9A6
:102A90000001394697A0626804F04DFA761C46455D
:102AA00096DB98A015B104F02DFA01E004F043FA8A
:102AB00002B03846BDEC028BBDE8F04108F0E8BD3D
:102AC000002891A001D004F01DBA04F034BA002807
:102AD0008FA001D004F016BA04F02DBA10B58EA064
:102AE00004F010FABDE810408BA004F024BA10B531
:102AF0008BA004F007FABDE8104089A004F01BBACF
:102B00002DE9F04141F2883400F01EFEDFF81C820E
:102B100006464FF47A7700BF00F016FE851B601B57
:102B2000B0FBF7F182A0FFF762FCD8F80000007854
:102B3000000704D4642000F0E9FDA542ECD3BDE811
:102B4000F08110B504460078400708D40A215548A2
:102B500000F07EF9A4F8480008B1142801D900203B
:102B600010BD5048606400202080207840F00100B3
:102B70002070012010BD01784A0701D40020704761
:102B800021F0200141F00801017001207047017817
:102B90004A0701D4002070474A11521C62F34511C4
:102BA0000170012070472DE9F05F040072D0DFF85A
:102BB0007C91C9F80040207820F00300207060A0CC
:102BC000FFF715FC4FF0010B4FF0000A2078C0070B
:102BD00017D0A4F800A084F805A07CB1606C68B19F
:102BE0002078002540F004002070D9F80000B4F8E7
:102BF000486080F803B080F804B03CE084F805B089
:102C0000E4E70021642000F08EFDDFE7616C05EB56
:102C1000850801EB8807A4F84A502846FFF770FFA3
:102C20003878012220B1012807D0022819D109E003
:102C30002146384600F072F913E02146384600F08C
:102C40007FFA0EE0701E854207DA1423616C03EBF5
:102C50008800085C022800D100222146384600F096
:102C6000F0FB2078000705D5D9F800100220C870C5
:102C7000087102E06D1CB542C8DB31A0FFF7B7FB5D
:102C8000207820F004002070A4F800A084F805A0AB
:102C90009CE7FFE7BDE8F09F756E6E616D656400AF
:102CA00026256400ACB101202625735F564F525F84
:102CB0005425645625644625303264002625735F0A
:102CC000434F4E545F532564562564002625735F99
:102CD0004F5641525F53256456256449253032646E
:102CE000000000002625735F564849545F54256450
:102CF000000000002625735F54435F53256456256A
:102D000064000000400D0A0066696E697368000087
:102D100063616E63656C0000636C65617200000046
:102D2000696E746572727570740000001003002083
:102D3000696E74657276616C202564730000000012
:102D4000200000004C4810B580ED020A002003F07E
:102D500022FC012010BD0146002003F048BC03F016
:102D60002EBC08B500200090072303220A21012071
:102D7000D2F7BAFCD3F76BF9002008BD1CB50446A6
:102D800000200090082269460190D2F73CFE0128FD
:102D900001D0012000E0002038490C701CBD1CB59A
:102DA00037A10822D1E90001CDE9000169460020E0
:102DB000D2F729FE012801D001201CBD00201CBD36
:102DC0001CB531A10822D1E90001CDE90001694615
:102DD0000020D2F718FE012801D001201CBD0020E0
:102DE0001CBD1CB52AA2D2E90012CDE900128DF853
:102DF0000100000A8DF80200082269460020D2F77F
:102E000002FE012801D001201CBD00201CBD10B510
:102E1000040003D004F059F884ED000A012010BD2D
:102E20000FB410B503AC002001F0B5FE0028FAD0B5
:102E30002246029907F0C6FA01F0BAFE10BC012042
:102E40005DF814FBCAB2014613A316A000F086BDBC
:102E500000F087BF10B5D2F783FE10BD10B5D2F7D2
:102E6000CCFE10BD10B5FFF77CFFFFF798FFD2F73F
:102E700077FE002010BD000074B201201403002072
:102E8000010000000000000004000000000000003D
:102E900002000000000000004D6F7573654E616D0B
:102EA000653F0000706167653100000010B5017872
:102EB00041B94268017CD0ED020A90ED030A104648
:102EC00003F094F8012010BD10B503F0B7F801200D
:102ED00010BD10B503F0B8F8012010BD7CB5054653
:102EE00000200C460090019001A9684603F0B0F85C
:102EF00001463CB1009828B1019A64235A43B2FBC1
:102F0000F0F02060DDE90002801A286008467CBDF0
:102F1000007C5449C0EBC000084470472DE9F04FD5
:102F2000834689B0002008730C460120FFF726FF76
:102F3000064600254FF47A7A2EB9022D03DA4AA00C
:102F4000FFF755FA03E029464BA0FFF750FA00219E
:102F5000504600F0E8FB6D1C052DEDDB5846FFF7F1
:102F6000A5FF012020732078002520F02000A9462D
:102F70004FF0FF382070694601A8FFF7AFFF0199B5
:102F8000074688450ED0207880060BD45846FFF7B8
:102F9000BFFF0246B4F84A103BA0009BFFF727FA98
:102FA000DDF80480207800070AD55846FFF7B0FF07
:102FB0000246B4F84A1038A0FFF719FA03F03EF8B9
:102FC0002078C0F34011A94221D0800613D503F028
:102FD0003BF85846FFF79CFF0246B4F84A1035A06C
:102FE000FFF705FAB9F1000F02D10120FFF7C6FE85
:102FF0004FF001090BE05846FFF78AFF0246B4F88C
:103000004A1021A0009BFFF7F2F903F01DF8207889
:103010000021C0F34015322000F085FB002FAAD11B
:103020002078000708D45846FFF772FF0246B4F82C
:103030004A1023A0FFF7DBF90021504600F073FB94
:10304000B9F1000F03D10120FFF798FE064616B92B
:1030500020A0FFF7CCF90320207309B00020BDE8C1
:10306000F08F00000011040863616D6572612065D6
:1030700072726F7200000000737461727420616676
:10308000746572202564730025643A257320446FAB
:103090006E653A256425250025643A257320234171
:1030A0003532413241205465726D696E61746564D8
:1030B0002300000025643A25732050617573650074
:1030C00025643A257320446F6E653A3130302525EA
:1030D0000000000043414D204552524F5200000075
:1030E00010B541684FF47A72514390ED020A0846D8
:1030F00003F05FF9012010BD10B503F079F901204C
:1031000010BD10B503F07BF9012010BD7CB505465C
:1031100000200C460090019001A9684603F0A3F935
:1031200001463CB1009828B1019A64235A43B2FB8E
:10313000F0F02060DDE90002801A286008467CBDBE
:103140002DE9FC410746002008730C460120FFF7DB
:1031500015FE064600254FF47A782EB9022D03DAC3
:1031600031A0FFF744F904E0C5F1050132A0FFF7F3
:103170003EF90021404600F0D6FA6D1C052DECD337
:103180003846FFF7ADFF012000252073871E207809
:1031900020F02000207001A96846FFF7B7FF06461F
:1031A0000098874209D02078800606D4B4F84A10E7
:1031B00025A0019AFFF71BF9009F2078000706D58C
:1031C000B4F84A1025A0FFF712F903F011F920789E
:1031D000C0F34011A9420BD0800607D503F00FF9C8
:1031E000B4F84A1024A0FFF702F901E003F007F950
:1031F00020780021C0F340150A2000F094FA002E38
:10320000C9D1B4F84A1020A0FFF7F1F800214046D8
:1032100000F089FA0120FFF7B1FD20A0FFF7E7F8E1
:1032200003202073BDE8FC8163616D6572612065D8
:1032300072726F72000000007374617274206166B4
:10324000746572202564730025643A434F4E542000
:10325000446F6E653A2564252500000025643A43D5
:103260004F4E542023413532413241205465726D16
:10327000696E61746564230025643A434F4E54209F
:10328000506175736500000025643A434F4E542029
:10329000446F6E653A31303025250000656E64005C
:1032A00010B5754990ED020A81ED050A4268CA60C1
:1032B00090ED030A81ED040A0178022908D14168E2
:1032C0004FF47A72514390ED020A084602F071FF02
:1032D000012010BD10B502F090FF012010BD7CB59B
:1032E000054600200C460090019001A9684602F0B6
:1032F000B8FF34B1019964225143009AB1FBF2F155
:103300002160DDE90012891A29607CBD10B502F048
:103310006FFF012010BD38B50020FFF713FD684690
:10332000FFF719FD9DED000A044654A0BDEEC00A4A
:1033300010EE101AFFF75BF800210A2000F0F3F9F5
:10334000002CECD138BD2DE9F043814685B00C4608
:103350004FF0FF360120FFF711FD074600254FF41F
:103360007A782FB9022D03DA48A0FFF740F804E07D
:10337000C5F1050149A0FFF73AF80021404600F0E9
:10338000D2F96D1C052DECDB4846FFF789FF20784C
:10339000002520F020002070694601A8FFF79FFF5C
:1033A00007460198864206D0B4F84A103FA0009A1A
:1033B000FFF71DF8019E2078000706D5B4F84A10E3
:1033C0003FA0FFF714F802F013FF2078C0F340117C
:1033D000A94211D0800607D502F00FFFB4F84A10B9
:1033E0003EA0FFF704F807E0B4F84A102FA0009AB7
:1033F000FEF7FDFF02F001FF2078002165F3451084
:1034000020700A2000F08FF9002FC5D12078000726
:1034100004D4B4F84A1035A0FEF7E9FF0021444671
:10342000404600F080F90120FFF7A8FC10B934A055
:10343000FEF7DDFF0021204600F075F905B0BDE87C
:10344000F08370B505460120087316460C4695EDCD
:10345000030AFFF760FF21462846FFF774FF012E9D
:1034600003D19FED2A0AFFF756FF29A0FEF7BFFF01
:1034700003202073002070BD84B20120696E632098
:10348000616E676C652025640000000063616D65F6
:103490007261206572726F72000000007374617255
:1034A0007420616674657220256473002564204F62
:1034B00056415220446F6E653A2564252500000070
:1034C00025643A4F56415220234135324132412042
:1034D0005465726D696E61746564230025643A4FAA
:1034E00056415220506175736500000025643A4FC3
:1034F00056415220446F6E653A3130302525000028
:1035000043414D204552524F520000000000000040
:103510004F56415220656E6420000000002101607A
:103520004160704770B50446006803E0A168856893
:10353000884728460028F9D12046A168BDE8704098
:10354000084710B50C46C1680C208847002104606C
:10355000816010BD70B50E46002405462146FFF778
:10356000F0FF2A680AB1012403E0286005E00A465A
:10357000641C91680029FAD19060C0E9004669682E
:10358000491C696070BD10B504460068002817D05A
:10359000002915DB4FF00002134608D18168216035
:1035A00009E00246806803F10103002808D08B423D
:1035B000F7D181689160A16888476068401E6060AB
:1035C00010BD70B516460C00054602D46868A042CE
:1035D00001DA002070BD00212846FFF7B2FF2968FC
:1035E00014B10022641E04E08160286006E089684E
:1035F000521CA242FBDB8A68826088604660696870
:10360000491C696070BD30B500291EDB43688B42E0
:103610001BDD002A19DB934217DD914215D00024EF
:103620002546036802E01C469B686D1C8D42FADB50
:1036300099680CB1A16000E001601AB10021006836
:10364000521E05E001689960036030BD8068491C26
:103650009142FBDB81689960836030BD0068002285
:1036600007E001D1002070478A42FCD08068521CDC
:1036700012B20028F5D17047006806E001D10020A1
:10368000704742688A42FBD080680028F6D17047B4
:1036900010B504460068002816D0002914D04368ED
:1036A00000228B4206D18168216008E002468068D2
:1036B000002809D043688B42F8D181689160A168E5
:1036C00088476068401E606010BD0068002102E00D
:1036D00001608068491C0028FAD1704710B5046861
:1036E00004E006A0216806F037FEA468002CF8D19B
:1036F000BDE8104003A006F02FBE00002564202D79
:103700003E2000004E554C4C0A00000042F2107161
:1037100048434FF47A71B0FBF1F0D4F77EBFD5F790
:1037200016BFD5F730BF10B5044611B10020D4F74D
:10373000E5FD42F2107044434FF47A70B4FBF0F0B0
:10374000BDE81040D4F769BF10B5D5F77EF90A215E
:10375000B0FBF1F010BD0FB417482DE9F04100782F
:103760000028FDD1144C012007AB207032211348F2
:10377000069A06F015FE85B2002629460F48D1F7B5
:1037800014FE07460120D4F748FF002FF5D026701D
:10379000BDE8F0015DF814FB3FB583B01D4605ACF4
:1037A00002230A9ACDE900340B462946D4F77BFD63
:1037B000009007B030BD0000150300209CB201202E
:1037C000002202E0835C23B1521C8A42FADB002013
:1037D000704702B1521E90B2704770B50546002086
:1037E000024607240DE0AB5C58400023060602D5D4
:1037F00084EA400000E040005B1CC0B2082BF5D317
:10380000521C8A42EFD370BD70B50546181D1C4688
:103810001646814201D2012070BD232028706C70B1
:1038200021461046FFF7D9FF01462819224681702C
:103830002421C1703146A81C05F0D3FB70BD2DE9D1
:10384000F0410746EA480E46002544684CB16168DD
:1038500051B1384605F016FC40B1646E6D1C0A2D5E
:10386000F4DB0220BDE8F0810720FBE704EB8001D8
:10387000C96821B1401C0A28F8DB0020F2E704EBFC
:103880008000C660F9E72DE9F0410746D8480E46AA
:10389000002544684CB1616849B1384605F0F2FB37
:1038A00038B1646E6D1C0A2DF4DB0220DAE70720C4
:1038B000D8E704EB8001496B21B1401C0A28F8DBF2
:1038C0000020CFE704EB80004663F9E707F008BF6C
:1038D00007F0DEBE0FB42DE9F04706460B98904680
:1038E0008946A0B1C248002544685CB1206848B14F
:1038F000616861B1304605F0C5FB50B1646E6D1C66
:103900000A2DF2DB0220BDE8F0075DF814FB07206A
:10391000F9E7282007F0E4FE06001DD0282105F075
:1039200087FB0CAA30460B9906F04CFD87B20025A8
:1039300004EB8500D0F80CC0BCF1000F04D0434666
:103940004A4639463046E0476D1C0A2DF0DB3046CA
:1039500007F09EFE0020D6E70920D4E70FB42DE93A
:10396000F04706460B989046894688B1A048002546
:1039700044685CB1206848B1616849B1304605F0DF
:1039800081FB38B1646E6D1C0A2DF2DB0220BAE7B0
:103990000720B8E7282007F0A3FE06001ED0282144
:1039A00005F046FB0CAA30460B9906F00BFD87B2DA
:1039B0005FF0000504EB8500D0F834C0BCF1000FC7
:1039C00005D043464A4639463046E04740B16D1C73
:1039D0000A2DEFDB304607F05BFED7E7092092E7C0
:1039E000304607F055FE00208DE7072070472DE98F
:1039F000F0471F00DDF8209016468846824612D018
:103A00007B48002544685CB1206848B1616851B1C9
:103A1000504605F037FB40B1646E6D1C0A2DF2DB99
:103A20000220BDE8F0870720FBE7B4F8600018B17A
:103A3000484503D90520F4E70420F2E7B4F85E1006
:103A4000414501D00620ECE70EB1A06830604A463F
:103A50003846216805F0C5FA4246514665A02368FC
:103A600006F07AFC0020DCE7FF2070472DE9F047E4
:103A700081465F489846164644680F4600255CB16B
:103A8000206848B1616849B1484605F0FBFA38B191
:103A9000646E6D1C0A2DF2DB0220C2E70720C0E72E
:103AA000B4F8600018B1322803D90520B9E7042022
:103AB000B7E7B4F85E00B84201D00620B1E70EB116
:103AC000A068306032214046FFF77AFE0246404649
:103AD000216805F0FBFA08B10820A2E70020A4F84D
:103AE00060003A46494648A006F036FC002098E7B8
:103AF0002DE9F04107463E480E46002544685CB17A
:103B0000206848B1616849B1384605F0BBFA38B160
:103B1000646E6D1C0A2DF2DB0220A3E60720A1E6ED
:103B2000B4F8600028B1B4F85E00B04203D00620BB
:103B300098E6042096E63246394637A006F00CFC9B
:103B40000020A4F860008DE610B5294C0020012269
:103B5000B4F8023002FA00F1194214D182401A433B
:103B60006280314AC0EB001102EB410200EB8001A0
:103B700001EBC0012D4840F8312000EBC1001E22AE
:103B8000A0F8602010BD401C0A28E3DB002010BD17
:103B9000FEE770B5164C064620780028FCD10120BF
:103BA0002070FFF7D1FF6168002509B1002202E013
:103BB000606008E029B14B6E23B1521C19460A2AF5
:103BC000F8DB29464866A0F860501E21A0F85C107A
:103BD0004660A0F85E50456628210C3005F028FAB2
:103BE000257070BD0248002141804160704700008F
:103BF000180300200D0A2D3E5B6E632025732025DF
:103C0000645D2025730000000D0A2D3E5B52632089
:103C100025732025645D00000D0A2D3E5B63202581
:103C2000732025645D00000014B7012004B3012057
:103C300010B5044667480068FFF710FD002805D05E
:103C400041681422204605F0CCF9012010BD0FB4C4
:103C5000604810B500680799FFF700FD002805D0FF
:103C60004068142202A905F0BCF9012010BC5DF8DF
:103C700014FB0FB470B5574C2068C16814208847F6
:103C80000546142204A905F0ACF929462068FFF77F
:103C900061FC2068FFF719FD284670BC5DF814FB35
:103CA0000FB44C4870B50468099E1420E168884739
:103CB0000546142204A905F094F9A6F57F40FF38C3
:103CC00005D02A4631462046FFF77BFC18B9294625
:103CD0002046FFF73FFC2046FFF7F7FC2846DCE7CD
:103CE00070B505003B48046801D5002070BD294629
:103CF0002046FFF7B3FC0028F8D0406808B1A1685F
:103D0000884729462046FFF73EFC012070BD314A16
:103D100010B514680A4601462046FFF774FC204699
:103D2000FFF7D3FC012010BD70B5040029480568D9
:103D300008D021462846FFF7ABFCA96820468847F3
:103D4000012070BD002070BD10B50C460146214811
:103D50000068FFF791FC002802D000682060012075
:103D600010BD2DE9F04106001A484FF000052C4621
:103D7000076800D011B90020BDE8F08129B26D1CA0
:103D8000ADB23846FFF76AFC60B141680029F5D052
:103D900004EB8400641C06EB8000A4B2142205F03E
:103DA00020F9EBE72046E7E70A48006840687047DB
:103DB0006420FFF7ABFCFBE710B5102007F090FC88
:103DC0000446FFF7ABFB0448A0600448E0600148EC
:103DD000046010BD2003002091B60308E1B603087B
:103DE0000FB4DC4A10B55268824203D0012010BCE7
:103DF0005DF814FBD84C1422201D618004A905F045
:103E0000F0F8012020700020F1E70FB4D14A10B57E
:103E10005268824201D00120E9E7CF4C14221C34C1
:103E200004F10800618004A905F0DBF8012020718D
:103E300020700020DBE70FB4C64A10B552688242FA
:103E400001D00120D3E7C44C14221C3404F1080033
:103E5000618004A905F0C5F80020207101202070C0
:103E60000020C4E710B50C46BA494968814201D028
:103E7000012010BDFFF798FFA04201DC022010BD19
:103E8000B5480121383044800170002010BDB14B8D
:103E90005B68834201D001207047914201D3022028
:103EA0007047AC48083041808280012101700020B9
:103EB0007047A8494A780AB1012070474A68521CE5
:103EC0004A60026000207047A248417831B1002169
:103ED00041704168491C41600020704701207047D3
:103EE0007CB59D4C2078012819D19A4908706588C5
:103EF000FFF75AFF082812DC204601954069009020
:103F0000201D0FC8FFF7CCFEA061011E08D00020C5
:103F1000207092A3042293A00095FFF7DBFC7CBDE8
:103F20000220207002B00022BDE870408FA311462D
:103F30008CA0FFF7CFBC38B5874C383420780128E7
:103F40000FD184490870658828B2FFF7C9FE48B1CF
:103F5000002020700246014686A382A00095FFF74C
:103F6000B9FC38BD0220207001B00022BDE830400D
:103F70007EA311467BA0FFF7ADBC2DE9FC5F764C1C
:103F80001C342078012869D12179DFF8C8A10127E4
:103F90004FF00008A4F150054FF0020904F1080B9E
:103FA00041BB8AF800706688FFF7FEFE6188C0B2E8
:103FB000814208D3002284F800906CA3114669A0C6
:103FC000FFF788FC13E030B2019063481C30806931
:103FD000009005F158000FC8FFF739FE84F8008003
:103FE00066A3042259465FA00096FFF773FC207871
:103FF000012833D12079012830D18AF800706788F0
:10400000FFF7D2FEC6B26088B04229D34FF6FF7ADE
:104010006088B04219D35048CDF804A01C308069A4
:10402000009005F158000FC8FFF73AFE010009D0D3
:104030004AA304224BA00096FFF74CFCFFF7B4FE06
:10404000C6B2E5E784F80090F8E784F800804BA357
:104050000022594643A00097FFF73CFCBDE8FC9FB7
:1040600038B201903C4858351C308069009095E882
:104070000F00FFF7ECFDE8E71CB5364C083420785C
:10408000012811D133490870A1886088FFF73FFEED
:1040900000202070A1886088CDE90001002239A3AA
:1040A000114630A0FFF716FC1CBD70B5154638A1AF
:1040B00005F034F808B1012070BDFFF775FE254CFE
:1040C00082B237A12378284606F056F900202070E6
:1040D00070BD09B2FFF7ACBD10B5FFF701FFFFF7E8
:1040E0002AFFFFF74AFFBDE81040C5E71A49002044
:1040F0001C3108701C31087038390870704710B5D1
:1041000032212BA0FFF75CFB13490246BDE81040AB
:10411000343927A004F0DABFFFF74EFEFFF7E6FFC1
:10412000AFF279010FA0FFF7AEFB00BFFFF7D4FF9E
:104130000A20FFF7EBFAF9E708B5064A4FF480705A
:1041400010321CA300210090AFF23300FFF724FBD4
:1041500008BD00002803002074B801204144442019
:10416000256400007461736B000000004552524FDB
:104170005200000044454C202564000053617665E0
:10418000202564004D6F766520256420256400009D
:10419000526571526561645374617465000000007A
:1041A0005265616453746174652025642025640040
:1041B000414444007461736B206D616E6167657288
:1041C0000000000070B5C468002C16D0A568D5F7B3
:1041D00030FE1C2811D12846F7F7ADFC208360691A
:1041E00020B12846F7F7A7FC61690880616A0029B9
:1041F00003D02046BDE87040084770BD2DE9F84F58
:10420000056804462846F9F73DF883462846F7F73F
:104210003DFB0546D4E907108046A789B4F80EA0F7
:10422000B4F81090668A2846F7F741FB4146584695
:10423000F9F795FB0FFA8AF33AB207212846DAF725
:104240004EFA30B200900FFA89F3112229465846EF
:10425000DAF753FA002201215846DCF74CFEC4E994
:1042600001B523461C22AFF2A30101B02846BDE8E8
:10427000F04FD5F706BE00000BB200221146DAF768
:104280002EBA10B5846994F82C0058B9616A09B146
:1042900020468847B149E068884203DC6069B0F590
:1042A0007A7F01DD002010BDA1690968484300EE56
:1042B000100AAB48F8EEC00AC4ED030A94ED040AF4
:1042C00090ED001A70EEC00A00EE810A84ED040A37
:1042D000BDEEC00A10EE100A10BD007A70470172E0
:1042E0000068D9F7B6BB2DE9F04106469C4809B2F3
:1042F00086603046FFF7B2F905001ED06C68002CCE
:104300001BD0E16900202768A1F84000012084F853
:104310002C00944A00213846DBF70DFF3846DCF7C5
:1043200012FFB1682046884730462968FFF72BF90D
:104330003046BDE8F041FFF7C8B9BDE8F0812DE98E
:10434000F04115460E460746002421B23846641C4B
:10435000FFF784F9816841B140680028F5D0006812
:10436000B042F2D101202C60E7E70020E5E7406889
:104370004068704710B54068002409B2FFF76EF935
:1043800010B1406800B10446204610BD0069704776
:1043900001617047017AC068212902D10021FFF72D
:1043A0005DB970472DE9F04144680746067A20461A
:1043B000DCF7F9FD80460569694824694068844254
:1043C000BBD0002CB9D03846FFF7E4FF072E0CD045
:1043D000212EB2D0A169287A09688842ADD0201D6B
:1043E000BDE8F0410521F3F75ABCA069FF21007830
:1043F0002872201DF3F753FC4046BDE8F041D9F781
:1044000028BB9AE710B544682046FFF7FCF8204621
:10441000BDE81040FFF759B970B505461020F2F716
:1044200094FB04461021F2F74DFD2046FFF776F885
:104430004D48A0604D48E0602846D7F711FE05467C
:104440004FF496724FF4E171D9F7E9FE00239622FA
:1044500009212846DAF743F90C20F2F776FB2861A8
:10446000C0E900540021017270BD2DE9F0478A4671
:10447000D0E90010814692B016460846FBF77EFB55
:1044800005463020F2F761FB4FF6FF7804464645BB
:1044900006D0224631464846FFF793F8060004D17D
:1044A00021464846FFF756F8064630212046F2F7E7
:1044B00009FD32212846D9F786FE0127B9B25A22D2
:1044C0002846FBF754FE7F1C042FF7DB10212846FB
:1044D000D7F703FE00220A212846DCF711FD201D34
:1044E000F3F74DF90321201DF3F7CAFB0321201D2B
:1044F000F3F7D9FB0520F1F7A6FD0146201DF3F7E0
:10450000C3FB0022211D2846DBF7C0FD68462C6155
:10451000F0F7E8FD0694ADF8408015480190154885
:10452000079000956846F0F723FE07464B460022A9
:1045300011492846D5F7A5FCC4F824A041202560E0
:10454000C4E90506002084F82C004846E761FFF71F
:10455000BCF812B02846BDE8F087000000007A449D
:1045600040030020FFFF0F00776B02084B6B02082F
:104570007942030883420308A543030870B5C56860
:1045800006462C69D5F755FC71680728096901D0E2
:10459000062811D1012902D0022904D006E02846BC
:1045A000EDF738FE02E02846EDF74DFE002C03D073
:1045B0002846EDF705FE206070BD2DE9F84304465E
:1045C00000688146F8F75EFE07464846EDF7E4FCD2
:1045D000804601216669EDF773FD4FF47A7201217F
:1045E0004046EDF7B5FD002204214046EDF778FD89
:1045F0004046EDF7F4FD64214046D9F7FAFD2A2242
:1046000082214046D9F70BFEB4F90E30B4F90C20E4
:1046100007214046DAF763F800256FF018031122EE
:10462000414638460095DAF768F810214046D7F73A
:1046300054FD2169C8F810101EB131463846F9F70B
:10464000C4F9002201213846DCF755FC4846F5F74D
:1046500053FF07464846F5F74FFF06462822114606
:104660003846D9F7DCFD282211463046D9F7D7FD68
:1046700041231422414638460095DAF73EF80F23CD
:104680001422414630460095DAF737F8002211A18E
:104690003046DCF730FB00220FA13846DCF72BFB5D
:1046A00001203061022043460022AFF22F11386111
:1046B0003046D5F7E6FB43460022AFF23F113846BD
:1046C000D5F7DFFB4046EDF77BFD21690860BDE8CB
:1046D000F8830000EF81A700EF81A800F0B589B052
:1046E0000C460646FE4DE878002879D03046FFF7A4
:1046F0004DFE296995F9012049684968B2EB410FDF
:1047000003DD0021E970FF216970806902AF006854
:104710006870217899B1012932D0022960D1B5F9A8
:10472000061088425ED16168B5F90800CDE9000144
:10473000ECA3012200213046FBF7C3FC5AE0B5F997
:10474000061088420BD16168B5F90800CDE9000177
:10475000E4A3012200213046FBF7B3FC07E06068C8
:104760000090E2A3012200213046FBF7AAFCE0689A
:1047700005F069F841EC100BDDA153EC102B41E082
:10478000B5F9061088420BD16168B5F90800CDE98A
:104790000001D9A3012200213046FBF792FC07E07B
:1047A00060680090D5A3012200213046FBF789FC08
:1047B000A06805F048F841EC100BD1A153EC102B88
:1047C00002A805F0D9FDD1A30222002130460097AE
:1047D000FBF777FCCEA3032200213046FBF771FCE8
:1047E00009B0F0BD60680090C0A3012200213046EE
:1047F000FBF767FCE06805F026F841EC100BC5A15B
:1048000053EC102B02A805F0B7FDC0A30222002133
:1048100030460097FBF755FCA06805F014F841EC12
:10482000100BB7A153EC102B02A805F0A5FDB7A300
:104830000322002130460097FBF743FCD0E70099A4
:1048400010F0FF0003D0B54901EBC0007047C9B2BA
:104850000844B2491839F7E77CB504468069A56A6F
:104860000088002D06B212D02869009095E80F004C
:10487000FFF7E5FFCDE900060022A9A31146206855
:10488000FBF71FFC29462068BDE87C4026E77CBD7D
:104890002DE9F041924C06460F46E0683246401C36
:1048A000AFF24B01E0602069FFF7DFFD0546FFF73F
:1048B0006DFD01469C4A207842F82050401C207033
:1048C0008F6231462069BDE8F041FFF708BD7FB532
:1048D000954C5C34201D00F082FF002817D08048E2
:1048E0000069FFF7FAFC85B2658003A8FFF7E1FADB
:1048F00004F10C0207CA8DE807008B482946D0E96D
:1049000018230398FFF76CFA0398FFF7DDFA7FBDD1
:1049100070B5734E0C460A46014600253069FFF714
:1049200071FD3069FFF723FDA04200DD25462946D1
:104930003069BDE87040FFF7D2BC38B568480069FF
:10494000FFF7CBFC04466846FFF7B3FA601C82B25F
:10495000A1B20098FFF79BFA0098FFF7B5FA38BDAF
:10496000704710B58AB00020039004A800F037FF0C
:104970005B480069FFF7B1FC044603A8FFF799FA0A
:1049800006AB93E807008DE80700A1B203AC94E8FA
:104990000D00FFF750FA0398FFF796FA0AB010BD22
:1049A00001464F48002200694068FFF79CBC38B5BB
:1049B0004B4D2869FFF791FC040010D4014628698B
:1049C000FFF7D8FC5549183181626846FFF771FA44
:1049D000A1B20098FFF746FA0098FFF775FA38BDC4
:1049E0002DE9F0414D498AB0804614222C3104A8AB
:1049F00004F0F7FA002404AF6D464046F5F77CFD5D
:104A000045F8240028224621D9F709FC55F824004E
:104A1000F8F738FC064604EB8400C1193046F8F775
:104A20009EFF00231A4609213046D9F758FE04EBB1
:104A30008400000102B2002355F824001946D9F77A
:104A40004EFE641C042CD8DB00230722AFF2811138
:104A50000098D5F716FA00230722AFF2211101982A
:104A6000D5F70FFA00230722AFF209110298D5F704
:104A700008FA00230722AFF2C9010398D5F701FA1B
:104A80000AB0BDE8F08138B5F8F7FCFB144C6FF0C4
:104A900013016FF0C703E06100910D22A169D9F7FE
:104AA0002CFE2149E0697831F8F759FFE069BDE84B
:104AB00038400121F9F73EB870B50446007A084D38
:104AC00007280AD1A878052805D0002217A3114687
:104AD00019A0FEF7FFFE207AA870207A05282FE0A3
:104AE0004C03002025642F2564000000256400008D
:104AF000252E31662F687A002564732F2564730094
:104B0000252E3066C2B02F73000000002573000010
:104B100020000000252E3166C2B0000030110408CC
:104B200025732C2564000000C8B80120526571531C
:104B300068696674000000004374726C0000000035
:104B400008D10022E1A31146AFF21400FEF7C2FE25
:104B5000207AA87070BD10B5F5F7CEFC0446DD488C
:104B600084612046F8F78EFBDBA1F8F7F8FE0023FE
:104B70001A4603212046D9F7B2FD00231A46AFF2A8
:104B8000C7012046BDE81040D5F77BB9D1490022C6
:104B900008790A71704708B132210180CD48407907
:104BA00000284FF0000002D1CD4908700846704738
:104BB000C8490120487170472DE9FC47904681465D
:104BC00001461F460322C7A004F080FAC44C002609
:104BD0003234012578B96A46C3A14846009604F0EC
:104BE0009DFA012807D1042F05D12573257000985F
:104BF0002081C4F8048003224946BDA004F066FA6F
:104C000060B96A46BBA14846009604F087FA0128BD
:104C100004D1032020700098208125730422494686
:104C2000B6A004F053FA28B96A46B6A148460096E1
:104C300004F074FA04224946B4A004F047FA78B9A3
:104C4000009601AB6A46B3A14846019604F066FAA5
:104C5000022805D120700098208101986081257379
:104C60009C48C570BDE8FC8770B5154601461C46DA
:104C70000A22ABA004F02AFA08B1012070BD9849BD
:104C800022468239284604F0EAF9002070BD10B5AA
:104C9000934C3234207B002815D02046217800899F
:104CA000012904D0022906D0032908D009E061684F
:104CB000FFF7EEFD05E06189FFF72AFE01E0FFF74F
:104CC0006FFE0020207310BD70B52820FEF7FEFD9A
:104CD00004002DD0282104F0ABF994A3282221460A
:104CE000AFF2AC10FEF73AFE0722214692A004F084
:104CF000EDF9784D40B90021A869DCF73DF990A2A3
:104D0000AFF2F811F8F761FE062221468EA004F0FA
:104D1000DDF940B90021A869DCF72EF98CA2AFF2C9
:104D20001421F8F752FE2046BDE87040FEF7D0BDD2
:104D300070BD70B52820FEF7C9FD040017D02821EA
:104D400004F076F984A328222146AFF21420FEF75E
:104D500005FE38B95F4D2146E869F8F700FEE869BD
:104D6000D8F777FE2046BDE8704006F091BC70BDD4
:104D7000704710B5FFF7A8FFBDE81040D9E786E7F8
:104D80002DE9F0410646D5F754F804463046D5F7EC
:104D90004CF807463046D5F752F805460E2C01D0A0
:104DA000072C06D13946EBF71FF801212846D7F723
:104DB00094F91C2C0BD00F2C14D100212846EBF7B2
:104DC00013F82846BDE8F0410121D7F753B97068C0
:104DD000FCF703F9BDE8F041014641483222823830
:104DE00004F03DB94DE610B50446D5F722F8202869
:104DF00005D16068BDE810400121D7F73BB910BD6F
:104E000070B50446EFF74DFDD4F7ACFCEAF7E2FFCE
:104E100005460121D7F72EF92046FBF76FFE044621
:104E20002C4878230022046201212046D9F757FC40
:104E30002B4600224A492046D5F723F849A12046AF
:104E4000FCF79CFA4C492046FCF74EFB0A21204611
:104E5000FCF74CFB0023202248492846D5F711F8DF
:104E60002046BDE870402D22F021D9F7D8B970B5A1
:104E7000184C05466061FFF7CFFA2061284600F024
:104E8000F2FC2846FFF7ACFD2846FFF764FE2846F3
:104E9000FFF7F9FDAFF2DF2139A0FEF7D0FCAFF24A
:104EA000372139A0FEF7EFFC2846FFF7A9FF0022C3
:104EB0000521AFF23510F3F769F800226421AFF253
:104EC0004D10BDE87040F3F761B8000052657153B2
:104ED000746F70004C0300207374617274000000E2
:104EE00072B901204144440041444420256400003B
:104EF00044454C0044454C202564000053617665D0
:104F00000000000053617665202564004D6F7665D2
:104F1000000000004D6F76652025642025640000A8
:104F20004D6F7573654E616D653F000072756E5F04
:104F300053746174653F0000697353746172740047
:104F400053544F5000000000697353746F70000099
:104F500053544152540000004D73673F000000005D
:104F6000814D0308656E746572206D6F75736520E1
:104F70006E616D6500000000F8180408E74D030835
:104F80007461736B000000007061676531000000A0
:104F90002DE9F047EFF785FCD4F7E4FBFCF734FE8E
:104FA00004464FF4F0724FF44871D9F738F90023F2
:104FB00020461A460921D9F792FB0021204600F02D
:104FC00064F80021204600F060F83221F0F725FF58
:104FD000014600222046DBF758FE2046FDF7E2F8A6
:104FE000F8F750F92AA1F8F7BAFC2AA12046FCF7F5
:104FF00015FE8146D7F734F882464FF4D77240F257
:105000001B31D9F70CF95046FFF731FF22A120469A
:10501000FCF704FE8046214600F06FF921A12046EE
:10502000FCF7FCFD0646FCF715FE0546F8F72AF9E5
:105030001EA1F8F794FC4A4629462046FDF778F869
:105040003046FCF707FE0746F8F71CF91AA1F8F7F7
:1050500086FC424639462046FDF76AF8314620462E
:10506000FCF75BFE10212046D7F737F81021504699
:10507000D7F733F810214846D7F72FF82846BDE870
:10508000F04700220721D4F7B2BE2022DAF79CBEF7
:105090004261636B0000000053657474696E67734E
:1050A000000000006D656E75000000002D3E527519
:1050B0006E6E696E670000002D3E53657474696EF4
:1050C0006773000038B5456801212846D7F731F9E4
:1050D000040011D0002000220090CCA31146CEA0E5
:1050E000FEF73CFC00280DD14FF0010128462CB101
:1050F000BDE83840D7F708B90120ECE7BDE83840F3
:10510000D7F7FCB838BD1FB500200190029003907E
:10511000C3A30A2201A9C0A0FEF720FC012448B1C4
:10512000C2A200940023C4A11846ECF7F6FD00F0DB
:1051300067F91FBD0422C4A101A803F0C7FF00281E
:10514000F7D1C3A20094EDE770B586B045684FF47F
:105150007A76142101A803F06BFF2846F4F76CFE61
:1051600000EB800404F57A74B4FBF6F0B4FBF6F2BD
:1051700006FB1043BBA12869F8F727FCBCA3142247
:1051800001A9A5A00094FEF7E9FB002804D10422A0
:10519000ADA101A803F09AFF06B070BD38B545680F
:1051A0002846F4F749FE04462246B5A12869F8F7D7
:1051B0000CFC0022B3A3114697A00094FEF7CEFB8F
:1051C00038BD10B50446007A022805D10022B0A3EC
:1051D000114691A0FEF7C2FB207A082807D10022D1
:1051E000BDE81040ACA311468BA0FEF7B7BB10BDC5
:1051F00010B50446007A022805D10022A9A3114661
:1052000085A0FEF7ABFB207A082807D10022BDE875
:105210001040A1A3114680A0FEF7A0BB10BD70B541
:105220000546F5F769F90446F8F72CF8A0A1F8F758
:1052300096FB00231A46AFF275012046D4F721FEF3
:105240002846F5F759F90446F8F71CF899A1F8F73C
:1052500086FB00231A46AFF267012046BDE8704086
:10526000D4F70FBE38B50446D9F723FC00281DD06B
:105270009FED910A68468DED000AFDF7C8FD9DED92
:10528000000ADFED8E0A642160EE200ABDEEC00A3E
:10529000FDEEE00A10EE900A90FBF1F201FB120322
:1052A00010EE102A86A12046F8F78FFB38BD2DE9B5
:1052B000F0471D46DDE9086788468146F9F7C6FED6
:1052C00004464846F7F7DEFF7FA12061F8F747FB69
:1052D000204629463246F4F77BFD20463946002217
:1052E000F4F72BFDB8F1000F04D14FF40001204674
:1052F000D6F7C0FE2046BDE8F08770B594B0EBF756
:105300000DFE06461021D6F7B5FE4FF4C8710A46C9
:105310003046D8F784FF304600F072F86CA1304672
:10532000EBF70AFE6CA26DA13046EBF71EFE0023E0
:1053300007226B49D4F7A5FD6AA26CA13046EBF7B2
:1053400014FE002307226A49D4F79BFD69A26DA1D0
:105350003046EBF70AFE04460221D6F7BEFE3225A0
:105360005020CDE9000500231A4619462046FFF7D4
:105370009EFF00231C226449D4F783FD63A13046BD
:10538000EBF7DAFD63A255A13046EBF7EEFD0446DC
:105390000221D6F7A2FE2046FFF741FF61A264A1D9
:1053A0003046EBF7E2FDF7F76DFF044602A8EFF792
:1053B00099FE4FF6FF70ADF848005E4803900294E6
:1053C00002A8EFF7D5FE5CA13046EBF7B5FD5CA275
:1053D00000213046EBF7C9FD6421CDE9001500231B
:1053E0001A461946FFF763FF00231C225649D4F7DB
:1053F00048FD56A200213046EBF7B7FD14B070BD52
:1054000000231A460921D9F76AB9000043616D6586
:1054100072652052656300004374726C00000000E6
:1054200043616D657265207769666900434D44206C
:105430004641494C000000006572726F72206D6534
:1054400073736167650000004661696C00000000CD
:1054500043414E20636F6E6E656374204641494C34
:1054600000000000253031642E2530336400000038
:1054700043616D65726520566F6C202564000000E5
:105480002564000046414E5F70776D202564000062
:10549000496E632055700000496E632073746F700D
:1054A00000000000496E6320646F776E000000000A
:1054B000EF81B700EF81B800000000000000C84293
:1054C00025642E2530326400766F6C746167650048
:1054D00043616D657261000052656300EF80930067
:1054E000C55003087769666900000000EF87AB00CC
:1054F000075103084952206C656420766F6C746113
:1055000067650A00EF83A70049510308696E636C61
:10551000696E65006D616E75616C20636F6E74728B
:105520006F6C0000696D752064617461000000009B
:10553000EF84A400655203086F7468657200000070
:1055400046414E20000000009D51030856322E3186
:105550002E30000070B50546D4F76BFC06460021DE
:10556000EC686868DBF708FD0246072E03D1207857
:1055700028B100202070207818B16CA102E0012031
:10558000F8E76BA1BDE870401046F8F7E8B970473E
:105590002DE9F04F9346674A91B08146D2E9006702
:1055A0009A460846D2F80880D6F75AFD624C05465E
:1055B00010212062D6F791FD4FF4827240F23B1128
:1055C0002846D8F72CFE002211462846DBF769FB57
:1055D000002211462846DBF7BAFB53465A46002103
:1055E0002846D9F77CF8534928220C3101A803F04A
:1055F000F8FC019520680290606803904F482822CB
:1056000001A940680890A4F1280003F0EAFCA4F185
:105610002800FEF7F3FDA4F12800806860602846AA
:10562000F4F76AFF28221146A060D8F7F8FDA068B9
:10563000F7F728FE3EA1E060F8F791F900231A463B
:105640000921E068D9F74BF800200090D4E9011057
:105650000F231422D9F751F804F110030722384917
:10566000A068D4F70EFC3349182234310BA803F09C
:10567000B8FC206A0B9060690C90A0690D900BA893
:10568000FEF79BFFC9E90067C9F8088011B0BDE8C3
:10569000F08F70B506462848056A2846D6F7A4FE5E
:1056A00080B1264C207836B118B901212846D6F7AA
:1056B000E1FC012005E018B101212846D6F70DFDD7
:1056C00000202070012070BD7FB504461A4D0120D6
:1056D0002070E869002800DB6060002000900190E5
:1056E00002900A2269466868F6F729FA9FED150AC2
:1056F00003AA8DED030A14A1684603F00FFD9DED8A
:10570000030A124910EE100A884204DC10EE100A57
:105710000F49884202D9002004B070BD287C08B926
:10572000B1EE400A84ED020A0120F5E7435700007C
:105730004343570070110408DCB9012070030020B6
:105740005555030800000000256600000000B44322
:105750000000B4C370B57C4E80680A223146F6F76B
:10576000EEF90025A6F1390405EB450004EB8000B5
:10577000816809B1012088476D1C042DF4DB0322E8
:10578000314672A003F0A2FC10B9A168002088473E
:10579000032231466EA003F099FC10B9A1680020E5
:1057A0008847032231466BA003F090FC10B9A16832
:1057B000002088470422314668A003F087FC10B916
:1057C0006169002088470422314666A003F07EFC10
:1057D000002803D1216ABDE87040084770BD2DE95B
:1057E000F041594F064600240322394657A003F0E2
:1057F0006DFCA7F1390528B9296830468847044669
:10580000002030740322394651A003F05FFC28B910
:1058100029683046884704460120307406223946FC
:105820004CA003F053FC28B9296830468847044649
:10583000022030740422394648A003F047FC18B90E
:10584000E9683046884704460422394645A003F0FB
:105850003DFC18B9A9693046884704462046BDE892
:10586000F08100207047F0B58DB00646D6F7F8FB02
:10587000354D0446093D10216861D6F72EFC3222D1
:10588000DC212046D8F7CBFC002211462046DBF76E
:1058900008FA002211462046DBF759FA6FF00E078E
:1058A00037233A4600212046D8F719FF28222F49EE
:1058B000684603F096FB009428680190686802909F
:1058C0002B482822694600680790A5F1580003F08C
:1058D00088FBA5F15800FEF791FC1B490A22A1F1B3
:1058E00061008068F6F72BF982233A4631460AA810
:1058F00000F05EF80AABA5F1300493E8070084E8F5
:10590000070082233A4631460AA8283CFFF740FEAA
:105910000AAB343493E8070084E8070082233A4650
:1059200031460AA8343C00F07FF90AAB403493E8D2
:10593000070084E80700183C012061698847216A54
:10594000012088470DB0F0BD61BA0120564F5200CA
:105950004F4B5200564F522B4F4B5200434F4E5419
:10596000000000004F56415200000000BC11040826
:105970007803002070B50546D4F75BFA064600218F
:10598000EC686868DBF7F8FA0246072E03D1207846
:1059900028B100202070207818B189A102E00120F0
:1059A000F8E788A1BDE870401046F7F7D8BF704708
:1059B0002DE9F04F9346844A9BB08246D2E90067B6
:1059C00099460846D2F80880D6F74AFB7F4C054630
:1059D0001021A062D6F781FB4FF4827240F23B1196
:1059E0002846D8F71CFC002211462846DBF759F957
:1059F000002211462846DBF7AAF94B465A460021F9
:105A00002846D8F76CFE704928220C3107A803F00D
:105A1000E8FA079520680890DFF8B491606809906B
:105A2000D9F808000E90282207A9A4F1500003F02D
:105A3000D8FAA4F15000FEF7E1FBA4F1500062494E
:105A4000806860602822343111A803F0CAFA1195E9
:105A5000A0681290E0681390D9F8040018902822EA
:105A600011A9A4F1280003F0BCFAA4F12800FEF764
:105A7000C5FBA4F128008068E0602846F4F73CFDEF
:105A800001212061D6F7F6FA282211462069D8F7BD
:105A9000C6FB2069F7F7F6FB4AA16061F7F75FFFE5
:105AA00000231A4609216069D8F719FE00200090EA
:105AB000D4E903100F231422D8F71FFE04F11803B2
:105AC000072244492069D4F7DCF93F4918225C31A8
:105AD00001A803F086FAA06A019001A8FEF76DFD07
:105AE0000298E06103982062CAE90067CAF808805A
:105AF0001BB0BDE8F08F70B506463448856A28466D
:105B0000D6F772FC80B1324C207836B118B9012139
:105B10002846D6F7AFFA012005E018B10121284642
:105B2000D6F7DBFA00202070012070BD70B5274E3B
:105B300000252DED028B88B004460570706A0028A0
:105B400000DB60600095019502950A226946706845
:105B5000F5F7F5FF9FED208A06AA8DED068A1FA1B5
:105B6000684603F0DBFA9DED060A1D4910EE100AA7
:105B700088421CDCB5EEC00AF1EE10FA17D384EDB2
:105B8000030A0395049505950A2203A9F068F5F721
:105B9000D6FF8DED078A07AA10A103A803F0BEFA6D
:105BA00010490798884202DC0F49884204D9002036
:105BB00008B0BDEC028B70BDA0600120F8E70000CA
:105BC0004357000043435700E4110408C0BA0120C2
:105BD0007C030020755903080000000025660000C2
:105BE000000030410000B4430000B4C370B5054666
:105BF000D4F71FF906460021EC686868DBF7BCF9AA
:105C00000246072E03D1207828B10020207020788A
:105C100018B187A102E00120F8E786A1BDE8704035
:105C20001046F7F79CBE70472DE9F04F1E46824B99
:105C300083469BB0B3E8800392460846D6F710FA35
:105C40007E4C05461021A064D6F747FA4FF48272C5
:105C500040F23B112846D8F7E2FA002211462846C6
:105C6000DBF71FF8002211462846DBF770F83346B1
:105C7000524600212846D8F732FD6F4928220C31C0
:105C800001A803F0AEF9019520680290DFF8B0A1F9
:105C900060680390DAF804000890282201A9A4F1B2
:105CA000280003F09EF9A4F12800FEF7A7FAA4F15A
:105CB000280061498668282234310BA8666003F009
:105CC00090F90B952068CDE90C06DAF808001290DF
:105CD00004F1140028220BA9064603F082F930468D
:105CE000FEF78CFA2846F4F707FC28221146A0603C
:105CF000D8F795FAA068F7F7C5FA4EA1E060F7F774
:105D00002EFE00231A460921E068D8F7E8FC00209F
:105D10000090D4E901100F231422D8F7EEFC04F10F
:105D2000100307224749A068D4F7ABF8424918226C
:105D30005C3115A803F055F9A06C1590E06B169036
:105D4000206C179015A8FEF738FCCBE90078CBF84B
:105D500008901BB0BDE8F08F70B506463748856CDB
:105D60002846D6F741FB80B1354C207836B118B9BA
:105D700001212846D6F77EF9012005E018B101215E
:105D80002846D6F7AAF900202070012070BD30B552
:105D900005462DED028B85B0284C02202870606CE2
:105DA000002800DB686000200090019002900A2229
:105DB00069466068F5F7C3FE9FED238A03AA8DED5F
:105DC000038A22A1684603F0A9F99DED030A204940
:105DD00010EE100A884222DC10EE100A1D4988429B
:105DE0001DD8207C08B9B1EE400A85ED020A0A22CE
:105DF0006946E069F5F7A3FE8DED048A04AA13A1B4
:105E0000684603F08BF99DED040A134910EE100A61
:105E1000884204DCB5EEC00AF1EE10FA04D200208C
:105E200005B0BDEC028B30BD85ED030A0120F7E71C
:105E300043570000434357005812040814BB012085
:105E400088030020ED5B03080000000025660000C9
:105E50000000B4430000B4C30000484210B5834CB6
:105E60002DED048BB0EE408A207D022812D001284F
:105E700010D09FED7F0A00BFD0F720F8207D0228C8
:105E80001BD0D0B15FF00000BDEC048BBDE810402A
:105E9000CFF77CB994ED040A20EE480A10EE100A00
:105EA00003F0D1FC9FED731B53EC112B03F094FB1B
:105EB00003F0DCFC00EE100ADEE7206903F0C3FC0F
:105EC00041EC190B18EE100A03F0BDFC9FED6B1BA3
:105ED00053EC112B03F080FB53EC192B03F07CFBEC
:105EE00003F079FCD0E770B52DED048B9FED658A4A
:105EF0005E4C00252078002860D1D4ED030A88EE9E
:105F0000200ABCEEC00A10EE100A9FED5F0AA168DD
:105F100080EE201AB1FBF0F200FB1210BCEEC10AB9
:105F200010EE106A08B9FCF74BFFA06803F046FCBE
:105F300041EC190BE06803F086FC9FED541B53EC19
:105F4000112B03F049FB53EC192B03F045FB9FED9C
:105F5000511B53EC112B03F0B1FB41EC100B04F07F
:105F60005BFA51EC100B03F081FC00EE100AA06804
:105F700094ED031A00EE900A401CF8EE600A61EE00
:105F8000200A80EE881AFCEEC10AC4ED060AA06061
:105F9000FFF764FFD4E90601884203D30120BDEC7A
:105FA000048B70BDA068B0FBF6F106FB110028B9A8
:105FB000607818B102202070657002E02078022815
:105FC00005D1CFF73CF9607808B1257065700020E5
:105FD000E5E710B5FFF787FF002806D09FED240AFC
:105FE000CFF76CFF21490120087010BD10EE902AF8
:105FF0002A4B10B59A4209DCB5EEC00AF1EE10FA50
:1060000004D910EE102A264B9A4201DB002010BD65
:10601000164C84ED030AC4ED040AE06121750A21DF
:106020004CF25030CFF719F8AFF25900CEF796FF87
:106030000020A06020706070012010BD0B488169B5
:10604000491CC16101207047084901204870704710
:10605000064A1378012B07D008B1D369036009B150
:1060600090690860012070470020704760BB0120E4
:10607000000000000AD7A3703DAA404000000000C5
:1060800000B4954000007A440000FA434AD8124D0B
:10609000FB2119400000000000408F400000B44385
:1060A0000000704170B5764C2DED048B20789FED8B
:1060B000759BB0BB21694FF47A70814200DA481CAD
:1060C00000EE100A20616168F8EEC00A491C9FEDDD
:1060D0006F1A616080EE810A10EE100AB0F17E5FE7
:1060E00001DDB7EE000A10EE100A03F0ACFB41EC44
:1060F000180BA06803F0A7FB53EC192B03F06CFA04
:1061000053EC182B03F068FA03F065FBCFF73EF869
:10611000A1696068884201D2207D10B10120207001
:106120003BE0FFE72078002501282DD12069401EA3
:10613000206103F032FB41EC180BA06803F083FBF5
:1061400053EC192B03F048FA53EC182B03F044FAE4
:106150009FED4F1B53EC112B03F0B0FA03F03BFB08
:10616000CFF714F8206900280EDC0020CFF70EF8D6
:10617000CFF765F8207D18B10320207025750CE05D
:106180000120BDEC048B70BD2078032805D1CFF72A
:1061900056F8207D08B1257525700020F1E710B56F
:1061A000FFF780FF002803D0354902200870012046
:1061B00010BD10EE101A384A10B5914204DC10EEF2
:1061C000101A364A914201D9002010BD2C4981EDA8
:1061D000020A886100204860086108700A214CF2B8
:1061E0005030CEF73AFF2E48CEF7B8FE012010BD52
:1061F00023490120087000207047214901200875BB
:106200000020704700B52DED048B81B0B0EE419AAF
:10621000F0EE608AB0EE408ACFF727F818480021E8
:10622000B4EEC08AC162F1EE10FA80ED099AC0EDB9
:10623000088A00DC012178EE400A0177F5EEC00AF9
:10624000F1EE10FA01DC70EE480A0D4A6946C0ED25
:106250000A0A1C32012000F0DFF901B0BDEC048B0A
:1062600000BD074A1378022B07D008B19369036079
:1062700009B1506808600120704700207047000095
:1062800080BB01200000000000B4954000007A446B
:106290000000000000408F400000B4430000B4C381
:1062A0009F61030870B5774C2DED048B20789FED2E
:1062B000769BB0BB21694FF47A70814200DA481CAA
:1062C00000EE100A20616168F8EEC00A491C9FEDDB
:1062D000701A616080EE810A10EE100AB0F17E5FE4
:1062E00001DDB7EE000A10EE100A03F0ACFA41EC43
:1062F000180BA06803F0A7FA53EC192B03F06CF904
:1063000053EC182B03F068F903F065FACEF73EFF63
:1063100061696068884201D2207B10B10120207041
:106320003BE0FFE72078002501282DD12069401EA1
:10633000206103F032FA41EC180BA06803F083FAF5
:1063400053EC192B03F048F953EC182B03F044F9E4
:106350009FED501B53EC112B03F0B0F903F03BFA07
:10636000CEF714FF206900280EDC0020CEF70EFFC8
:10637000CEF765FF207B18B10320207025730CE059
:106380000120BDEC048B70BD2078032805D1CEF729
:1063900056FF207B08B1257325700020F1E710B56A
:1063A000FFF780FF002803D0364902200870012043
:1063B00010BD10EE101A394A10B5914204DC10EEEF
:1063C000101A374A914201D9002010BD2D4C0A21E4
:1063D00084ED020A60614CF25030CEF73EFE314847
:1063E000CEF7BCFD0020606020702061012010BD50
:1063F00024480021016101210170002070472149DA
:10640000012008730020704700B52DED048B81B08A
:10641000B0EE419AF0EE608AB0EE408ACEF725FFEA
:1064200018480021B4EEC08A8162F1EE10FA80EDC6
:10643000089AC0ED078A00DC012178EE400A017657
:10644000F5EEC00AF1EE10FA01DC70EE480A0D4AD2
:106450006946C0ED090A1832012000F0DDF801B0EC
:10646000BDEC048B00BD074A1378022B07D008B19E
:106470005369036009B1506808600120704700202B
:1064800070470000CCBB01200000000000B4954024
:1064900000007A440000000000408F400000B44338
:1064A0000000B4C39F63030870B542F2107600F099
:1064B0000CFD5748574C002580ED020A2178012930
:1064C00033D1D4ED030AB0F9022030EEC00AF2EE67
:1064D000040A20EE200ABDEEC00A10EE101A09B21E
:1064E0008A420DD18288521C12B28280B24200DDF3
:1064F000012541800170002906DD4FF0010006E012
:106500004FF000028280F4E704DA4FF00200CFF788
:10651000F5FA0AE00020CFF7F1FAE068B0F17C5F0D
:1065200002DA0220207003E00125207802280BD136
:106530006068401C60600220CFF7E0FA606840F6B7
:10654000B831884200D90125207804280FD194F968
:106550000100012803D010B1401C0BD0002061685D
:10656000491C6160CFF7CAFA6068C82800D81DB11D
:10657000012070BD0220F2E7002070BD10B5FFF7CA
:1065800093FF002806D00020CFF7B8FA2149002059
:106590000870012010BD10B52DED028BB0EE408AC1
:1065A000CFF7C0FAAFF22B00CEF7D8FC1948012183
:1065B000017080ED038A0846BDEC028B10BD70B5FA
:1065C000144C06460025207840B9042020706560F0
:1065D000CFF7A8FAAFF25B00CEF7C0FC656066703B
:1065E000012070BD0B490020087001207047094A46
:1065F00010B5137853B118B192ED030A80ED000A7B
:1066000011B1084600F051FC012010BD002010BD62
:106610009403002014BC012070B514462DED048BAA
:106620000D4680B3202104F1100002F001FD94ED2D
:10663000018AD4ED020AD4ED038AF0EE009A88EEC6
:10664000200A28EE209AF4EEC98AF1EE10FA84EDC1
:106650000A0A84ED098A17D2C8EE800A10EE900A61
:1066600003F0F1F841EC100B03F03AFF51EC100B82
:1066700003F0FCF800EE100A60EE290AC4ED080AE7
:1066800084ED060A1EE01FE0C9EE000A10EE900A33
:1066900003F0D9F841EC100B03F022FF51EC100B82
:1066A00003F0E4F838EEC91A00EE100AC1EE080A49
:1066B000B0EE601A00EE291A84ED081A84ED060A7D
:1066C00030EE200A84ED070A94ED040A9FED211AAA
:1066D000F8EE400A80EE810A84ED050AD4ED060A40
:1066E000B4EEE00AF1EE10FA0DD2D4ED0B0A94EDFF
:1066F000091AF4EEC10AF1EE10FA21D2D4ED0A0A19
:1067000020EE800A1AE0D4ED070AB4EEE00AF1EEBA
:1067100010FA15DDD4ED0B0AF5EEC00AF1EE10FA11
:1067200016DDD4ED080AB4EEE00AF1EE10FA0FD24D
:1067300030EEC00AD4ED0A0A20EE200A84ED0B0ADE
:1067400094ED0B0A012085ED000ABDEC048B70BDB1
:106750000020FAE700007A440FB4DDE90510F2EEFC
:10676000040A01709DF80010491C417001990A0A41
:106770008270C1709DED020ABCEEC00A10EE101AC4
:1067800001719DED030A20EE200ABCEEC00A10EE56
:10679000101A0A0A4271817104B070470EB50022C6
:1067A000009201920292FE228DF80020FD228DF8C7
:1067B0000120FC228DF80A20092900D909210A4666
:1067C00001460DF1020002F00CFCCF484268002A9D
:1067D00002D00B21684690470EBD704710B586B0B9
:1067E0002820FDF773F804003CD0282102F020FC9B
:1067F00000200090039004900590C4A32822214615
:10680000C6A0FDF7ABF804AB03AAC6A1204602F070
:1068100085FC2821204602F00BFCBCA3282221463F
:10682000C4A0FDF79BF86B4605AABEA1204602F066
:1068300075FC022813D1059808B10098401CBFA12F
:1068400000900968029103998DF809108DF80A00EB
:1068500004988DF80B00042102A8FFF79FFF204643
:10686000FDF736F806B010BD10B5002803D000784B
:10687000012801D0012010BDFFF7B0FF022010BD9C
:10688000F8B50646AEA5B1A40A20FDF71FF807002B
:1068900026D0012E00D12C46002223461146A5A069
:1068A000FDF718F83220FCF731FFAAA30A22394677
:1068B000A0A0FDF753F807223946A9A002F006FC74
:1068C00000B976B906223946A7A002F0FFFB304393
:1068D00007D0A7A00321006800906846FFF75EFF7D
:1068E000F8BDA4A0F6E710B5002803D0017802296E
:1068F00001D0012010BD4078012800D00020FFF712
:10690000BFFF022010BD10B504468AB01420FCF76A
:10691000FDFE00200890099003208DF820002146FC
:1069200003A8FDF7D6FB68B1641C0DF12100E1B2AC
:10693000CDE9011007980DF10C0C00909CE80F00B8
:10694000FFF70AFF082108A8FFF728FF0AB010BDCB
:1069500070B500282DED028B84B003D00178032997
:1069600004D0012004B0BDEC028B70BD4178827967
:10697000491ECDB2C179C37801EB0221827889B278
:10698000521E62F3070402794079F2EE040A00EE27
:10699000100A00200390B8EE408A00EE101A02EBB5
:1069A000032603A8B8EE400AC0EE208AFDF781FA5C
:1069B0008DEC028A33462246294602970398FDF75A
:1069C00024FA0398FDF780FA2846FFF79CFF02207F
:1069D000C8E710B58AB00028B8D00178042901D0E2
:1069E0000120B3E74078401EC4B20020089009900F
:1069F00004208DF8200021465FA0FCF7ACFE214664
:106A000003A8FDF766FB68B1641C0DF12100E1B23B
:106A1000CDE9011007980DF10C0C00909CE80F00D7
:106A2000FFF79AFE082108A8FFF7B8FE02208DE7BD
:106A30001CB5002803D00178052901D001201CBD18
:106A40004078401EC4B24FA0006801906846FDF730
:106A500030FA21460098FDF705FA10B901208DF8AB
:106A600005000098FDF730FA022101A8FFF796FE15
:106A700002201CBD38B544A10968009122490A785A
:106A8000002A0AD14A88414B551CACB232B1012AC6
:106A900004D00A2A09D00B2A04D338BD1DF80250AD
:106AA0008542FAD198544C8038BDFC280CD198729C
:106AB0001A68C3F80B205A68C3F80F201A89A3F884
:106AC00013205875012008700020488038BD2DE93A
:106AD000F0410D4E307800280ED02C4D06F10807FD
:106AE0000D35002457F8241009B128468847641C46
:106AF0000A2CF7DB00203070BDE8F081024900224B
:106B00000A70486070470000A0030020526571526F
:106B10006561645374617465000000007461736B97
:106B2000000000005265616453746174652025643F
:106B3000202564004374726C000000000100000016
:106B40005265715374726174000000005265715394
:106B5000746F700072756E5F53746174653F0000EE
:106B60006973537461727400697353746F700000B9
:106B700002000000020100000D0A5B73735D202516
:106B80006400000005000000FEFD000024BC0120A0
:106B900000F061F8FCF7D8FD00F043F80120FCF7A5
:106BA000B5FDF7E708B54FF48070084A03A300214C
:106BB0000090AFF22300FCF7EFFD08BD636F6D6D31
:106BC000756E69636174696F6E000000D003002008
:106BD000704700F07FB970470FB408B503A8009064
:106BE0006946029800F0D8F901B05DF814FB00F096
:106BF000E8B900F010BA0FB408B503A800906946D0
:106C0000029800F0F3F9EFE700F04FB910B500215A
:106C10004FF41650CEF710FC1348FFF76FFF01201A
:106C200010BD10B50020FFF752FF012010BD08B5C0
:106C30000E4800900E4B0F4A01210F4800F040FA19
:106C4000012008BD70470A4610B501460A4802F007
:106C50007BF9002010BD10B500F01EFA00F03AF9E3
:106C6000BDE81040D2E7000021550008680400206C
:106C7000DC040020340400200CBE01202DE9F04388
:106C8000DFF85C9200242DED028B8DB0012109F11B
:106C9000060889F80010B8F90020924900EE902A01
:106CA000254691ED000AF8EEE00A2E469FED8E8A09
:106CB00060EE880ADFED8D8AA1F1140710EEA80AB4
:106CC00087ED000AB8F90220D1ED010A01EE102A81
:106CD00020EE000AB8EEC11A21EE081A51EE280A79
:106CE000C7ED010AB8F9040091ED021A01EE900A0D
:106CF00000EEA00AF8EEE11A10EE100A61EE881A12
:106D000011EEA81A87ED021A02F09DFD41EC100B5E
:106D100003F0E6FB51EC100B02F0A8FD00EE100AA8
:106D200087ED030ADFED720A642160EE200ABDEEF2
:106D3000C00AFDEEE00A10EE900A90FBF1F201FBB2
:106D4000120310EE102A6BA1684603F015FBB9F888
:106D500002000A2870D0B8F9002000EB400300EED2
:106D6000102A401C80B2B8EEC00A0A2820EE080A99
:106D700020EE280A87ED000AB8F9022000EE102A5A
:106D80004A46B8EEC00A20EE080A20EE280A87ED2F
:106D9000010AB8F9041000EE101AA7F18401B8EE48
:106DA000C00A20EE080A20EE280A87ED020A89F8B8
:106DB000004001F1800901EB8307D9E9018CD9F882
:106DC0000C30C7F80080C7E901C3508034D10020DF
:106DD00000EB400201EB820200EE104AD2ED000A05
:106DE000401C80B230EE200AD2ED010A092810EED4
:106DF000104A00EE105A30EE200AD2ED020A10EED0
:106E0000105A00EE106A30EE200A10EE106ADFD33E
:106E100001EE104AB2EE040A01EE905AC1EE000AE9
:106E200002EE106A81EE801AC9ED060AC2EE001A5F
:106E300089ED071AC9ED081A0DB0BDEC028BBDE84B
:106E4000F08338B52EA1274C096800912449203CD5
:106E50008A8832B1012A04D00A2A0AD00B2A04D324
:106E600038BD1DF802308342FAD1A054521C8A80EA
:106E700038BD01220A700023A0721A46A55C521C7C
:106E80002B44DBB20A2AF9DB00228A80834201D03C
:106E90000A7038BD1348983850F87A2FC1F8062088
:106EA00080884881FFF7EAFE38BD0D490A7852B163
:106EB00028B10C4A143A92ED030A80ED000A002032
:106EC000087001207047002070470648143890ED84
:106ED000030A7047AFF295014FF41650CEF77EBB10
:106EE000D8030020DCBC012000000038000034433F
:106EF0000000C8420D0A2025642E253032640000AF
:106F0000555300000FB4322170B505AB6A48049A9E
:106F100003F046FA84B2002621466748CEF745FAC8
:106F200005460A20D1F779FB002DF5D0634806709D
:106F300070BC5DF814FB0FB45F4870B505AB32212F
:106F40003230049A03F02CFA84B200265A482146C3
:106F50003230CEF7DDFE05460A20D1F75EFB002D6C
:106F6000F4D056484670E3E70FB410B5534CA07800
:106F7000012804D04FF0FF3010BC5DF814FB012055
:106F800020714D4803AA6430029902F0AFF8002145
:106F9000E180A1702171EFE710B5484CA278012A79
:106FA00002D04FF0FF3010BD012222710A68014665
:106FB0004148643002F09AF80021E180A17021710B
:106FC00010BD10B53D4CA178012902D04FF0FF3023
:106FD00010BD012121713849E288643102F001F8C5
:106FE0000020E080A0702071012010BD10B5334C4E
:106FF000E278012A02D04FF0FF3010BD0122627109
:107000000A6801462C48A43002F070F80021218162
:10701000E170617110BD10B5284CE178012902D0F2
:107020004FF0FF3010BD0121617123492289A43145
:1070300001F0D7FF00202081E0706071012010BDB9
:107040001E490A79002A10D1CA88402A01D3002299
:10705000CA800D2809D0184B92B264339854521C40
:10706000CA800A2801D101208870704713494A79E3
:10707000002A10D10A89402A01D300220A810D2852
:1070800009D00D4B92B2A4339854521C0A810A289D
:1070900001D10120C870704710B5AFF25B014FF409
:1070A000E1342046CEF70CF9AFF23F012046BDE8AF
:1070B0001040CEF7AFBD0000E8BC0120E403002083
:1070C0002DE9F0411D46174688460446069E01F00C
:1070D000CDFD04F2E452414682E8E000204601F092
:1070E00037FAD4F8E805006880472046BDE8F0414B
:1070F00001F0F2BD002070471CB50446694600F05F
:107100000EFB9DF8001011F01F000AD001280DD0D1
:10711000022810D001F08001204601F0D8FA0020AA
:107120001CBD6946204600F001FAF8E76946204692
:1071300000F072FAF3E76946204600F088FAEEE7BD
:1071400070B5054641B1D5F8E40582690AB395F8F2
:10715000120103282CD02DE095F8110105F55D747E
:10716000032827D1E169A068814213D9081AE06198
:10717000E878012803D1D4E902100844E060E1690D
:10718000A068814200D2084682B22846E16800F039
:10719000EEF80FE0D5F8E405016929B195F8120180
:1071A000032801D128468847284600F0E9F801E085
:1071B00028469047002070BD70B5054641B1D5F80E
:1071C000E40542698AB395F81201032846D047E0E6
:1071D00095F81101002605F58E74022833D1E16976
:1071E000A06881420FD9081AE061E878012803D12C
:1071F000D4E902100844E060A08BE16882B228461E
:1072000000F09CF81FE0216AB1FBF0F200FB1212C3
:1072100062B981420AD3606A814207D200221146D4
:10722000284600F08BF866620DE016E0D5F8E4051C
:10723000C16829B195F81201032801D12846884771
:10724000284600F0AEF895F81601012808D132481A
:1072500000682969486085F8166101E02846904772
:10726000002070BD10B5002304464022194601F0ED
:10727000B9F9002340228021204601F0B3F9012012
:1072800084F81201D4F8E815A078496888470020EE
:1072900010BD10B50446D0F8E8050069804703200A
:1072A00084F81201002010BD10B590F8121180F87A
:1072B0001311042180F81211D0F8E805C068804746
:1072C000002010BD10B5D0F8E415C96901B1884798
:1072D000002010BD10B50446D0F8E4050268204631
:1072E0009047D4F8E80580688047002010BD10B5AD
:1072F000D0F8E42552689047002010BD10B5D0F8B2
:10730000E415096A8847002010BD10B5D0F8E415CF
:10731000496A8847002010BD2004002010B5C0F83D
:107320003C210223C0F8382180F811311346002493
:107330000A46214601F0ACF9204610BD10B51346AF
:1073400000240A46214601F0A3F9204610BD10B5DD
:10735000C0F894230323C0F8902380F8113113461A
:1073600000240A46214601F071F9204610BD10B5EF
:10737000134600240A46214601F068F9204610BD54
:1073800070B505460024042085F8110123462246E5
:107390002146284601F07CF9284601F00DF82046E8
:1073A00070BD70B505460024052085F811012346FF
:1073B00022462146284601F049F9284600F0FCFF04
:1073C000204670BD01EB810100EBC100B0F88C03D9
:1073D00080B2704710B50446802101F078F9002191
:1073E000204601F074F92046BDE8104000F0E4BFEB
:1073F00070B50A46FB4D897804462970012905D8E5
:1074000094F81201022806D003280BD02046BDE8CC
:1074100070401146DEE7A1B184F81011032084F812
:1074200012010BE091B194F81001884209D0014695
:107430002046FFF75CFF297884F810112046FFF7FB
:1074400049FF2046BDE87040FFF79ABF022084F84C
:10745000120184F810112046FFF749FFF1E738B513
:10746000044648880D46010A04295AD2DFE801F093
:1074700059021420D4F8EC15A0780A6869469047A0
:107480000146E888402803D094F81201012837D13A
:107490000820ADF8000037E0D4F8E415A0788A6A37
:1074A00069469047014602204870C4F8F01527E06D
:1074B000C0B2062835D2DFE800F003080D12171C11
:1074C000D4F8EC15A0784A6817E0D4F8EC15A07849
:1074D0008A6812E0D4F8EC15A078CA680DE0D4F8F8
:1074E000EC15A0780A6908E0D4F8EC15A0784A6990
:1074F00003E0D4F8EC15A0788A6969469047014604
:10750000BDF8000000280BD0EA88002A08D080B21D
:10751000824200D90246ADF800202046FFF7FEFE69
:1075200038BD29462046FFF755FF38BD2DE9F0410B
:107530004A78002701260A2A43D2DFE802F03C55A8
:107540004252420805422A27FFF789FF61E00446BC
:107550008888C8B9C888B8B9887800F07F0594F8D9
:107560001201032810D084F814512946204601F056
:10757000F2F82046FFF704FF1DB1022084F8120143
:1075800047E084F8126144E020461AE0FFF730FF3C
:107590003FE0CA88012A14D190F81221022A02D0B1
:1075A000032A0ED103E08F490122083116E001229F
:1075B00000F5887112E090F81221022A04D0032A03
:1075C00002D0FFF707FF24E08649CE60D0F81821EB
:1075D0000AB10322CA60834902220C31FFF79EFEE2
:1075E00017E000F0E1F814E0044690F812010228D8
:1075F00001D00328C8D1488801280AD10020C4F846
:107600001801D4F8E4058268204690472046FFF729
:10761000B7FE3846BDE8F08170B5054690F8120116
:1076200000260C4603280DD1207901280AD8D5F868
:10763000E405826828469047E08830B92846FFF77D
:107640009FFE02E02846FFF7C5FE304670BD70B5CC
:107650000D46044609796878002658B3012816D0EB
:10766000032831D194F8120102282FD0032827D102
:10767000688828B921B1802902D0204601F027F876
:10768000D4F8E40529468268204690470EE094F835
:10769000120102281AD0032812D16888A0B929B192
:1076A000802903D0204601F02EF8E9E72046FFF7B5
:1076B00067FE09E094F81201022807D003280DD0D4
:1076C00029462046FFF786FE304670BD0029FBD0D4
:1076D0008029F9D0204600F0FAFFF5E741480D0671
:1076E0004FF000034FF0010208D501F07F0101EBDC
:1076F000810104EBC10191F81E1105E001EB81014C
:1077000004EBC10191F8761309B1426000E04360D7
:1077100034490222091D2046FFF700FED4E790F805
:10772000CC250A7090F8CD254A7090F8CE2590F8B7
:10773000CF3502EB03224A8090F8D02590F8D1355E
:1077400002EB03228A8090F8D22590F8D33502EB21
:10775000032292B2CA800121C0F8402180F81111A1
:10776000704770B5002300281DD00446002502E0B4
:107770006D1CEDB2641C2678002EF9D1022404EBB6
:1077800045041480CC545B1C0322CA5400245B1CA7
:1077900006E0CA545B1CDAB28C54521CD3B2401CB3
:1077A0000278002AF5D170BD10B504464888012240
:1077B00001280FD0022833D1888810F0FF0F2FD175
:1077C00021694968000A062821D2DFE800F0200D6F
:1077D0001115191DC4F81821D4F8E4058268204653
:1077E000904718E02404002021F0700110310EE0D1
:1077F00021F0700120310AE021F07001303106E003
:1078000021F07001403102E021F070015031054853
:10781000016084F816212046BDE81040FFF7B0BD96
:1078200010BD000020040020F8B5002704463E46A5
:107830000097FC4D032001F063FAE06800690090B6
:10784000761CAE4201D90020F8BD00980028F1DA7C
:107850000099002041F0010100910099E268116156
:10786000E1680A690092401CA84202D8009AD20737
:10787000F7D1032001F044FA3846F8BD30B5C4789A
:1078800000256CB900EB82000024DB1C9B08D0F8BB
:10789000D00003E051F8042B0260641C9C42F9D331
:1078A000284630BD034610B50020D21C9208D3F8FC
:1078B000D03003E01C6841F8044B401C9042F9D3DF
:1078C000084610BD70B500220125C27040268570A3
:1078D000144613468680012901D061B114E0C572B7
:1078E0000821017004214FF0A04241709115C18020
:1078F0000221017208E0C3720C210170062141705F
:10790000C94A4FF4A061C18002F50061C0E90321BA
:1079100000210AE002EB411303F5106600EB81053C
:1079200003F53063AE61491C6B6543788B42F1D837
:1079300002F5806141614031C0F8CC10002108E0BF
:1079400002EB411300EB810503F5A063491CC5F868
:10795000903003788B42F3D8002108E002EB01332A
:1079600000EB810503F58053491CC5F8D03003783E
:107970008B42F3D802F56062C0F80C21204670BD3E
:1079800070B50446017A0025C068012915D0C16888
:1079900041F04001C1602046FFF746FF617A4FF495
:1079A000341009B14FF47410E1688863142001F0B9
:1079B000A9F9E078012819D020E0816B627A21F4DE
:1079C00080310AB141F480118163E068C16821F01F
:1079D000401121F42021C1602046FFF725FFE07807
:1079E00001280BD1E1682A208860E2E7E06881681D
:1079F00021F01E010A3141F020018160284670BD4E
:107A0000C0680021826842F0010282600846704727
:107A1000C0680021826822F0010282600846704737
:107A200038B5002422460094009B43F020030093C5
:107A3000009B61F38A1300930099C3681961794927
:107A4000C06803690093521C8A4202D8009B9B06BF
:107A5000F7D4032001F054F9204638BD38B500248E
:107A600021460094009A42F010020092009AC368E6
:107A70001A616C4AC06803690093491C914202D89C
:107A8000009BDB06F7D4032001F03AF9204638BD0D
:107A900010B5C0680024C268012922F0C04201D09C
:107AA00019B104E042F0005201E042F08042C260AD
:107AB000322001F027F9204610BDC068406900F06F
:107AC00001007047C068406910F0010F01D000202C
:107AD000704701207047C068406910F0010000D075
:107AE00001207047C0684169806908407047C068DC
:107AF0004068704770B50446C06800263546866108
:107B0000E168701E4861204600F011FDE07800B980
:107B10001025E16845F00C5040F008008A6940F4F7
:107B20000010824302438A61304670BDD0F8CC0019
:107B3000006820F02E00704770B50C46054601F035
:107B4000DDF82846FFF7F2FFC10403D4012C03D06F
:107B5000C10409D51CB107E040F4805001E020F4D5
:107B60008050D5F8CC100860BDE87040C82001F006
:107B7000C9B870B50446FFF7D9FF40F4807554F8D2
:107B8000CC0F05600A2001F0BDF8216825F4807053
:107B90000860142001F0B6F8012070BD4269106839
:107BA00061F30100106070472DE9F04100270446A1
:107BB0003E463D4601F0A3F8D4F80C010560207A5A
:107BC00001280FD001212046FFF7E8FF2046FFF7EC
:107BD000D0FF6069016821F004010160E07A0128AA
:107BE00002D015E00021EEE7E068802141622846DE
:107BF00061F30F00E268602161F31F409062E022B0
:107C0000284662F30F0061F31F40E168C1F80001EC
:107C100010212046FFF704FF2046FFF71FFF4FF01B
:107C2000FF310BE0400D03000000044004EB860030
:107C300050F8902F91600068C560761C2078B042A3
:107C4000F4D801212046FFF777FF2046FFF752FFC7
:107C50003846BDE8F0814069806840F30000401C70
:107C60007047406940697047F0B5074607EB8106E9
:107C70000020D6F890500446431E2246AB60FB78A5
:107C8000012B00D1042207EB411393F8955835B12D
:107C9000012D1FD0022D02D0032D27D10EE042F07E
:107CA000890545F4826293F8925885B993F89458FF
:107CB00042F04002D5B142F0200217E093F892C89A
:107CC00042F0990242F4C062BCF1000F0ED042F4BF
:107CD00080720BE093F892C842F0010242F40872FD
:107CE000BCF1000F02D042F08002F0E7D6F89050CD
:107CF000EA6001228A4079698D6915438D61F968CE
:107D00008A6942F000728A6193F8901861F39C547A
:107D100093F8911861F3CE2493F8921861F3CF345D
:107D200093F8931802290CD024F4003193F8952885
:107D3000B3F8963862F3934163F30A01032A03D040
:107D400004E044F40031F1E741F00051D6F890200E
:107D50001160F0BDF0B5064606EB41140027D4F8DB
:107D6000A0584FF480703B466DB1B4F89628154486
:107D70006D1EB5FBF2F5ADB2854205D90546100280
:107D8000C4F8A00800E0012594F89208A8B1B4F85E
:107D900096086843C4F8A00860F3120394F89808A2
:107DA00065F3DC4306EB810260F35E73D2F890006A
:107DB0000361F078012803D007E0D4F8A008EBE7CE
:107DC000D2F89030D4F89C08586152F8900F0368AC
:107DD0003046FFF740FF60F35D73126823F0804088
:107DE00040F000401060F07898BB94F8920880BB97
:107DF000D4F8A00868B394F8952832B1012A11D0BC
:107E0000022A02D0032A1AD10CE0F268D36AC01CFD
:107E1000C0F38F009BB2834211D2906940F02000E2
:107E200090610CE072691269C01CC0F38F0092B2BD
:107E3000824204D2F068826942F080628261B4F8C2
:107E4000A0080A4683B2D4F89C0801463046FFF7E2
:107E500015FD3846F0BD10B500EB81010022D1F8C8
:107E60009030196841F0404111F4402F0AD0C1F31D
:107E70008144022C06D04069D0F8100010F47F0F26
:107E800003D004E0C068C06AF8E721F0004119603F
:107E9000104610BD10B500EB8100002350F8901F74
:107EA0004FF00042012464F3DC420A61006801687B
:107EB00021F0804141F000410160184610BD10B52D
:107EC00004460020616988616169401E48610020A4
:107ED0000BE000BF04EB8001D1F890100A6822F09B
:107EE000802242F080420A60401C21788142F1D811
:107EF0002046FFF7B3FD2046BDE8104010218FE576
:107F00000269106861F301001060704770B50446A3
:107F1000C06800252E468561E1686FF080404861A9
:107F2000204600F004FBE07800B9102646F48721D3
:107F300041F00810E16840F440108A69824302432E
:107F40008A61284670BD2DE9F04104460027D0F82B
:107F50000C013D462B4607602069016821F4C051A1
:107F60000160E07A4026012826D103212046FFF750
:107F7000C7FFE068802141621846E26866F31F404F
:107F800061F30F00906200EB104060F30F03E068B4
:107F900061F31F43C0F8043103EB134060F30F0398
:107FA000E06865F31F43C0F8083103EB134060F34A
:107FB0000F03E068C0F80C3110212046FFF730FDB8
:107FC0002046FFF74BFD2069056120694561216965
:107FD0004FF0FF3088612069C56100214FF090406B
:107FE000FF2213E004EB810CDCF818E0DEF800302F
:107FF000002B01DA034600E02B46CEF80030DCF817
:1080000018301D61DCF818309A60491C63788B4287
:10801000E8D80023294613E004EB830CDCF854E095
:10802000DEF80050002D01DA054600E00D46CEF8DE
:108030000050DCF854502961DCF85450AA605B1CF5
:1080400065789D42E8D82069016941F48071016139
:10805000E078012808D1032066F38A00216940F402
:10806000803066F3594008632046FFF74FFF3846DB
:10807000EFE50146002009698968C1F3410139B182
:10808000012903D0022905D0032900D1022070471D
:10809000032070470120704710B5016900238C68E8
:1080A00082691168C4F341042CB1012C03D0022C65
:1080B00004D0032C05D16FF30A0102E06FF30A012B
:1080C000C91C11600069416841F480714160184623
:1080D00010BDF0B50E7800254F780122B2402B4636
:1080E00000EB8604012F19D0646D62F31F432268F0
:1080F00016040DD40E8966F30A02CE78897966F3E8
:10810000934261F3995242F0805141F40041216061
:108110000069C1691943C1612846F0BDA46962F3D1
:108120000F03E4E730B50C7803464D7801220020B8
:10813000A24003EB8401012D09D04C6D014662F38E
:108140001F4120601A69D3698B43D36130BD8C69AC
:10815000014662F30F01F4E7F0B54B780A7800248A
:1081600001264F6900EB8202012B15D0556D2B685B
:108170002A69002F61D08E6837447F1EB7FBF6F75F
:1081800067F3DC42C2F3C947774367F312022A61FF
:10819000C278012A57D05CE095692B682A696FB1D3
:1081A000D1F808C067F3120267447F1EB7FBFCF7E3
:1081B00067F3DC42CF78012F05D008E06FF312029D
:1081C00066F3DC4203E022F0C04202F100522A6171
:1081D000C278012A0ED0CA78012A12D04A69BAB1EF
:1081E0000A7896400269556B35435563CA78012A6F
:1081F00007D00DE00D780A6900EB8505AD696A616D
:10820000F4E702699268120AD2070CD043F0805357
:1082100043F004420B7800EB83039B691A60CA7831
:10822000012A03D026E043F00053F1E78A8A93B293
:108230000A78C968FFF722FB1CE08F6867F3120217
:1082400066F3DC42A3E70D780A6900EB85056D6DE6
:108250006A61CA78012A06D14A7912B143F0005303
:1082600001E043F08053097843F0044200EB8100C1
:10827000406D02602046F0BDF0B54A7800254C699B
:10828000012A15D00A7800EB82035A6D166812692C
:10829000DCB38C68C1F8144064F306025B6D22F411
:1082A000C01202F500221A61C278012A30D035E0EE
:1082B00083691F681A6934B18E68B44206D966F3BF
:1082C00006024E6104E022F07F0201E064F3060240
:1082D00022F4C01202F500221A61C278012A05D1E7
:1082E0000C780A6900EB8404A469626147F00442D7
:1082F0001A60C278CAB94A69BAB10A78006901211C
:108300009140426B0A4342630FE0FFE70C7AC3E7F8
:108310000B780A6900EB83035B6D5A61097846F0BC
:10832000044200EB8100406D02602846F0BD024629
:108330004B780978002002EB8101012B05D0496DB3
:108340000A6842F400120A6070478A6911680029BD
:1083500001DA41F0804141F400111160704710B51D
:1083600002464C780B78002002EB8302012C09D0E6
:10837000526D1368C97823F40013032904D002292D
:1083800002D003E09269F4E743F08053136010BD1C
:1083900000698169C0690840000C704700EB8101E9
:1083A000496D8968006940690840704700698169C2
:1083B000C069084080B27047426D63491161C1785D
:1083C000012908D1426D00F2CC515161406D016824
:1083D0004FF080210160704710B50446D0F81801B5
:1083E000002819D020698068C00715D0A07A30B164
:1083F000D4F80C01D4F80C1120F0030008602069B7
:10840000416841F001014160052000F07BFC2069DA
:10841000416821F00101416010BD817A00290AD034
:1084200001698968C90706D0D0F80C11D0F80C0191
:1084300021F003010160704710B50446012084F863
:1084400012010020FF2106E004EB8002936999608D
:10845000526D9160401C62788242F5D821690020FB
:108460000861216948612169C8612169401E8861EC
:108470002046FFF7F3FA2046BDE810401021FFF731
:10848000CFBA4A780978012A00EB810006D0406D06
:10849000006881020ED54FF48050704780690068F3
:1084A000810201D510207047800301D5202070473C
:1084B00030207047800302D54FF4005070474FF4CE
:1084C0004050704730B44C780B78002500EB8303A4
:1084D000012C0BD05C6D2368B2F5805F17D0B2F52C
:1084E000005F17D0B2F5405F0CD007E09C692368AD
:1084F000102A05D0202A0DD0302A03D092B113E0E3
:1085000030BC14E79A0208D54D7130BC27E743F41C
:10851000001309E043F0006306E043F0806040F0A0
:10852000802301E023F40043236030BC7047C2681D
:108530004FF0FF315160C2686FF080415161C068F7
:108540000249816170470000180008C000080080DF
:1085500070B50446FFF7B6F90122002384F8122112
:1085600084F814311946402511E000BF01EB810069
:1085700004EBC00080F81D2180F81C11A0F8221126
:1085800080F81F31C0E94953491CC0F83031607888
:108590008842EBD8002110E001EB810004EBC0021F
:1085A00082F8753382F87413A2F87A1382F877335D
:1085B000C2E9DF53491CC2F8883360788842EBD89F
:1085C0002046FFF725FA2046FFF7DAF9002120467A
:1085D000FFF75EFA2046FFF7B6FC2046BDE8704084
:1085E000FFF70EBA70B50C460E0601F07F0505EBDD
:1085F000850100EBC10102D501F58E7101E001F5A5
:108600005D71E4090D704C708A60CB7000D0CD8034
:10861000022B01D100220A71FFF75BFD002070BD23
:1086200010B50A460C0601F07F0303EB830100EB53
:10863000C10102D501F58E7101E001F55D71D2092C
:108640000B704A70FFF76EFD002010BD10B501F0F1
:108650007F0404EB840100EBC101C1F88833C1F849
:1086600080230023C1F88C3381F8753381F874437B
:10867000C37801F55D71012B00D10A6114F0FF0F81
:1086800003D0FFF769FD002010BDFFF7F5FDFAE705
:1086900070B511F07F0404EB840100EBC1014FF0D1
:1086A000010581F81D5181F81C41C1F82821C1F84C
:1086B0002C2101F58E714FF00002C1E9053203D083
:1086C000FFF74AFD002070BDFFF7D6FDFAE70A4626
:1086D00010B5090602F07F0306D503EB830100EB1A
:1086E000C10101F58E7105E002EB820100EBC101D1
:1086F00001F55D7101248C700B70D2094A70FFF78F
:1087000016FE002010BD0A4610B5090602F07F03D0
:1087100006D503EB830100EBC10101F58E7105E085
:1087200002EB820100EBC10101F55D7100248C7048
:108730000B70D2094A70FFF712FE002010BD10B571
:108740000A0604D501F07F01FFF76AF901E0FFF79F
:1087500085F9002010BD0069002261F30A1201684A
:108760001143016070470069416821F002014160D6
:10877000032000F0C7BA0069416841F0020141607E
:10878000032000F0BFBA0A0608D501F07F0101EB13
:10879000810100EBC10101F58E7105E001EB810162
:1087A00000EBC10101F55D71FFF76BBE0B0608D54B
:1087B00001F07F0101EB810100EBC10101F58E7138
:1087C00005E001EB810100EBC10101F55D71FFF7EF
:1087D00079BE00002DE9F04106460025FFF7E6FDD1
:1087E000074655E0F80751D03069EAB20369416B9A
:1087F000D14006EB820201F00101926943EAC11106
:1088000094680C40E1071AD00124426B04FA05F188
:108810008A43426306EB850080698460FE48E9B2C2
:108820000068426830469047F078012807D135B992
:1088300096F81101042802D13046FFF7BDFD20074C
:1088400004D506EB8500082480698460E00604D521
:1088500006EB8500102480698460600604D506EB71
:108860008500402480698460A00704D506EB85005C
:10887000022480698460200608D52946304600F02D
:1088800060F906EB85018020896988607F086D1C8E
:10889000002FA7D10120BDE8F0812DE9F047044663
:1088A0000025FFF70FF900287ED02046FFF71AF9C0
:1088B000061E7AD0300303D5204600F07FF9054626
:1088C000700303D52046FFF785FF0543B0074FF03F
:1088D000000A02D5E16802204861DFF83C834FF0CE
:1088E0000109002E18DAA07A30B1D4F80C01D4F8BE
:1088F0000C1120F0030008602069416821F001019B
:108900004160D8F80000816920468847E1684FF04F
:108910000040486145F00105300503D5204600F0D0
:10892000DDF80543300709D5D8F80000C1682046B6
:108930008847E1680820486145F00105F00603D545
:10894000204600F08DF80543F00403D5204600F0E2
:1089500047F80543B00419D52046FFF79DFBE068B2
:10896000C7682046FFF785FB03282FD084F80290C4
:10897000402127F47050A18000F5A050E168C86044
:10898000E1684FF40050486145F00105F0020AD556
:10899000D8F80000C16920468847E1684FF480108C
:1089A000486145F0010501E00DE00DE0B0020AD597
:1089B000D8F80000016A20468847E1684FF40010AB
:1089C000486145F001052846BDE8F08784F802A01B
:1089D0004FF4007127F47050A18000F51050CDE7DE
:1089E00070B50446006900250126416821F00101A7
:1089F000416029462046FFF713F80020FF2106E0DA
:108A000004EB800293699960526D9160401C62781A
:108A10008242F5D821694FF0FF30886128462169EC
:108A200066F30F0066F31F40C861216945F00B0033
:108A30004861216945F00B0008612069016821F453
:108A4000FE6101602046FFF7B7FCE1684FF48050FB
:108A5000486171480068016920468847012070BD5F
:108A600070B50646C068816921F010018161F06827
:108A7000056A05F00F0000EB800006EBC004C5F3AB
:108A8000434004F55D74072821D2DFE800F0202080
:108A900004202020150047F6F070054217D0C5F3DA
:108AA0000A152A463046E168FEF7FCFEE0682844D5
:108AB000E060A069284409E0082206F2CC51304663
:108AC000FEF7F0FEA069C5F30A110844A061F06842
:108AD000816941F010018161012070BD38B5044603
:108AE00000208DF8000094F812018DF800004A482B
:108AF000006841692046884720698068E2684FF431
:108B000000615161A17AD1B1C00718D094F8150164
:108B1000012814D19DF80000032810D1D4F80C01CD
:108B2000016841F001010160D4F80C01016841F0D5
:108B3000030101603948016841F00601016001202C
:108B400038BD2DE9F0470D46064601EB850006EBE2
:108B5000C004D4E94C01421AD4F8240104F58E74FF
:108B6000904200D20246D21C970806EB850917E016
:108B7000A0EB0108A068404500D2804608F1030040
:108B800087081FFA88F3EAB23046E168FEF776FEFE
:108B9000E16801EB0800E060A16901EB0800A06159
:108BA000D9F81800806980B2B84205D9D4E9050126
:108BB000814201D20028DBD1012005E72DE9F041F7
:108BC00006460024FFF7E4FB0746DFF84C8048E048
:108BD000F80744D0E1B23046FFF7E0FB0546C00796
:108BE0002AD006EB84000125416D8D60F1780129C2
:108BF0000CD1406D016904EB840006EBC000C1F3A9
:108C00001201D0F87C23511AC0F88C13D8F8000058
:108C1000E1B20268304603E01C04002010ED00E0E1
:108C20009047F078012807D134B996F8110105284A
:108C300002D13046FFF7C0FBA80704D506EB84003D
:108C40000225406D8560280709D5D8F800008168A5
:108C50003046884706EB84010820496D88607F080C
:108C6000641C002FB4D1012015E600007CB5012161
:108C70000846CEF700FB01218020CEF706FB4FF41B
:108C8000C050009002208DF8040000248DF80640AA
:108C900003208DF805001D4E8DF8074069463046CB
:108CA000CDF7ACFE4FF40040012500908DF8045044
:108CB0008DF8074069463046CDF7A0FE1448C0F84D
:108CC000BC520A220B213046CDF721FF0A220C218B
:108CD0003046CDF71CFF7CBD08B543208DF8000061
:108CE00000208DF8010003208DF8020001208DF88E
:108CF00003006846CDF7C3FD08BD70477047704755
:108D0000CDF744BB80B2CDF75DBB00000000024050
:108D100000004042122008801A4870470420088052
:108D20001848001F70470A4610B5174920B117A010
:108D3000FEF717FD144810BD1BA0F9E710B50A4651
:108D400011491FA0FEF70DFD0F4810BD0A4610B5D2
:108D50000D4928B11DA000BFFEF703FD0A4810BD54
:108D60001EA0F9E710B50A46074920A0FEF7F9FC56
:108D7000054810BD10B50A4603491FA0FEF7F1FCD7
:108D8000014810BD54040020CCBD0120414C494590
:108D90004E54454B20555342204361726420526526
:108DA00061646572000000004D6173732053746F3D
:108DB0007261676520696E204853204D6F646500BD
:108DC000414C49454E54454B000000003030303096
:108DD0003030303030303142000000003030303040
:108DE0003030303030303141000000004D534320EE
:108DF000436F6E66696700004D534320496E74658A
:108E000072666163650000000748FFF746BD704762
:108E100070477047704770470449012008707047D9
:108E200002490020087070470CBE01206604002033
:108E300010B50446022340228121FFF7D3FB022311
:108E4000402201212046FFF7CDFB03230822822187
:108E50002046FFF7C7FB4749022040230871002046
:108E60004871454A01212046FFF7F0FB002010BD64
:108E700010B504468121FFF7D3FB01212046FFF7FF
:108E8000CFFB82212046FFF7CBFB002010BD2DE950
:108E9000F0413A4B0E783A22082516F06007A3F10C
:108EA0001D0422D0202F04D0FEF794FA0220BDE842
:108EB000F081CA887AB333060FD5304A0023113ABD
:108EC000C2241370547001249470D37013715371C1
:108ED0009571CA88294911391BE04978C4E9011202
:108EE00026491139FEF733FA20E04D78062D04D0DB
:108EF0000A2D11D00B2D19D112E04C882125B5EB8C
:108F0000142F05D11D4BCA8809333A2A00D93A22B9
:108F10001946FEF703FA09E0184901221D39F8E75E
:108F20004A8812F0FF0F03D0FEF754FA0020BEE784
:108F3000D0B22060FAE711481D384168FF2901D0FE
:108F4000FF2141600020704713460A468121FFF748
:108F50009FBB0020704710B54023074A0121FFF74F
:108F600075FB002010BD0020704743200880034897
:108F700009387047540400209CC80120A104002037
:108F80002DE9F05F0546002092469B46884606463E
:108F9000814640241BE0284641464746224600F0D1
:108FA000A6FC53465A46C01A914110D311461846A2
:108FB000224600F08DFC2D1A67EB01084F46224631
:108FC0000120002100F084FC17EB00094E41201E17
:108FD000A4F10104DFDC484631462A464346BDE899
:108FE000F09F10B5431A934209D28318881803E002
:108FF00010F8011D03F8011D521EF9D210BD40EA00
:1090000001039B0703D009E008C9121F08C0042A06
:10901000FAD203E011F8013B00F8013B521EF9D2ED
:1090200010BDD2B201E000F8012B491EFBD27047FF
:109030000022F6E710B513460A4604461946FFF724
:10904000F0FF204610BD421E12F8013F002BFBD15D
:1090500011F8013B02F8013B002BF9D1704710B524
:10906000044604E00B7800F8013B03B1491C521E92
:10907000F8D2204610BD421C10F8011B0029FBD17C
:10908000801A704710B5002200E0521C835C8C5C93
:10909000A34201D1002BF8D1D8B2E1B2401A10BDE1
:1090A00030B504460020034600E05B1C934203D227
:1090B000E05CCD5C401BF8D030BD034611F8012BBD
:1090C00000F8012B002AF9D11846704730B5054643
:1090D0000020034600E05B1C934205D2EC5CC85CB8
:1090E000201A01D1002CF6D130BD000000B58DB0A2
:1090F000099000920B904FF0FF300A9000200C90E6
:1091000004480690044807906A4609A800F02EFD1E
:109110000DB000BD899B0308A79B03080FB400B5E1
:109120008DB010A909900B9000914FF0FF300A907C
:1091300000200C9005480690054807906A4609A84B
:109140000F9900F013FD0DB05DF814FB899B030827
:10915000A79B03082DE9FF5F1D464FF0FF3BD5E9B4
:10916000014691465F464FF00008A9697F1C0198AF
:109170008847296A824688470028F6D1BAF1FF3F1E
:109180000CD024F4C064002E19DD600614D5BAF1A9
:109190002B0F09D0BAF12D0F0ED103E0584604B0C1
:1091A000BDE8F09F44F48064A9697F1C019888475A
:1091B000761E8246002E02DDBAF1300F03D0B9F1DF
:1091C000000F26D032E0A969761E44F400747F1C9B
:1091D000019888478246002E05DDBAF1780F06D047
:1091E000BAF1580F03D0B9F1000F10D01EE0B9F159
:1091F000000F02D0B9F1100F18D1A969761E24F41E
:1092000000747F1C019888478246102002E00820E5
:1092100000E00A20814609E008FB0908A969761EDA
:1092200044F400747F1C019888478246002E05DDB7
:109230004946504600F06BFB0028EDDAE9690198D9
:109240008847A00502D46FF00100A8E7E00725D108
:10925000600613D5600502D5C8F1000000E0404665
:1092600029680A1D2A600968220501D5087015E0E1
:10927000220701D5088011E008600FE02868011D71
:1092800029600068210502D580F8008006E02107EA
:1092900002D5A0F8008001E0C0F8008038467EE7E3
:1092A0002DE9FF4F087881B09946FF2805D0491C69
:1092B0002D2804D00024002308E000230BE0012423
:1092C000F9E703EB830300EB4303491C0878FF280D
:1092D000F7D104B15B4200200090147801462D2C98
:1092E00001D02B2C04D1521C2D2C12D00024009420
:1092F00000251678FF2E0ED00A24A0FB04C801FB1F
:109300000481002700FB0711521C16EB0C00694179
:10931000EFE70124EBE7994450EA01020ED0002464
:10932000AA4D2646DFF8A88200F0DAFD82468B4679
:10933000B9F1000009DAC9F100071BE0019800212A
:10934000C0E9001105B0BDE8F08F074612E0F8074C
:1093500007D022462B463046414600F03DF90646EE
:10936000884622462B461046194600F035F9044639
:109370000D467F10002FEAD1B9F1000F3246434667
:109380005046594602DA00F099F901E000F024F95C
:10939000009A0AB181F00041019AC2E90001D1E7C7
:1093A0002DE9FF4F1F468DB0D7E901464FF0FF383A
:1093B0002E2045464FF000090B90B9696D1C0E98A0
:1093C0008847396A824688470028F6D1BAF1FF3FBC
:1093D0000AD024F4D064002E11DDBAF12B0F08D08E
:1093E000BAF12D0F0BD102E0404611B0ABE744F4C7
:1093F0008064B9696D1C0E9888478246761E69465E
:10940000600501D52D2000E02B208DF8000001F132
:10941000010B0DF1200809E0B9696D1C0E98884711
:1094200082460F9844F40074761E0560002E02DD1B
:10943000BAF1300FF0D00B998A453ED144F0800448
:1094400006E00F99681CA9F1010944F40074086052
:10945000B9696D1C761E0E98884782463028F0D078
:109460002BE00B998A4505D1200603D444F08004F3
:10947000761E18E0504601F04FFD08B30DF11301C0
:10948000761E44F400748B4508D2AAF130000BF824
:10949000010B200607D5A9F1010003E0200602D444
:1094A00009F101008146A00502D50F99681C0860EA
:1094B000B9696D1C0E9888478246002ED1DC53E0B6
:1094C000002E51DDBAF1650F02D0BAF1450F4BD134
:1094D000A00549D5B9696D1C24F44074761E0E9818
:1094E00088478246002E0CDD2B2804D0BAF12D0FC0
:1094F00007D144F48074B9696D1C0E988847824680
:10950000761EE00501D52D2100E02B2108F8011B76
:10951000CDF82C8021E00DF12901761E44F4007471
:1095200088450CD2AAF1300010F0FF0088F8000046
:1095300002D10B99884509D908F1010806E0E00538
:1095400001D5244801E042F20F708146B9696D1CD3
:109550000E98884782460F980560002E04DD50461D
:1095600001F0DAFC0028D6D1F9690E988847FF206F
:109570008BF8000088F800000020069007904B460A
:109580006A4608A906A8FFF78BFEA00502D46FF073
:1095900001002AE714F0240F0AD0E00714D1DDE916
:1095A00006123868031D3B600068C0E900120BE03A
:1095B000DDE9060100F05AF90146E00704D13868F8
:1095C000021D3A600068016028460EE70000244052
:1095D0000000F03FF1D8FFFF2DE9FE4F81EA0304C0
:1095E00004F0004421F0004100944FF0000B23F000
:1095F000004350EA01045ED052EA03045BD0C3F397
:109600000A54C1F30A552C44A4F2F3340194A0FB8C
:109610000254C1F3130141F48011C3F3130343F463
:10962000801301FB024400FB034E840A970A44EABC
:10963000815447EA8357A4FB076802958D0A05FB0E
:1096400007854FEA932C04FB0C542705029D4FEA33
:10965000065847EA1637B5EB08056EEB070C870E80
:10966000920E47EA811742EA8312A7FB0201B6EB8A
:109670000B0164EB00042B0D43EA0C335E1844EB42
:109680001C50DA465146E7FB0201C5F313044FEACA
:109690000B3343EA14534FEA0432019C43EA0603B6
:1096A000A4F10C040294009CCDE900B400F0D2FABD
:1096B00003B0BDE8F08F00200146F9E72DE9F04D39
:1096C00081EA030404F0004B21F0004514464FF0FA
:1096D000000A23F0004150EA050220D054EA0102BA
:1096E0001DD0C5F30A570246C5F31303C1F3130097
:1096F000C1F30A5640F4801543F48013A7EB060823
:10970000101BD64608F2FD3873EB050002D308F1B2
:10971000010801E092185B41B8F1000F03DA002064
:109720000146BDE8F08D00204FF4801106468446C6
:109730000EE0171B73EB050705D3121B63EB050344
:1097400006434CEA010C49084FEA300092185B418D
:1097500050EA0107EDD152EA030012D082EA040078
:1097600083EA0501084305D0101BAB4106D2012254
:10977000002306E000224FF0004302E06FF00102F8
:1097800053101AEB06004CEB085110EB0A0041EBAA
:109790000B01BDE8F04D00F04EBA0EB5C10F80EAE6
:1097A000E0700844CA07002140F233438DE80E0000
:1097B0000A460B4600F04EFA03B000BD0EB540F26B
:1097C000334102910021CDE900110A460B4600F019
:1097D00041FA03B000BD70B5C1F30A5201F0004573
:1097E0000024C1F3130140F2FF3341F480119A4287
:1097F00001DA002070BD40F233439A42A2F23342B4
:1098000003DC524200F073F800E090402C43F1D0AA
:10981000404270BDC1F30A5210B5C1F3130140F2CA
:10982000FF3341F480119A4201DA002010BD40F26A
:1098300033439A42A2F2334203DC524200F057F81B
:1098400010BD904010BD00F0004230F000400AD042
:10985000C10D01F56071C0F3160042EA0151C20862
:1098600040071143704700200146704701F0004354
:1098700030B421F0004150EA010206D00A0DA2F5F1
:109880006072C1F31301002A02DC30BC0020704773
:10989000440F44EAC104C100E01830BC00EBC250E0
:1098A00000F092B930B50B46014600202022012479
:1098B00009E021FA02F59D4205D303FA02F5491B9E
:1098C00004FA02F52844151EA2F10102F1DC30BDB4
:1098D000202A04DB203A00FA02F100207047914070
:1098E000C2F1200320FA03F3194390407047202A65
:1098F00004DB203A21FA02F00021704721FA02F33A
:10990000D040C2F1200291400843194670473A28DE
:1099100000D2303820F02002412A01D3A2F13700D2
:10992000884201D34FF0FF3070472DE9FF4F1C46AE
:1099300081B00021D4E9016791464FF0FF358A4696
:109940008846A1696D1C02988847216A834688472A
:109950000028F6D1BBF1FF3F0CD026F4C066002FE3
:109960001ADD700615D5BBF12B0F0AD0BBF12D0FF8
:109970000FD104E04FF0FF3005B0BDE8F08F46F4A2
:109980008066A1696D1C029888477F1E8346002F60
:1099900002DDBBF1300F03D0B9F1000F2AD025E072
:1099A000A1696D1C46F400767F1E029888478346A5
:1099B000002F05DDBBF1780F06D0BBF1580F03D0A7
:1099C000B9F1000F10D011E0B9F1000F02D0B9F1D8
:1099D000100F0BD1A1696D1C26F400767F1E029832
:1099E00088478346102000E0082081464FEAE9704E
:1099F000009017E00A20F8E74346AAFB092803FB7A
:109A00000980DDF800C07F1E0AFB0C0112EB0B0A77
:109A100041EBEB78A16946F4007605F10105029867
:109A200088478346002F06DD49465846FFF76FFFFB
:109A30005FEA000BE0D5E16902988847B00502D4DF
:109A40006FF0010098E7F00718D1700610D5700587
:109A5000514605D50023D1EB030163EB080200E07A
:109A600042462068031D23600068C0E9001205E03B
:109A70002068011D21600068C0E900A828467BE736
:109A80002DE9FF5FD2E901A74FF0000891699946DF
:109A90001446DDF838B0464601988847054659EA2D
:109AA0000B0005D009E0A169761C0198884705469E
:109AB000216A284688470028F5D1681C03D05FEA50
:109AC000CA7005D015E04FF0FF3004B0BDE8F09F3C
:109AD0002068011D2160D0F800800AE05FEACA70AA
:109AE00001D108F8015BA169761C7F1E01988847A7
:109AF0000546002F1ADD681C18D0B9F1000F0DD0F3
:109B0000E81705EBD060421120F01F0059F8221031
:109B10002A1A012090400142E0D107E0BBF1000F7A
:109B2000DCD1216A284688470028D7D0E16901980E
:109B30008847BBF1000F07D1002E05DD5FEACA7030
:109B400002D1002188F80010A068B84203DDBBF103
:109B5000000F03D017B16FF00100B6E73046B4E74D
:109B6000026811441378016018467047D1600449B7
:109B700051610449116200211161114600F016BAC9
:109B8000619B0308A19F0308426842B1016811F874
:109B9000013B23B1521EC0E9001218467047012153
:109BA000C160881E704742685AB1C368016843B9F2
:109BB00083688B4205D0491E521CC0E90012002068
:109BC00070474FF0FF3070470029A8BF7047401C16
:109BD000490008BF20F00100704710B4B0FA80FCC3
:109BE00000FA0CF050EA010404BF10BC704749B100
:109BF000CCF1200421FA04F411FA0CF118BF012170
:109C000021430843A3EB0C01CB1D4FEA00614FEA4F
:109C1000102042BF002010BC704700EBC35010441E
:109C20000029A4BF10BC7047401C490008BF20F0A9
:109C3000010010BC704710B5141E73F1000408DA5F
:109C4000401C41F1000192185B411A4301D120F000
:109C5000010010BD2DE9F04D92469B4611B1B1FABD
:109C600081F202E0B0FA80F220329046FFF730FE37
:109C700004460F4640EA0A0041EA0B0153465A46A1
:109C8000084313D0114653EA010019D0C8F140022D
:109C90005046FFF72CFE05460E46504659464246B2
:109CA000FFF716FE084305D0012004E020463946A0
:109CB000BDE8F08D0020054346EAE0762C433743AB
:109CC0000A986305E40AA0EB08000022FD0A44EAB2
:109CD00047540A3002D500200146E9E70105101972
:109CE0006941DDE9084500196941BDE8F04DA2E789
:109CF0002DE9FE4F804681EA0300C00F0C4600901C
:109D000021F0004123F00045B8EB0200A94105D243
:109D10004046214690461C460B46024623F0004032
:109D2000104347D0270DC7F30A00C3F30A5102902E
:109D3000401A019040286BDAC3F3130040F4801BF3
:109D40000098924620B10023D2EB030A63EB0B0B81
:109D500001985946C0F140025046FFF7B9FD06464A
:109D60000D4650465946019A00F008F910EB0800DC
:109D70006141002487EA115284EAE7731A4340D014
:109D8000009A62B3019A012A4FEA075215DC001BC0
:109D900061EB02014FF0004202EA0752CDE90042B6
:109DA000001C41F5801132462B46FFF753FF03B0EC
:109DB000BDE8F08F40462146F9E7001B61EB020148
:109DC000001C41F5801300185B412018A2F5001714
:109DD00047EB030140EAD570B6196D4111E06D08FB
:109DE0004FEA360645EAC0754FEA0752001B61EBA1
:109DF0000201001C41F5801149084FEA30000019AA
:109E0000514132462B4603B0BDE8F04FFFF713BF78
:109E10000098012240000023D0EB020263EBE073C4
:109E2000009821464FEAE074B8EB000061EB0401B2
:109E3000E9E783F000435BE781F0004158E72DE953
:109E4000F04D00231A461B1A8A4103DB002001460D
:109E5000BDE8F08DC1F30A52C1F3130141F480153E
:109E60004FF0000BD10702D100186D41521E0027A0
:109E7000044640F2FF11384601EB620A3E46804636
:109E8000024600204FF48011FFF731FDC2197141E5
:109E9000BB1846EB0100B4EB030C75EB000C04D3CC
:109EA000E41A65EB000517460E46241908F1010077
:109EB0006D4180463428E3DDF91946EB0600091BA5
:109EC000A84103D24FF0FF32134601E000221346AF
:109ED0001BEB070046EB0A51BDE8F04DFFF7ABBEA8
:109EE0000EB540F2334202920022CDE90022134621
:109EF000FFF7B0FE03B000BDC1F30A52C1F3130176
:109F000040F2FF3341F480119A4202DA0020014608
:109F1000704740F233439A42A2F2334202DC52428B
:109F2000FFF7E5BCFFF7D4BC30B5041E71F10004A7
:109F300004DB4FF00044404264EB0101141E73F156
:109F4000000405DB1C464FF00043524263EB040360
:109F5000994208BF904230BD064C074D06E0E068CC
:109F600040F0010394E8070098471034AC42F6D360
:109F7000C6F70EF90C1A04082C1A0408202A06DB6E
:109F8000CB17203A41FA02F043EAE07306E041FAC7
:109F900002F3D040C2F120029140084319467047B5
:109FA000C0B24FF4F05100F097B900002DE9F34F23
:109FB0008BB04FF0000801F10C000C464FF0010B84
:109FC00046460DF1080A0190626901210198904707
:109FD000051E2DD0252D2CD0216A8847C0B162697D
:109FE000012101989047216A88470028F7D1411E36
:109FF00062690198904700E0761CA1690B98884738
:10A00000216A88470028F7D1E1690B988847DBE788
:10A01000A1690B9888470746A84201D1761CD3E76F
:10A02000E1690B9888477F1C02D1B8F1000F6FD00F
:10A0300046E1002762693D463946019890472A2843
:10A0400004D162690121019890470125DFF88492CB
:10A050006269012101989047A0F130010A290AD2D2
:10A060004F45E5DC07EB870100EB4107303FDFD4CC
:10A0700045F01005ECE7E90601D46FF000476C28C5
:10A080000AD04C2814D0682815D06A280DD074281E
:10A090001CD07A281AD01DE06269012101989047EE
:10A0A0006C2802D045F0040514E045F002050DE0EF
:10A0B00045F020050AE0626901210198904768286F
:10A0C00002D045F0080505E045F40065626901210C
:10A0D00001989047C4E9015765283DD019DC5828FC
:10A0E0007AD00CDC452837D004DC252826D041283E
:10A0F00031D131E046282FD047282CD12CE05B28E5
:10A1000077D0612828D063287CD0642823D15AE0F6
:10A11000D0E06F2848D008DC66281DD067281BD007
:10A12000692821D06E2816D127E0702845D07328E1
:10A1300068D0752847D078280DD14DE0A1690B98DB
:10A140008847054625283FF469AFE1690B988847A1
:10A150006D1C3FF46AAFB3E023466A466FF001001E
:10A160000B99FFF71DF99EE045F040006060A807DD
:10A1700023464FF0000236D43EE0E8077FF447AFB5
:10A180002068011D21600068290501D506701BE7C4
:10A19000290701D5068017E7A90703D5F117C0E9FC
:10A1A000006111E706600FE745F040006060A80716
:10A1B00023464FF0080216D41EE040F60E0125EAB1
:10A1C0000100606016E045F040006060A80723468B
:10A1D0004FF00A0207D40FE045F040006060A80786
:10A1E00008D5234610226FF001000B99FFF79DFB65
:10A1F00059E007E0234610226FF001000B99FEF7AB
:10A20000A9FF50E04FF000094F464B46632802D0AB
:10A210005B2806D040E0E80601D40120A0600127B9
:10A220003AE062690121019890475E2805D14FF01C
:10A2300001096269494601989047216939B90021AD
:10A240000A46534643F82120491C0829FADBB0B3DB
:10A25000216969B9C11700EBD16253110AEB83017F
:10A2600022F01F02821A01200B68904003430B600A
:10A2700062690121019890475D28E8D1B9F1000F8A
:10A2800009D00020514651F82020D24341F8202027
:10A29000401C0828F7DB02AB224600976FF0010054
:10A2A0000B99FFF7EDFB00280CDA401C08D1BBF13D
:10A2B000000F05D04FF0FF300DB0BDE8F08FFFE785
:10A2C0004046F9E7E90701D108F1010806444FF0DB
:10A2D000000B79E6CCCCCC0C7F2801D9002208E019
:10A2E000064A02EB5002C007127800D1120902F0B0
:10A2F0000F0201209040084070470000F01304084E
:10A3000070B58C1810F8015B15F0070301D110F837
:10A31000013B2A1106D110F8012B03E010F8016B64
:10A3200001F8016B5B1EF9D12B0705D40023521EE7
:10A330000DD401F8013BFAE710F8013BCB1A921C4F
:10A3400003E013F8015B01F8015B521EF9D5A1424D
:10A35000D8D3002070BD00000FB4054B10B503A981
:10A36000044A029800F0E0FD10BC5DF814FB000008
:10A3700061660008580000200FB4084B10B504A90E
:10A3800002AA039800F0D0FD044602A9002001F0C3
:10A390006DF9204610BC5DF814FB00006DB6030893
:10A3A0007CB5491E1C461546CDE90001044B6A46A2
:10A3B0002146284600F0B8FD009A002111707CBDAE
:10A3C00057B6030837B514460846064B6A46214679
:10A3D00000F0AAFD04466946002001F047F9204636
:10A3E0003EBD00006DB6030803B40198410000981B
:10A3F00050EAC12018BF04204A0D18BF40F00100E8
:10A4000040F2FF72B2EB515F08BF40F0020001283A
:10A4100008BF052002B0704710B52F499FED2C1BD7
:10A420002DED020B84B0059820F000408842DCBF7F
:10A4300000209DED040B32DD2849884209D10498A3
:10A4400040B94FF0010000F0AFFC00F07DFC06B019
:10A4500010BD05DB9DED040B00F06AFC06B010BDDD
:10A4600068469DED040B00F07BF810F0030011D05E
:10A47000012818D09DED021B9DED000B02281AD07B
:10A4800000F08AFA51EC100B81F0004106B041EC6B
:10A49000100B10BD9DED021B9DED000B012000F087
:10A4A000AFFB06B010BD9DED021B9DED000B00F053
:10A4B00073FA06B010BD012000F0A2FB51EC100BA6
:10A4C00081F0004106B041EC100B10BD000000000F
:10A4D0000000000000000000FB21E93F0000F07FC9
:10A4E00000B52DED048BB0EE409AF0EE609A83B08B
:10A4F00051EC190BFFF7A3FC41EC180B18EE100AF6
:10A5000018EE901A8DED008B002818BF012008432B
:10A5100020F00040C0F17F6000F1E040C00F14D097
:10A5200019EE101A19EE900A8DED009B002918BF44
:10A530000121084320F00040C0F17F6000F1E040BD
:10A54000C00F04BF012000F02FFCB0EE480A03B09A
:10A55000F0EE680ABDEC048B00BD000000000000B6
:10A560002DE9F14F04462DED020B2DED088B8AB03D
:10A570009FEDE70B80ED020B139EE74826F00045A8
:10A5800085420ADC9DED120B002084ED000B0AB021
:10A59000BDEC088B03B0BDE8F08FE0489FEDE0AB69
:10A5A0009FEDE1BBA84247DDE14F9FEDE39B9FEDAF
:10A5B000E48B9DED120B53EC1A2B51EC100B002E7B
:10A5C0001CDDFFF736FC41EC100BBD4208D053EC0C
:10A5D0001B2B51EC100BFFF72CFCC4E900010BE026
:10A5E00053EC192B51EC100BFFF723FC53EC182BF9
:10A5F000FFF71FFCC4E900010120C8E7FFF778FB63
:10A6000041EC100BBD4208D053EC1B2B51EC100B4E
:10A61000FFF76EFBC4E900010BE053EC192B51EC82
:10A62000100BFFF765FB53EC182BFFF761FBC4E938
:10A6300000014FF0FF30AAE7C348A84279DB9DED47
:10A64000120B51EC100B01F016F841EC180B9FEDBA
:10A65000C00B53EC102BFEF7BFFF9FEDBF1B53EC5D
:10A66000112BFFF745FBFFF7B6F80746FFF795F804
:10A6700041EC190B53EC1A2BFEF7AEFF53EC182BE1
:10A68000FFF7DAFB41EC180B53EC1B2B51EC190BC9
:10A69000FEF7A2FFDFF8C8A241EC100B4FEA1558F5
:10A6A0000125FA4453EC102B51EC180BFFF7C1FBBA
:10A6B000032DC4E900013DD0C1F30A5005EB45115B
:10A6C000A8EB00001139814234DA0AEB051BB0EE29
:10A6D00048AA9BED000BF0EE68AA53EC102B51EC4E
:10A6E000190BFEF779FF41EC1B0B51EC1A0B53ECE5
:10A6F0001B2BFFF79EFB41EC180B51EC1A0B53EC94
:10A70000182BFFF796FB53EC1B2BFFF792FB9BEDEF
:10A71000020B41EC1A0B53EC102B51EC190BFEF70A
:10A720005BFF53EC1A2BFFF784FB41EC100B6D1C05
:10A73000B8E70EE0002EA8BF3846BFF628AF94ED6C
:10A74000000B51EC100B81F00041C4E9000178428C
:10A750001DE7C6F3130040F4801EC6F30A50A0F2B2
:10A76000F530471100F01F05C5F12000DDF848B0B5
:10A7700008900020069007900520EC467949002DAE
:10A7800007EB0002794408BF51F8221009D051F8B4
:10A79000223001EB8201AB404A68089922FA01F1AC
:10A7A0001943A1FB0E26A1FB0B131A449A4234BF96
:10A7B0000123002303EB06080CEB8003D3E901A679
:10A7C0000E448E4234BF0121002192448A4411B1CB
:10A7D000924502D903E0924501D2012100E0002117
:10A7E000C3E901A641444CF82010011EA0F101006C
:10A7F000C4DC029800F10050850F0298DDE9036780
:10A800008000DDF81480FEF7C8FF41EC1A0B3046DB
:10A81000FEF7D4FF9FED541B53EC112BFEF7DCFE2B
:10A8200041EC1B0B3846FEF7C9FF9FED511B53EC63
:10A83000112BFEF7D1FE41EC180B4046FEF7BEFF90
:10A840009FED4D1B53EC112BFEF7C6FE41EC190B8F
:10A8500051EC180B53EC192BFFF74AFA53EC1B2B56
:10A86000FFF746FA53EC1A2BFFF742FACDE908013D
:10A87000002008909DED080B53EC1A2B51EC100BA7
:10A88000FFF7D7FA53EC1B2BFFF7D3FA53EC182B37
:10A89000FFF7CFFA53EC192BFFF7CEFA9FED381BD9
:10A8A00053EC112BFEF798FE9FED370B41EC180B84
:10A8B00053EC102B9DED080B51EC100BFEF78CFEAA
:10A8C00053EC182BFFF714FA9FED310B41EC180BEA
:10A8D00053EC102B9DED080B51EC100BFEF77CFE9A
:10A8E00053EC182BFFF704FA41EC100B139810F0FF
:10A8F000004F06D06D4251EC100B81F0004141EC4D
:10A90000100B284684ED000B41E60000000000001B
:10A910000000000000000000FB21E93F7CD902405C
:10A9200000004054FB21F93F3163621A61B4D03D0D
:10A93000FB21F93F000000000000601A61B4D03D27
:10A940007370032E8A19A33BFB21394100000000DC
:10A9500083C8C96D305FE43F000000000000E03FA5
:10A960005A6C0000A86B0000000000000000103EC0
:10A97000000000000000103C000000000000103A41
:10A98000182D4454FB21F93D3326A611460B113CEA
:10A9900000000054FB21F93D10B52DED040B2DED09
:10A9A000088B82B0B0EE419AF0EE619A0B9820F0DD
:10A9B00000449FED4BABB4F1795F11DA9DED0A0BCA
:10A9C00051EC100BFEF707FF002801BFB0EE4A0A5A
:10A9D000F0EE6A0A02B0BDEC088B04BF04B010BDF3
:10A9E0009DED0A0B53EC102B51EC100BFEF7F4FD10
:10A9F00041EC180B3C480621B0EE480AF0EE680A1C
:10AA0000784400F081F853EC182B51EC100BFEF752
:10AA1000E3FD9DED0A0B41EC1B0B53EC192B51ECA4
:10AA2000100BFEF7D9FD41EC190B53EC1B2B51EC2D
:10AA3000180BFEF7D1FD53EC192BFFF7FAF99FED38
:10AA40002C0B41EC190B53EC102B51EC180BFEF7AF
:10AA5000C3FD41EC100B2848844210DA53EC192B4B
:10AA600051EC100BFFF7E5F953EC1A2BFFF7E4F963
:10AA700041EC100B02B0BDEC088B04B010BD1F48B8
:10AA8000A042BCBF9FED1E1B8DED001B06DBA4F595
:10AA900000100190002000909DED001B51EC100B68
:10AAA00053EC112BFFF7C5F99DED000B41EC180B92
:10AAB00053EC102B51EC1A0BFFF7BBF941EC1A0BBE
:10AAC00053EC192B51EC180BFFF7B3F953EC1A2B7D
:10AAD000FFF7B2F941EC100BCCE7000000000000DA
:10AAE000000000000000F03FCC6800000000000003
:10AAF000000000000000E03F3333D33F0000E93F97
:10AB0000000000000000D23F70B504462DED028B1E
:10AB10004D1E00EBC500B0EE408AF0EE608A90ED6D
:10AB2000000B35F0060017D053EC182B51EC100B2E
:10AB3000FEF752FD41EC100B6D1E04EBC50090EDCD
:10AB4000001B51EC100B53EC112BFFF7D1F841EC2B
:10AB5000100B35F00600E7D1022D36D0042D1CD0A5
:10AB6000062D1CBFBDEC028B70BD53EC182B51ECB5
:10AB7000100BFEF731FD94ED0A1B53EC112BFFF780
:10AB8000B7F853EC182BFEF727FD94ED081B53EC98
:10AB9000112BFFF7ADF841EC100B53EC182B51ECD7
:10ABA000100BFEF719FD94ED061B53EC112BFFF76C
:10ABB0009FF853EC182BFEF70FFD94ED040B53ECAC
:10ABC000102BFFF795F841EC100B53EC182B51ECC0
:10ABD000100BFEF701FD94ED021B53EC112BFFF758
:10ABE00087F853EC182BFEF7F7FC94ED001B53ECA1
:10ABF000112BFFF77DF8BDEC028B41EC100B70BD03
:10AC000031B504462DED040B2DED0A8BB0EE41BAA3
:10AC1000F0EE61BA0B989DED0A0B20F00040B0F108
:10AC2000795F0DDA51EC100BFFF7DEFB042808BF4B
:10AC300000F09AF89DED0A0BBDEC0A8B05B030BD13
:10AC400053EC102B51EC100BFEF7C6FC41EC180B2B
:10AC50009DED0A0B53EC182B51EC100BFEF7BCFCCE
:10AC600041EC190B2C48B0EE480AF0EE680A0521B9
:10AC70007844FFF749FF9FED2ACBB0EE40AAF0EEF3
:10AC800060AA9CB353EC1C2B51EC190BFEF7A4FCEF
:10AC900041EC1C0B53EC1A2B51EC190BFEF79CFCEE
:10ACA0009FED210B41EC190B53EC102B51EC1B0BBE
:10ACB000FEF792FC53EC192BFFF7BBF853EC182B63
:10ACC000FEF78AFC53EC1B2BFFF7B3F853EC1C2B5D
:10ACD000FFF7AFF89DED0A1B53EC112BFFF7ACF813
:10ACE000BDEC0A8B05B041EC100B30BDFFE753EC17
:10ACF0001A2B51EC180BFEF76FFC53EC1C2BFEF7D4
:10AD0000F7FF53EC192BFEF767FC9DED0A1B53EC84
:10AD1000112BFEF7EDFFE3E7546700000000000091
:10AD2000495555555555C5BF000000000000E03F8E
:10AD300010B553EC102B51EC100BFEF7D9FF41EC82
:10AD4000100B10BD000000009FED050B10B553EC7B
:10AD5000102B51EC100BFEF7B1FC41EC100B10BDA9
:10AD600000000000000000009FED050B10B553EC43
:10AD7000102B51EC100BFEF72FFC41EC100B10BD0B
:10AD8000000000000000001002E008C8121F08C107
:10AD9000002AFAD170477047002001E001C1121F5C
:10ADA000002AFBD17047000001490860704700008D
:10ADB000100500202DE9FF5FDDE90220010DDDF81F
:10ADC00038B0024318D044F61050A1F2FF3141438D
:10ADD0000D140F98012820D0A5EB0B00401C5FEA52
:10ADE000000A4FF00004474EDFF81C91A046504681
:10ADF00016D5CAF1000728E00F98012443A20128C4
:10AE000008D0002100980F9BC0E90021C0E902434F
:10AE1000BDE8FF9F6FEA0B01F4E7CBF10000DEE72E
:10AE2000074612E0F80707D0224633464046494617
:10AE3000FEF7D2FB80468946224633461046194625
:10AE4000FEF7CAFB04460E467F10002FEAD1DDE96B
:10AE50000201BAF1000F42464B4602DAFEF7BCFB94
:10AE600001E0FEF72BFC04460E460022284BFFF7BC
:10AE70005BF803D84FF0FF30014607E00022254B76
:10AE800020463146FEF734FFFFF736F8102409E07C
:10AE9000002C0ADB0A220023FEF772F8019B3032F5
:10AEA0001A55641E50EA0102F2D1641C019AC4F1E1
:10AEB000110314440F9A012A03D0012208430DD133
:10AEC0000AE0084304D000204FF0110B0F9080E7F8
:10AED000A3EB0B056D1E0DE05B4504DD4FF000029A
:10AEE00005F1010504E003DA4FF00002A5F10105C8
:10AEF000002AECD000980F99C0E90231C0E9004562
:10AF000086E70000000024400000F03F3000000011
:10AF10000000F0430000E03F30380A2801D2012051
:10AF200070470020704700002DE9FF4F95B09B4609
:10AF30008946064600250FE2252877D100242746BA
:10AF4000F84A0121059400E0044316F8013F203B34
:10AF500001FA03F01042F7D130782A2811D06FF0AF
:10AF60002F033078A0F13002092A16D8059A44F050
:10AF7000020402EB820203EB42021044761C0590AD
:10AF8000EFE759F8042B0592002A03DA504244F403
:10AF90000054059044F00204761C30782E2816D117
:10AFA00016F8010F44F004042A280DD06FF02F0288
:10AFB0003078A0F13003092B09D807EB870302EBA7
:10AFC0004303C718761CF3E759F8047B761C3078E6
:10AFD0006C280FD006DC4C2817D068280DD06A28C2
:10AFE00014D104E0742810D07A280FD10DE044F475
:10AFF00000140AE044F4801401E044F44014727830
:10B00000824202D104F58014761C761C30786628C2
:10B010000BD013DC582877D009DC002875D04528E0
:10B02000F6D04628F4D047281AD19DE118E06328CD
:10B0300035D0642879D0652812D195E1702873D075
:10B0400008DC6728F1D069286FD06E280DD06F28F2
:10B0500006D1B5E073282CD0752875D0782874D027
:10B060005A46179990476D1C75E1C4F302500228A7
:10B0700009D003280DD0D9F8001004280DD00D6098
:10B0800009F1040967E1D9F80010EA17C1E9005293
:10B09000F6E7D9F800100D80F2E70D70F0E719F827
:10B0A000041B8DF8001000208DF80100EA460120F5
:10B0B00003E059F804AB4FF0FF3061074FF0000197
:10B0C00002D40DE008F101018846B9420FDA80454B
:10B0D000F8DB1AF808100029F4D108E008F10101A2
:10B0E00088468142FADB1AF808100029F6D1059843
:10B0F0005B46A0EB080721463846179A00F094FA01
:10B10000284400EB080507E04DE029E10DE01AF8BE
:10B11000010B5A4617999047B8F10108F7D25B46E0
:10B1200021463846179A13E142E00A220092C4F3FE
:10B1300002524FF0000A022A08D059F804CB032A21
:10B140004FEAEC710AD00DE029E02AE009F107018D
:10B1500021F00702F2E802C1914609E00FFA8CFCE7
:10B160004FEAEC71042A03D14FFA8CFC4FEAEC71E0
:10B17000002907DA0A460021DCF1000C61EB02012C
:10B180002D2202E0220504D52B228DF80420012275
:10B1900003E0E20701D02022F7E7904659E00A21B8
:10B1A00002E010220DE010214FF0000A00910BE0A8
:10B1B00010224FF0000A44F004040827009203E034
:10B1C00008224FF0000A0092C4F30252022A05D06E
:10B1D00059F804CB0021032A08D009E009F107013E
:10B1E00021F00702F2E802C1914605E01FFA8CFC4B
:10B1F000042A01D10CF0FF0C4FF00008220728D5DB
:10B20000702806D0009B83F0100353EA0A0305D090
:10B210000EE040228DF80420012208E05CEA0102E1
:10B2200006D030228DF804208DF8050002229046C9
:10B23000009B83F0080353EA0A030AD15CEA010287
:10B2400001D1620705D530228DF804204FF00108A6
:10B250007F1E582804D034A003900EA802900DE061
:10B2600036A0F9E753466046009AFDF789FE84460A
:10B270000398825C0298401E029002705CEA010012
:10B28000F0D1029806A9081A00F1200A600702D539
:10B2900024F4803400E00127574502DDA7EB0A00C3
:10B2A00000E0002000EB0A01009005984144401A9C
:10B2B0000590E00306D45B462146179A059800F0F6
:10B2C000B3F90544002706E001A85A46C05D179966
:10B2D00090476D1C7F1C4745F6DBE0030CD55B46B1
:10B2E0002146179A059800F09FF9054404E03020A4
:10B2F0005A46179990476D1C0099481E00900029E6
:10B30000F5DC08E0029802995A460078491C02913F
:10B31000179990476D1CBAF10001AAF1010AF1DCFE
:10B3200065E1000009280100303132333435363709
:10B330003839616263646566000000003031323381
:10B340003435363738394142434445460000000021
:10B3500000F058F90544761C307800287FF4ECADF5
:10B3600019B02846BDE8F08F620700D4062709F11E
:10B37000070222F0070CFCE80223E14603F0004834
:10B380005FEA080C02D00FF2702C0DE05FEA045C5B
:10B3900002D50FF2682C07E05FEAC47C02D00FF2FE
:10B3A000602C01E0AFF2700C4FF0FF3823F0004347
:10B3B000CDF850C065280CD006DC452809D04628B9
:10B3C0001DD047283DD13DE0662818D067287ED1A2
:10B3D00038E00021112F01DB112000E0781CCDE9BD
:10B3E000000106A90EA8FFF7E5FCDDE90F010E9AA2
:10B3F00003910021009207F1010A04914DE04FF002
:10B4000000400097CDE9011006A90EA8FFF7D2FC75
:10B41000DDE90F0203920E9B11990022DDF80CA0CA
:10B420000093049211B9791C00EB010AB7EB0A00F2
:10B4300004D4C0F1FF3007F1010A0490AAEB070021
:10B44000019044E0012F00DA01270021112F01DDD6
:10B45000112000E03846CDE9000106A90EA8FFF74B
:10B46000A9FCDDE90F010E9A0391002104910092DD
:10B47000BA4621070CD40399514500DA8A46BAF13D
:10B48000010F05DD009AAAF10101515C302908D0B5
:10B49000B84202DA10F1040F06DA0121CDE90110F9
:10B4A00015E0AAF10101E9E7002805DC049901444F
:10B4B0000491AAEB000102E0411C514500DD8A46DF
:10B4C0000499401A401C01904FF000400290200760
:10B4D00004D40198504501DBCDF8048000208DF89C
:10B4E0004F0002980DF14F07B0F1004F25D02B20EF
:10B4F0000E9002984FF0020800280CDA40420290A9
:10B500002D200E9007E00A210298FEF7CBF930318A
:10B51000029007F8011DB8F10001A8F10108F2DC62
:10B5200002980028EFD1791E0E980870307800F04C
:10B53000200040F0450007F8020D12A8C01B00F1E2
:10B5400007081498007800B1012000EB0A01019867
:10B5500001EBE07105984144401A401E0590E0035C
:10B5600006D45B462146179A059800F05DF805441D
:10B570001498007818B15A46179990476D1CE0034B
:10B5800024D55B462146179A059800F04DF80544EE
:10B590001CE00498002807DBDDE90301884203DD95
:10B5A0000098405C179901E0179930205A4690475F
:10B5B000049805F10105401C04900198401E01907B
:10B5C00004D12E205A46179990476D1CBAF10001FC
:10B5D000AAF1010ADDDC05E017F8010B5A461799BC
:10B5E00090476D1CB8F10001A8F10108F4DC5B463E
:10B5F0002146179A0598ABE62D0000002B000000AD
:10B60000200000002DE9F041044600251E461746A3
:10B61000880404D405E039462020B0476D1C641E20
:10B62000F9D52846BDE8F0812DE9F0410446002512
:10B630001E469046C80301D5302700E02027880425
:10B6400004D505E041463846B0476D1C641EF9D567
:10B650002846BDE8F0814A68002A06D00A68531CD3
:10B660000B6010704868401E486070470A68531CA1
:10B670000B601070704782B0CDE9000121F00040EE
:10B6800001909DED000B02B051EC100B70470000D3
:10B6900010B5002821D0114B0022001F196803E0CB
:10B6A000814203D80A4649680029F9D152B113688A
:10B6B000841A9C4204D1006818441060104602E0CD
:10B6C000506000E0186039B102680B1A934203D150
:10B6D0000B681A4402604968416010BD08050020EB
:10B6E000F0B50B30154D20F007010024144A0FE08F
:10B6F00003688B420BD38B4205D95E1A4318476807
:10B70000C3E9006700E04368136002C004E0021D63
:10B7100010680028ECD12046002802D1286808B122
:10B720000020F0BD064A07481060074A121A22F0AE
:10B730000702C0E9002401202860D7E70C0500209B
:10B7400008050020E4C80120E0D00120000000002E
:10B750000000000000000000000000003F4000006A
:10B7600000000000000030004000300040000000F9
:10B7700009000BC03D000BC03D00090018C024406B
:10B780007FE0224031800000180024C01B000D80A3
:10B790003240018003801C4027401C80074000404D
:10B7A0001000600000000000000000000000000029
:10B7B00000001F80204040200000402020401F80CB
:10B7C00000000000090006001F80060009000000BC
:10B7D000040004003F80040004000000001000602A
:10B7E0000000000000000000040004000400040049
:10B7F0000400000000000040000000000000000005
:10B80000002001C006003800400000001F802040DA
:10B81000204020401F800000000010403FC000403A
:10B820000000000018C021402240244018400000C1
:10B8300010802040244024401B80000002000D00A6
:10B8400011003FC0014000003C80244024402440BF
:10B85000238000001F8024402440344003800000E7
:10B860003000200027C03800200000001B8024404A
:10B87000244024401B8000001C0022C022402240A3
:10B880001F800000000000000840000000000000D1
:10B890000000000004600000000000000000040040
:10B8A0000A00110020804040090009000900090039
:10B8B0000900000000004040208011000A00040040
:10B8C0001800200023402400180000001F802040A2
:10B8D000274029401F400000004007C039000F00EA
:10B8E00001C0004020403FC0244024401B80000095
:10B8F0001F802040204020403080000020403FC07A
:10B90000204020401F80000020403FC024402E40A7
:10B9100030C0000020403FC024402E003000000016
:10B920000F001080204022403380020020403FC0A2
:10B93000040004003FC02040204020403FC0204081
:10B94000204000000060202020203FC02000200078
:10B9500020403FC024400B0030C0204020403FC06A
:10B9600020400040004000C03FC03C0003C03C00FD
:10B970003FC0000020403FC00C4023003FC02000DB
:10B980001F802040204020401F80000020403FC0FA
:10B9900024402400180000001F802140214020E0A6
:10B9A0001FA0000020403FC02440260019C00040D6
:10B9B00018C0244024402240318000003000204044
:10B9C0003FC020403000000020003F800040004089
:10B9D0003F80200020003E0001C00700380020000A
:10B9E000380007C03C0007C038000000204039C0C4
:10B9F000060039C0204000002000384007C0384011
:10BA000020000000304021C02640384020C0000007
:10BA1000000000007FE04020402000000000700097
:10BA20000C000380004000000000402040207FE028
:10BA30000000000000002000400020000000000086
:10BA40000010001000100010001000100000000096
:10BA5000400000000000000000000280054005409A
:10BA600003C0004020003FC00440044003800000A9
:10BA700000000380044004400640000000000380F2
:10BA8000044024403FC000400000038005400540C2
:10BA900003400000000004401FC024402440200058
:10BAA000000002E0055005500650042020403FC031
:10BAB0000440040003C000400000044027C00040D0
:10BAC0000000000000100010041027E0000000003B
:10BAD00020403FC00140070004C0044020402040F7
:10BAE0003FC000400040000007C0040007C0040041
:10BAF00003C00000044007C00440040003C000402D
:10BB0000000003800440044003800000041007F09C
:10BB100004500440038000000000038004400450EF
:10BB200007F00010044007C00240040004000000B9
:10BB3000000006400540054004C00000000004006D
:10BB40001F800440004000000400078000400440C3
:10BB500007C000400400070004C001800600040084
:10BB6000060001C0070001C006000000044006C036
:10BB7000010006C0044000000410071004E001802A
:10BB8000060004000000044005C006400440000018
:10BB90000000000004007BE04020000000000000E6
:10BBA0000000FFF000000000000040207BE00400E7
:10BBB0000000000040008000400020002000400005
:10BBC0000000000000000000000000000000000075
:10BBD0000000000000001FCC000C0000000000006E
:10BBE0000000080030006000080030006000000025
:10BBF000022003FC1E20022003FC1E200220000065
:10BC000000000E1811043FFF10840C7800000000A3
:10BC10000F0010840F3800C00778188400780000E7
:10BC200000780F8410C411240E9800E400840008EA
:10BC30000800680070000000000000000000000024
:10BC400000000000000007E0181820044002000077
:10BC5000000040022004181807E000000000000067
:10BC60000240024001800FF00180024002400000CB
:10BC70000080008000800FF80080008000800000BD
:10BC80000001000D000E0000000000000000000098
:10BC90000000008000800080008000800080008024
:10BCA0000000000C000C000000000000000000007C
:10BCB0000000000600180060018006001800200047
:10BCC000000007F0080810041004080807F000003E
:10BCD0000000080408041FFC000400040000000029
:10BCE00000000E0C10141024104411840E0C0000DF
:10BCF00000000C1810041104110412880C700000CC
:10BD0000000000E00320042408241FFC002400009D
:10BD100000001F9810841104110410881070000096
:10BD2000000007F008881104110418880070000052
:10BD300000001C00100010FC13001C00100000008C
:10BD400000000E3811441084108411440E38000095
:10BD500000000700088C10441044088807F0000019
:10BD6000000000000000030C030C000000000000B5
:10BD700000000000000101060000000000000000BB
:10BD80000000008001400220041008081004000098
:10BD900002200220022002200220022002200000B5
:10BDA0000000100408080410022001400080000078
:10BDB00000000E001200100C106C10800F0000002C
:10BDC00003E00C1813E4142417C4082807D000005B
:10BDD0000004003C03C41C40074000E4001C0004B5
:10BDE00010041FFC1104110411040E8800700000DF
:10BDF00003E00C1810041004100410081C100000BC
:10BE000010041FFC100410041004080807F00000C0
:10BE100010041FFC1104110417C4100408180000BA
:10BE200010041FFC1104110017C0100008000000CE
:10BE300003E00C181004100410441C7800400000AB
:10BE400010041FFC10840080008010841FFC10046C
:10BE50000000100410041FFC100410040000000077
:10BE600000030001100110011FFE1000100000006F
:10BE700010041FFC110403801464181C100400003B
:10BE800010041FFC1004000400040004000C000057
:10BE900010041FFC1F0000FC1F001FFC100400000A
:10BEA00010041FFC0C04030000E010181FFC10001D
:10BEB00007F00808100410041004080807F0000038
:10BEC00010041FFC10841080108010800F000000F0
:10BED00007F0081810241024101C080A07F20000AC
:10BEE00010041FFC1104110011C011300E0C0004CD
:10BEF00000000E1C11041084108410441C38000033
:10BF00001800100010041FFC10041000180000009E
:10BF100010001FF810040004000410041FF81000A3
:10BF200010001E0011E0001C007013801C001000A7
:10BF30001FC0103C00E01F0000E0103C1FC00000CC
:10BF40001004180C163401C001C01634180C10046B
:10BF500010001C00130400FC13041C00100000005F
:10BF60000804101C1064108413041C041018000032
:10BF70000000000000007FFE40024002400200007E
:10BF8000000030000C0003800060001C0003000073
:10BF900000004002400240027FFE0000000000005E
:10BFA0000000000020004000400040002000000091
:10BFB0000001000100010001000100010001000179
:10BFC00000004000400020000000000000000000D1
:10BFD00000000098012401440144014400FC0004D5
:10BFE00010001FFC0088010401040088007000009C
:10BFF00000000070008801040104010400880000B2
:10C000000000007000880104010411081FFC0004F6
:10C01000000000F8014401440144014400C800004C
:10C020000000010401040FFC1104110411001800A8
:10C03000000000D601290129012901C901060000DB
:10C0400010041FFC008401000100010400FC000436
:10C0500000000104190419FC0004000400000000A1
:10C060000000000300010101190119FE0000000099
:10C0700010041FFC0024004001B4010C0104000066
:10C080000000100410041FFC000400040000000065
:10C09000010401FC0104010001FC0104010000FC99
:10C0A000010401FC008401000100010400FC000403
:10C0B000000000F8010401040104010400F800007C
:10C0C000010101FF008501040104008800700000E7
:10C0D00000000070008801040104010501FF000157
:10C0E0000104010401FC008401040100018000003E
:10C0F000000000CC01240124012401240198000047
:10C1000000000100010007F8010401040000000024
:10C11000010001F8000400040004010801FC00040F
:10C12000010001800170000C00100160018001001D
:10C1300001F0010C003001C00030010C01F00100E1
:10C1400000000104018C00740170018C01040000E6
:10C15000010101810171000E0018016001800100E0
:10C1600000000184010C013401440184010C000031
:10C17000000000000000000001003EFC4002400200
:10C180000000000000000000FFFF000000000000B1
:10C190000000400240023EFC0100000000000000E0
:10C1A000000060008000800040004000200020006F
:10C1B000000000000000000000000000000000007F
:10C1C000000000000000000000000000000000006F
:10C1D000000000000000000000000000000000005F
:10C1E0000000000F80380FFE380F8038000000007C
:10C1F000000000000000000000000000000001003E
:10C20000000600000C0000380000310000060000AD
:10C210000C000038000030000000000000000000AA
:10C2200061800067F807F98000618000618000612B
:10C23000800061800067F807F980006180000000DD
:10C2400000000000000001C0E003E0F00630080438
:10C2500018081FFFFE040E080787F00381E00000A6
:10C260000000000001F000060C00040408060C7039
:10C2700001F9C0000E00003BE000EC1807080804BC
:10C280000C180003E00000000001E00007F003F8D4
:10C2900018041C0804170807E1D003C0E00023B00D
:10C2A000003C080020080000100000000000000111
:10C2B00000003100003200001C00000000000000FF
:10C2C000000000000000000000000000000000006E
:10C2D000000000000000000000000000000000005E
:10C2E0007F0001FFC00780F00C0018100004200040
:10C2F000020000000000002000021000040C0018E2
:10C300000780F001FFC0007F000000000000000077
:10C310000000000000000000000000004200006675
:10C3200000006600003C0000180003FFC000180079
:10C33000003C0000660000660000420000000000B3
:10C34000080000080000080000080000080001FFC5
:10C35000C0000800000800000800000800000800F5
:10C3600000000000000100003100003200001C004D
:10C3700000000000000000000000000000000000BD
:10C380000000000000000000080000080000080095
:10C390000008000008000008000008000008000075
:10C3A000080000080000000000000000000000007D
:10C3B00038000038000038000000000000000000D5
:10C3C000000000000000000000000000000000006D
:10C3D000000600001C000070000180000E00003804
:10C3E0000000C0000700001C00003000000000003A
:10C3F000000000007F8001FFE00380700600180449
:10C40000000804000806001803807001FFE0007FA8
:10C41000800000000000000000000100080100088A
:10C4200001000803FFF807FFF800000800000800FB
:10C43000000800000000000000000001C03802C039
:10C4400058040098040118040218040418061C1863
:10C4500003F81801E0F800000000000000000001EF
:10C46000C0E003C0F0040008040808040808061827
:10C470000803F41801E7F00001E0000000000000EC
:10C48000000000000300000D00001100006100002A
:10C49000810803010807FFF80FFFF80001080001F9
:10C4A000080000000000000000E007FCD0060808BB
:10C4B000061008061008061008061838060FF006C1
:10C4C00007C0000000000000000000003F8001FFE6
:10C4D000E00384300208180410080410080410084F
:10C4E000071810030FF00007C00000000000000054
:10C4F000000003C0000700000600000600F8060761
:10C50000F806180006E00007000006000000000022
:10C5100000000001E1E003F7F006341004180804FD
:10C520001808040C08040C0806161803F3F001C1DF
:10C53000E000000000000000F80003FC30030638B3
:10C540000402080402080402080404100308F001AD
:10C55000FFC0007F0000000000000000000000009D
:10C5600000000000000000007038007038007038D3
:10C5700000000000000000000000000000000000BB
:10C58000000000000000000000000000301A003031
:10C590001C0000000000000000000000000000007F
:10C5A000000000000000000800001400002200004D
:10C5B00041000080800100400200200400100800BB
:10C5C0000800000000000000210000210000210000
:10C5D00000210000210000210000210000210000B6
:10C5E0002100002100000000000000000000080001
:10C5F000080400100200200100400080800041007B
:10C6000000220000140000080000000000000003E9
:10C61000C00004C000040000080038080F380808F3
:10C62000380810000C300007E00003C000000000D4
:10C63000000000003F8000FFE0038070020F100642
:10C64000708804C088048308047F8802C0900301B6
:10C650002000FE400000080000180001F8003E081D
:10C6600001C20007020007E20000FE00001FC80030
:10C6700001F800003800000804000807FFF807FF71
:10C68000F80408080408080408080408080618083C
:10C6900003F41801E7F00001E000000000000000D2
:10C6A0003F8001FFE00380700200180400080400CE
:10C6B000080400080400100600200780C0000000E5
:10C6C00004000807FFF807FFF80400080400080446
:10C6D000000804001802001003807001FFE0007FD2
:10C6E0008000000004000807FFF807FFF8040808AE
:10C6F000040808040808040808043E0804000806A2
:10C70000001801006000000004000807FFF807FFA0
:10C71000F8040808040800040800040800043E00A7
:10C72000060000060000018000000000000000007C
:10C730003F8001FFE0038070060018040008040237
:10C74000080402080203F00783F000020000020060
:10C7500004000807FFF807FFF804080800080000B5
:10C76000080000080000080004080807FFF807FF99
:10C77000F80400080000000000000400080400089D
:10C7800004000807FFF807FFF80400080400080485
:10C79000000800000000000000000000000600008B
:10C7A0000700000104000104000104000307FFFE6C
:10C7B00007FFFC0400000400000400000400080758
:10C7C000FFF807FFF8040C08001800003E0004C73B
:10C7D000800503C80600F8040038040018000008AB
:10C7E00004000807FFF807FFF8040008000008002D
:10C7F0000008000008000008000008000018000001
:10C800006000000004000807FFF807800807FC002C
:10C81000007FC00003F80007C00078000780080709
:10C82000FFF807FFF804000804000807FFF80700F6
:10C830000803C00000E000003800001E00000700F0
:10C840000001C00400F007FFF80400000000000031
:10C850007F8001FFE00380700600180400080400D8
:10C860000806001803003001FFE0007F8000000090
:10C8700004000807FFF807FFF80404080404000494
:10C880000400040400040400060C0003F80001F096
:10C8900000000000000000007F8001FFE0038070C6
:10C8A0000600880400880400C806003C03003E011E
:10C8B000FFE6007F8400000004000807FFF807FF80
:10C8C000F8040808040800040C00040F00040BC05E
:10C8D0000610F003F03801E0080000080000000135
:10C8E000E0F803F030063010041808041808040CAF
:10C8F00008040C080206180207F00781E000000097
:10C900000180000600000400000400000400080785
:10C91000FFF807FFF8040008040000040000060008
:10C920000001800004000007FFE007FFF00400188A
:10C9300000000800000800000800000800000804CB
:10C94000001007FFE004000004000006000007E0FC
:10C950000007FE00041FE00001F80000380001E0BD
:10C96000043E0007C00006000004000004000007A9
:10C97000E00007FFC0041FF80007C007F80007FF2A
:10C9800080043FF80007C004F8000700000400001E
:10C9900000000004000806001807C07805F1C80070
:10C9A0003E00001F800463E80780F80600180400BA
:10C9B0000800000004000006000007800007E008EF
:10C9C000047C08001FF80007F800180804E00807B6
:10C9D000000006000004000000000001000806003E
:10C9E000380400F80403E8040F08047C0805F00884
:10C9F00007C00807001804006000000000000000E5
:10CA000000000000000000000000003FFFFE2000CA
:10CA1000022000022000022000022000020000008C
:10CA200000000000000008000007000000C0000037
:10CA300038000006000001C000003000000E0000B9
:10CA400001000000000000000000200002200002A1
:10CA50002000022000022000023FFFFE0000000034
:10CA600000000000000000000000000000000000C6
:10CA7000000800001000003000002000003000001E
:10CA8000100000080000000000000000000001008D
:10CA90000001000001000001000001000001000091
:10CAA0000100000100000100000100000100000180
:10CAB0000000000000000000002000002000001026
:10CAC0000000100000000000000000000000000056
:10CAD000000000000000000000F00019F8001B1822
:10CAE000002208002608002408002410003FF80057
:10CAF0001FF800000800001800000004000007FFF5
:10CB0000F80FFFF000181800100800200800200897
:10CB1000003018001FF0000FC000000000000000EF
:10CB200007C0001FF0001830002008002008002077
:10CB300008003C08001C100000600000000000001D
:10CB40000000000007C0001FF00038180020080097
:10CB5000200800200804101007FFF80FFFF0000065
:10CB6000100000000000000000000007C0001FF0DF
:10CB700000123000221800220800220800320800AB
:10CB80001E10000E20000000000000002000002009
:10CB90000800200801FFF803FFF806200804200819
:10CBA000042008072000030000000000000000002F
:10CBB000000E000E6E001FF30031B10020B1002006
:10CBC000B1003191001F13002E1E00200E00300016
:10CBD00000000004000807FFF80FFFF8001008002D
:10CBE0002000002000002008003FF8001FF800008F
:10CBF00008000000000000000000002008002008DD
:10CC0000002008063FF8063FF80000080000080072
:10CC1000000800000000000000000000000000000C
:10CC200003000003002001002001002003063FFE56
:10CC3000063FFC00000000000000000000000004AF
:10CC4000000807FFF80FFFF8000188000300002F1D
:10CC5000C00038F80020380020080000080000005C
:10CC60000000000000000400080400080400080799
:10CC7000FFF80FFFF800000800000800000800009F
:10CC800000000000002008003FF8003FF8001008F6
:10CC9000002000003FF8003FF800100800200000CE
:10CCA0003FF8003FF8000008000000002008003FA7
:10CCB000F8003FF8001008001000002000002008D5
:10CCC000003FF8001FF8000008000000000000000E
:10CCD00007C0000FF00018300030080020080020C6
:10CCE00008003008001830000FF00007C0000000F6
:10CCF000000000002001003FFF003FFF0010110076
:10CD00002009002008002008003038001FF0000F24
:10CD1000C00000000000000007C0001FF00038182D
:10CD2000002008002008002009001011001FFF004B
:10CD30003FFF000001000000002008002008002044
:10CD400008003FF8003FF80008080010080020081D
:10CD50000020000030000030000000000000000053
:10CD60000000000C78001E18003308002308002182
:10CD7000080021880021980030F000386000000091
:10CD800000000000200000200000200000FFF00351
:10CD9000FFF80020080020080020080000300000F4
:10CDA00000000000000000002000003FF0007FF8BD
:10CDB000000018000008000008002010003FF800E4
:10CDC0007FF0000010000000000000002000003094
:10CDD00000003C00003F800023F00000780000705D
:10CDE000002380003C0000300000200000200000F4
:10CDF0003C00003FE00023F80000E0002700003E78
:10CE000000003FE00021F80001E0003E00002000AB
:10CE1000000000002008002008003838003E6800AC
:10CE200027800003C8002CF80038380020180020A4
:10CE300008000000000000002000003003003C015A
:10CE4000003F830023EC000070002380003C0000C2
:10CE5000200000200000000000000000000000385A
:10CE6000080020380020F80023E8002F88003E0842
:10CE700000380800201800007000000000000000CA
:10CE80000000000000000000000000000800001486
:10CE9000001FF7FC30000620000200000000000028
:10CEA0000000000000000000000000000000000082
:10CEB0000000FFFFFF000000000000000000000075
:10CEC000000000000000000000002000023000060A
:10CED0001FF7FC0014000008000000000000000024
:10CEE00000000000000000000000001800006000CA
:10CEF000004000004000002000001000000800007A
:10CF00000400000400000C00001000000F000000EE
:10CF10000F000000FF0000000F0000000F000000E5
:10CF20000F00000000000000000000001FC4000807
:10CF30008FC40008000000009DC800088200820025
:10CF40004A020000000001E001E0000000FF00557F
:10CF5000AAFF00112233445566778899AABBCCDD1D
:10CF6000EEFF000102030405060708090A0B0C0D79
:10CF70000E0F101112131415161718191A1B1C1D59
:10CF80001E1F202122232425262728292A2B2C2D49
:10CF90002E2F303132333435363738393A3B3C3D39
:10CFA0003E3F404142434445464748494A4B4C4D29
:10CFB0004E4F505152535455565758595A5B5C5D19
:10CFC0005E5F606162636465666768696A6B6C6D09
:10CFD0006E6F707172737475767778797A7B7C7DF9
:10CFE0007E7F808182838485868788898A8B8C8DE9
:10CFF0008E8F909192939495969798999A9B9C9DD9
:10D000009E9FA0A1A2A3A4A5A6A7A8A9AAABACADC8
:10D01000AEAFB0B1B2B3B4B5B6B7B8B9BABBBCBDB8
:10D02000BEBFC0C1C2C3C4C5C6C7C8C9CACBCCCDA8
:10D03000CECFD0D1D2D3D4D5D6D7D8D9DADBDCDD98
:10D04000DEDFE0E1E2E3E4E5E6E7E8E9EAEBECED88
:10D05000EEEFF0F1F2F3F4F5F6F7F8F9FAFBFCFD78
:10D06000FEFF808080818182828384858687898A91
:10D070008C8D8F91939597999B9EA0A2A5A7AAAD01
:10D08000AFB2B500FF1FFF1F01E001E0210020004B
:10D09000680069006B006A006C006D00620061004E
:10D0A0000000000028CF030841D90108000000005B
:10D0B0000000000000000000C300C300041C0000CA
:10D0C00028CF030815DB0108000000000000000065
:10D0D0000000000064202B000000000028CF03089F
:10D0E000CBDC010800000000000000000000000090
:10D0F0006420D1270000000028CF030843E6010880
:10D100009BE601080000000071FB01086420040197
:10D11000C00800008C0E0408970002080000000000
:10D120000000000000000000642032200104000024
:10D130004C170408A0170408B81704087817040847
:10D14000A4170408AC170408C0170408B017040893
:10D1500084170408981704089C170408D4170408B7
:10D16000441704086017040868170408A81704087F
:10D17000741704087C17040880170408581404085E
:10D18000881704088C17040860140408DC170408C6
:10D19000441704086417040854170408C417040843
:10D1A000BC17040870170408B41704086C170408A7
:10D1B0009417040890170408581704085017040817
:10D1C0005C17040844170408D8170408CC1704088F
:10D1D00048170408D0170408C8170408E017040803
:10D1E000950104020402040204020402040204027F
:10D1F00004020402040287009601030203020302F0
:10D2000003020302030203020302030287008102F6
:10D210008102010201020102010201020102010276
:10D220008102810281029201820006008200920145
:10D230004C170408241804083C180408F4170408C0
:10D24000281804083018040844180408341804087E
:10D25000041804081C18040820180408D41704082B
:10D26000441704084C180408E41704082C18040890
:10D27000F0170408F8170408FC170408001804083D
:10D28000081804080C18040810180408DC1704080F
:10D2900044170408641704085417040848180408BD
:10D2A00040180408EC17040838180408E8170408A4
:10D2B000181804081418040858170408501704080C
:10D2C0005C17040844170408D8170408CC1704088E
:10D2D00048170408D0170408C8170408E017040802
:10D2E000950104020402040204020402040204027E
:10D2F00004020402040287009601030203020302EF
:10D3000003020302030203020302030287008102F5
:10D310008102010201020102010201020102010275
:10D320008102810281029201820006008200920144
:10D330007C18040880180408841804088818040855
:10D340008C18040890180408941804089818040805
:10D350009C180408041A0408D41704084417040885
:10D360004C180408741804085417040878180408A2
:10D3700070180408A8180408601804085018040855
:10D38000B018040858180408A4180408AC180408B5
:10D3900044170408BC180408B41804085C180408EE
:10D3A000681804086C180408C4180408C81804088D
:10D3B000B8180408C0180408A01804085418040871
:10D3C0006418040844170408D8170408CC17040884
:10D3D00048170408D0170408C8170408E017040801
:10D3E0000102010201020102010201020102010225
:10D3F0000102010282009201010201020102010206
:10D400000102010201020102010201020102010204
:10D4100001020102010201020102010201020102F4
:10D4200001020102010292018200060082009201C3
:10D430007C1804088018040884180408D817040805
:10D4400044170408881804088C1804089018040865
:10D45000C817040844170408941804089818040806
:10D460009C180408D417040844170408CC180408AE
:10D47000041A040858170408CC170408D017040825
:10D48000E017040801000100010092010100010001
:10D4900001009201010001000100020001000100F1
:10D4A000010001000100000028CF03087B030208EF
:10D4B0000000000000000000DD0602080401040175
:10D4C0000104000028CF0308FF0C02080000000040
:10D4D00000000000190D02081A001A008002000066
:10D4E00028CF03080000000000000000000000003A
:10D4F00000000000C300040100000000700E0408DA
:10D50000000000000000000000000000000000001B
:10D510000000000000000000180F040800000000D8
:10D5200000000000000000000000000000000000FB
:10D530000000000028CF030899140208B51402085F
:10D5400000000000EF1B020800000000C003000004
:10D5500028CF0308000000000000000000000000C9
:10D56000000000000401D1278003000028CF030839
:10D5700000000000000000000000000000000000AB
:10D580006420D1274002000028CF030800000000DB
:10D590000000000000000000000000006420642083
:10D5A00040020000DC0F040879220208000000009D
:10D5B00000000000C3220208820000008107000072
:10D5C000380E040853240208000000000000000088
:10D5D00000000000000000000000000028CF030849
:10D5E000C92702080F290208000000006B29020861
:10D5F000642064200003000028CF0308472B0208A2
:10D60000000000000000000000000000000000001A
:10D610008002000028CF03087F2B020800000000D2
:10D620000000000000000000000000008002000078
:10D6300028CF030885420208000000000000000017
:10D640000000000064206420400200000EA0D90DFC
:10D6500090C80C80B70A60110B80D91F0991F0881F
:10D660001F0880F088000000000D203C00000F0023
:10D6700069002FFFFFFFF7015C11A610006900C3CE
:10D6800000008800D2009FFFFFFFF012C523E220B8
:10D6900000D203C00000F004B000000070000000E1
:10D6A0000E00000000E0000019EFEA300CD6E6A7FB
:10D6B00002F40E00001F80E000006FEF5000001623
:10D6C000FFE500000E0AF00100E05F13F85E6EB0A7
:10D6D00005CFFE9100000E0000000070000008DD84
:10D6E0003000A7004B02D004C0007700D01D2000FE
:10D6F0004B03D0A7000007DC34C4CC3000001D2D44
:10D7000022D00000A63B00B30005C03A00A3001DD4
:10D71000200D00D000A60004CC40004DFC300000DD
:10D72000F718C00001F205D00000BB6E4000005F9A
:10D73000F3000007E6DB03802F301DBAA05F000175
:10D74000DF401FB448FEC003BFFC40B20000000031
:10D75000001F01F01F00F0000003F10B900F404F7D
:10D76000007D009B00AA00AA009B007D004F000FD7
:10D77000400B9003F15E000E6008C004F001F3005E
:10D78000F500E600E600F501F304F008C00E605E67
:10D790000000930088A6C209FE404DDDB1429350BF
:10D7A000005200000450000008A0000008A0001F64
:10D7B000FFFFF30339B3300008A0000008A0000108
:10D7C00003F61E60E12C00000003FFF90333100094
:10D7D00003F52E4000000E400004E000009A000017
:10D7E0000E400004F000009A00000E400003F0001C
:10D7F000009A00000E500003F000009A00000E5046
:10D800000003F00000004CFE70004FB68F900DB08A
:10D81000005F32F40000E74F20000CA4F20000CAC1
:10D820002F40000E70DB0005F204FB68F90004CF06
:10D83000E700EFFB44CB00AB00AB00AB00AB00ABB1
:10D8400000AB00AB00AB07DFEA108E857EC00100A5
:10D8500006F1000006F000000D900000CC00001C56
:10D86000C00001DB00001DE544427FFFFFF97FFFA0
:10D87000FFF024445F900000BC000009E100003F7D
:10D88000D81000046DD0000002F4100002F4BD7541
:10D890007DD019DFEA1000000DA0000000AC0000F0
:10D8A0000007E10000004F40100002F600F5001DE7
:10D8B000A000F5007FFFFFFFF3133333F7300000C4
:10D8C00000F500000000F50009FFFFF00AB4444035
:10D8D0000C8000000E7000000FFFFC4003345CF26F
:10D8E000000000F7100000F78E856CF108DFFB30B8
:10D8F000002AEFD5003FD657400CC0000002F400CC
:10D9000000004F5BFFA104FE845DD03F80003F30EC
:10D91000E80003F206F845DC0005DFE9109FFFFF91
:10D92000FD9D4444E99C0004F200000BB000002F70
:10D93000400000AD000001F6000008E000000E808D
:10D9400000006F1000019EFE9100BE636EC00F606C
:10D95000006F00CC202BC002EFFFE200DC424CD075
:10D960005F20001F55F20002F50ED535DE001AEFDC
:10D97000EA1003BFEA202FA44BE18E0000E99D00CE
:10D9800000DD4F7129FF07FFFC9E000210AC000074
:10D9900002F607658FB00AEFD7002E53F50000009E
:10D9A0000000003F52E42E53F50000000000002E5E
:10D9B00052F60D21D001000000003100006CF20190
:10D9C0008ED6000FC300000AFB40000017EE700067
:10D9D0000005C3000000001FFFFFF30333333000D6
:10D9E000000000000000001FFFFFF303333330048A
:10D9F0000000000ED71000005CF92000002AF200A1
:10DA000003AFB106DE82001C6000000000000007CA
:10DA1000DFEA109E746EC0010006F0000009C0002D
:10DA2000008E200006F200000870000000000000D8
:10DA30000B8000000C900000006CEFDA4000003D0D
:10DA4000A41016D90001E509EE98CA900A80BD43DA
:10DA5000AFC0D30F13F2000CC0693C06D00007C062
:10DA60003B4B06D00007C02C3C03F2000CC04A0F11
:10DA700010BD439EE3C50A8009EE91CF9001E500F9
:10DA800000000000003DA41028000000007CEFD939
:10DA9000100000000CF1000000003FD70000000063
:10DAA000B96E00000002F20E50000009A007D0007D
:10DAB000001F3000F400007FFFFFFB0000E733335E
:10DAC0004F2005F000000C900C90000006F18FFF35
:10DAD000FEC408E3334BF28E00001F58E00018F13B
:10DAE0008FFFFFF808E33337F68E000009C8E00027
:10DAF000009D8E33347F78FFFFFD700007CFFB4021
:10DB000000CF966AF50AE20000301F600000004F67
:10DB1000200000004F200000001F600000000AE20B
:10DB200000003001CF966AF50007DFFB408FFFFE53
:10DB3000A4008E4446CF708E000007F38E000000D4
:10DB4000DA8E0000009D8E0000009D8E000000DA3D
:10DB50008E000007F38E4446BF708FFFFEA4008F37
:10DB6000FFFFF68E4444418E0000008E0000008FBF
:10DB7000FFFFC08E3333208E0000008E0000008E29
:10DB80004444428FFFFFF98FFFFFF68E4444418EDD
:10DB90000000008E0000008E0000008FFFFFC08E8E
:10DBA0003333208E0000008E0000008E0000000045
:10DBB00007CFFC5000CF966AF60AE20000201F60F3
:10DBC0000000004F200000004F200000B91F60003F
:10DBD00000B90AE30000B900CF966AF80007DFFC3D
:10DBE000608E000008E8E000008E8E000008E8E08B
:10DBF00000008E8FFFFFFFE8E333339E8E000008A6
:10DC0000E8E000008E8E000008E8E000008E8E8EB6
:10DC10008E8E8E8E8E8E8E8E02FFFFC00444BC00D0
:10DC20000009C000009C000009C000009C00000921
:10DC3000C02000BA0EB58F603CFE808E00004F50B1
:10DC40008E0004F6008E003F70008E03F800008EF8
:10DC50002EC000008EECF600008FB07F30008E00EA
:10DC60000AE1008E0000CC008E00001EA08E000095
:10DC7000008E0000008E0000008E0000008E00006C
:10DC8000008E0000008E0000008E0000008E4444D4
:10DC9000408FFFFFF28E00000008E8F7000002FE50
:10DCA0008FF10000BFE8DCA0004F9E8D2F300D8764
:10DCB000E8D09C06E07E8D01E7E507E8D006FC0091
:10DCC0007E8D000A2007E8D00000007E8E1000083C
:10DCD000E8FC00008E8FF90008E8E6F6008E8E0959
:10DCE000F308E8E00CE18E8E001EB8E8E0003FEE9D
:10DCF0008E00006FE8E00000AE0007CFEB500000A0
:10DD0000CF966BF9000AE200005F601F6000000A16
:10DD1000D04F20000006F04F20000006F01F6000EA
:10DD2000000AD00AE200005F6000CF966BFA0000A4
:10DD300007DFEB50008FFFFD7008E4458FB08E00C9
:10DD4000005F38E00001F58E00003F48E0014DD053
:10DD50008FFFFFB208E33310008E00000008E000E0
:10DD600000000007CFEB500000CF966BF9000AE2ED
:10DD700000005F601F6000000AD04F20000006F026
:10DD80004F20000005F01F6000000AD00AE20000EA
:10DD90005F6001DF855AFA000008DFFC50000000D8
:10DDA00001EC21940000001BFFC1000000001200E4
:10DDB0008FFFFD7008E4458FB08E00005F38E000F3
:10DDC00001F58E00003F38E0014DD08FFFFFC20803
:10DDD000E333DA008E0002F608E00005F3019EFD51
:10DDE000A200CE646B702F40000001F80000000616
:10DDF000FD950000016AEE500000009F0020000524
:10DE0000F13FA547EB004BEFE910FFFFFFFF244474
:10DE1000BD44400009C00000009C00000009C00093
:10DE200000009C00000009C00000009C00000009E8
:10DE3000C00000009C00009C00000BA9C00000BABC
:10DE40009C00000BA9C00000BA9C00000BA9C000F8
:10DE500000BA8E00000D94F40003F50CF868FD0084
:10DE600009EFE9100CB000000AC05F200001F500C6
:10DE7000E900008E0008F0000E70001F6005F10040
:10DE800000AD00C9000003F43F3000000CBAC00030
:10DE900000005FF500000000EE00006F10000DB004
:10DEA0000002F21F60003FF10008D00BB0008BE6CB
:10DEB000000D7006F000E69B002F2001F503F14FE6
:10DEC000108D0000CA09B00E60D800006F0E600906
:10DED000B2F300001F9F1004F9D000000CFB0000FB
:10DEE000EF80000007F600009F30003F50000DA0BB
:10DEF00008F2009D0000CC04F300002F9E7000008B
:10DF000006FC00000009FE1000004F4DB00001E8C3
:10DF100002F7000BD0007F207F20000BD00CB00058
:10DF2000009C002F50002F30009E000C900000E855
:10DF300005F1000005F3E60000000CFD0000000004
:10DF40003F4000000002F3000000002F30000000FE
:10DF500002F300004FFFFFFF9144444AF300000327
:10DF6000F6000001EA000000CC0000009E10000056
:10DF70006F4000003F7000001ED4444436FFFFFF96
:10DF8000FC8FF68D318D008D008D008D008D008D04
:10DF9000008D008D008D008D008D318FF65D0000AD
:10DFA00000F200000B8000006D000001F200000B89
:10DFB0008000006D000001F200000B7000006D0099
:10DFC0000001F200000B7000006D000001F2BFF3D1
:10DFD00025F302F302F302F302F302F302F302F376
:10DFE00002F302F302F325F3BFF300AD00001EC4F9
:10DFF000000885A000E20E105B00970B5002E0EED7
:10E00000EEEEE00BC00009B004CFEA100B745DB077
:10E01000000004F004CEEEF21F8214F24F1004F25E
:10E020001F703DF204DFD7F2BA000000BA00000012
:10E03000BA000000BA8EFC30BFD54BF3BE1000CA48
:10E04000BA00007EBA00007EBE1000CABFD55BF3E6
:10E05000B98EFC30007DFD6009F748F42F50002098
:10E060005F0000005F0000002F50002009F748F417
:10E07000007DFD600000001F40000001F400000072
:10E080001F4008EFC4F40AF748FF42F50007F45FA9
:10E0900000002F45F00001F42F50006F40AE637E6A
:10E0A000F4008EFC4F40008EFC400AD538F42F203F
:10E0B000008C5FEEEEFF5F2111112F70001009F848
:10E0C00046E4007DFE80009EE305F44108C000CFD9
:10E0D000FFF029D32008D00008D00008D00008D0D5
:10E0E0000008D00008D000007EFC4E60AF747FF6C0
:10E0F0002F50005F65F00000F65F00000F62F60031
:10E1000006F609F747FF5007EFC4F50000003F206F
:10E11000CB646EB003AEFD8000BA000000BA000010
:10E1200000BA000000BA8EFB20BFC56DD0BE000350
:10E13000F2BA0000F4BA0000F5BA0000F5BA000027
:10E14000F5BA0000F5BAA800BABABABABABABABAF9
:10E15000000AB0009900000000AB000AB000AB005C
:10E160000AB000AB000AB000AB000AB000AA064E2D
:10E1700071DFA0BA000000BA000000BA000000BAC7
:10E18000001CC0BA01CC00BA1CD100BBCF6000BFDC
:10E19000DBE100BD11DC00BA003F70BA0007F3BA42
:10E1A000BABABABABABABABABABAB99EFA15DFD412
:10E1B0000BFB45EDE64AF2BE0006F6000E7BA00022
:10E1C0004F2000C9BA0003F1000C9BA0003F1000D3
:10E1D000C9BA0003F1000C9BA0003F1000C9B99E12
:10E1E000FB20BFB45DD0BE0003F2BA0000F4BA0059
:10E1F00000F5BA0000F5BA0000F5BA0000F5007DA0
:10E20000FD60009F748F702F50007F05F00001F3B8
:10E210005F00002F32F50007F009F748F70007DF2D
:10E22000D600B98EFC30BFC43AF3BE1000CABA00A3
:10E23000007EBA00007EBE1000CABFD55BF3BA7E76
:10E24000FC30BA000000BA000000BA000000008EE6
:10E25000FC3F40AF748EF42F50007F45F00001F476
:10E260005F00002F42F50007F40AF748FF4008EF6F
:10E27000C4F40000001F40000001F40000001F4033
:10E28000B98E4BFD71BE100BB000BA000BA000BAE6
:10E29000000BA00005DFEA13F735A06F000001EEC8
:10E2A0009610016AEF300000D96C646F62AEFD70A9
:10E2B00008D00008D000CFFFF029D32008D00008F4
:10E2C000D00008D00008D00005F551009FE3C80039
:10E2D00002F3C80002F3C80002F3C80002F3C90049
:10E2E00003F3AB0007F35F837EF306DFC5F30D9006
:10E2F000000AA06E0001F300F5007D0009C00E6069
:10E30000003F24F00000C8B9000006FF3000000FF5
:10E31000C000C80006F1000D56D000CF6003F01F0A
:10E32000302F9C009A00B807B2F10E4005E0D60CE1
:10E3300074E0000F6F007C990000AFA001FF400067
:10E3400005F4000BE0004F3007E109D02F4000D961
:10E35000D900003FD000004FE10001E7BB000BB047
:10E360001E707E1005F30D90000AA06F0001F300EF
:10E37000F6007D0009C00D60002F34F00000C9A92F
:10E38000000005FF2000000EC0000000E500009422
:10E39000AD00001BFC2000005FFFFFA13337F4003D
:10E3A00001E70000CB00008E10004F40001EA33399
:10E3B00026FFFFFC006EA00F9201F4001F4001F445
:10E3C000003F303FC0006F3001F4001F4001F400F7
:10E3D0001F4000FA2005EA8B8B8B8B8B8B8B8B8BF2
:10E3E0008B8B8B8B8BBE5002AE0005F0005F00055F
:10E3F000F0004F1000DF104F5005F0005F0005F0F7
:10E40000005F002AE00BE40007EC40B41E25DFC0EB
:10E410000100000004CC302B01C05700932B01C039
:10E4200005CC3006A10FF60BE20000000000000052
:10E430000000000000027BFB000000049DFFFFD0F5
:10E440000003AFFFFFFFFD0000AFFFFFFFDFD000C5
:10E450000AFFFFB610ED0000AF9400000ED0000AD6
:10E46000F1000000ED0000AF1000000ED0000AF136
:10E47000000045FD0000AF1001EFFFD0179DF10037
:10E480005FFFFC0EFFFF1000AFFD31FFFFE000005B
:10E49000010003BDA3000000000050188888888494
:10E4A00005FABFDDDDDDFDAFE47F100000CA4EE000
:10E4B0004F100000C80EFEEF100000CFEFE03FEE5F
:10E4C000EEEEF80EF68F766666EB6FF8AF10000092
:10E4D000CC8FE03F100000C80EFCDF655555EECF35
:10E4E000C25FFFFFFFF92C57750577777775FFFF40
:10E4F0001FFFFFFFFFFFFF2FFFFFFFFFEFFF0EFFDD
:10E50000FFFFFE01100011111110EFFE0EFFFFFFC3
:10E51000FEFFFF2FFFFFFFFFFFFF1FFFFFFFFF6853
:10E5200087078888888668870788888886FFFF1F0E
:10E53000FFFFFFFFFFFF2FFFFFFFFFDFFD0DFFFFCF
:10E54000FFFD0000000000015000000000001DF869
:10E550000000000001DFFD000000001DFFE22D6053
:10E560000001DFFE20DFF7001DFFE2008FFF71DFFB
:10E57000FE200008FFFEFFE20000008FFFFE2000EB
:10E58000000008FFE200000000007D200000000005
:10E59000000000007F60000BE2EFF600BFF84FFFC5
:10E5A0006BFFD104FFFFFD10005FFFE10000BFFF24
:10E5B000F6000BFFDFFF60BFFD14FFF5CFD1004F6A
:10E5C000F6171000036000000011000000000000BA
:10E5D000FF000000006F21FF12F70006FF61FF1629
:10E5E000FF601FF901FF109FF16FE001FF100EF6B1
:10E5F000AF8001FF1008FACF6001FF1006FCAF806A
:10E6000000AA0008FB7FD00000000DF71FF80000F3
:10E61000008FF107FF91002AFF70009FFFEEFFF9C6
:10E62000000005CFFFFD5000000002442000000064
:10E6300000000000000000000AFFA0000000000C25
:10E64000FFC0000003D6DFFFFD6D300EFFFFFFFFB0
:10E65000FFE05FFFFFAAFFFFF51AFFF4004FFFA1E5
:10E6600003FFD0000DFF3004FFF0000FFF404FFF0D
:10E67000FB22BFFFF42FFFFFFFFFFFF209FEFFFFAA
:10E68000FFEF9000505EFFE5050000000CFFC000AA
:10E690000000000477400000000000031003410068
:10E6A0000000009FF50DF50000001BFDFF8DF5003B
:10E6B0000002DFB12DFFF500004FF83EC2BFF500AC
:10E6C00007FF55FFFE39FE409FE38FFFFFF56FF612
:10E6D000AC2AFFFFFFFF73E6005FFFFFFFFFF100C3
:10E6E000006FFFD77FFFF200006FFF900DFFF20079
:10E6F000006FFF900DFFF200004FFF700BFFE10075
:10E700000000003300000000000BFFB0000000001C
:10E710000CFFC0000000000CFFC0000000000CFF58
:10E72000C0000000000CFFC00000008FFFFFFFF8DA
:10E7300000002EFFFFFFE2000002EFFFFE200000BE
:10E74000002DFFE20000799982DE289997FFFFFBF8
:10E7500022BFFFFFFFFFFFFFFFFFFFFFFFFFFFFAEB
:10E76000B3CFACCCCCCCCCCCCA0006BBBBBBBA3094
:10E7700000004FFFFFFFFFE10000EF30000006FB4D
:10E780000009F800000000CF504FD0000000002F1B
:10E79000E1DF84420000344BF9FFFFFD0001FFFF81
:10E7A000FBFFFFFF988BFFFFFCFFFFFFFFFFFFFF5B
:10E7B000FCFFFFFFFFFFFFFFFB9FFFFFFFFFFFFFD0
:10E7C000F60000000000003300018DFFC600EF00DE
:10E7D0004EFFFFFFE4DF04FFB3004CFFFF0EF90024
:10E7E00000008FFF6FC00001FFFFFF8E500001DEB1
:10E7F000EEED0000000000000022222200000021B7
:10E80000FFFFFF100008F8FFFBBC10001EF4FFFC28
:10E81000100001DFC0FEEFE8448EFE10FE1AFFFF7D
:10E82000FFC100FD0028BB94000000000270000240
:10E83000EF0002EFFDFFFFFFFFFFFFFFFFFFFFFF06
:10E84000FFFFFFFFFFFF3447FFF00005FF0000055B
:10E85000C00000000000027000000002EF00000095
:10E8600002EFF0000DFFFFFF0220FFFFFFF08E1F01
:10E87000FFFFFF00E7FFFFFFF03F5FFFFFFF089094
:10E880003447FFF000000005FF0000000005C00055
:10E890000000000000000000000000077000000001
:10E8A00002700005FA0000002EF000814F600002A7
:10E8B000EFF001DD07F0DFFFFFF0321E80F6FFFF13
:10E8C000FFF08E27E0B9FFFFFFF00E73F19BFFFF13
:10E8D000FFF03F54F09AFFFFFFF0890AC0D8344799
:10E8E000FFF0007F43F300005FF002F60CB0000081
:10E8F00005C00000BF10000000000009E300000098
:10E9000000000002100037888888888873EFFFFFB6
:10E91000FFFFFFFEFE32DFFFFFFFFFF9007FFFFD7D
:10E92000FFFFFD10CFFFA07FFFFFFFFFFA0007FFF3
:10E93000FFF35FA00000CFFF3003000000CFFC001A
:10E9400000000000CFFFCCCCCCCCCCFFAFFFFFFF52
:10E95000FFFFF900002000000001FA00000006FFA0
:10E960001000000DFF7000006FFFF10001EFFFFAD3
:10E97000000BFFFFFF605FFFFFFFE0CFFFFFFFF631
:10E98000FEBFFFFFF9FD4FFFFFF9BF49FFFFF53F56
:10E99000E52EFFD006FFFFFD200028BA60000430FE
:10E9A0000000311FE00006F91FE0007FFA1FE009B8
:10E9B000FFFA1FE0AFFFFA1FEBFFFFFA1FFFFFFF99
:10E9C000FA1FFFFFFFFA1FE6FFFFFA1FE05FFFFAE3
:10E9D0001FE004FFFA1FE0003EFA0FD00002D7004C
:10E9E000000000000200000000000CFB20000000FE
:10E9F00000FFFF900000000FFFFFE6000000FFFF98
:10EA0000FFFC30000FFFFFFFFF9100FFFFFFFFFF44
:10EA1000E60FFFFFFFFFFFF2FFFFFFFFFFFD0FFF0E
:10EA2000FFFFFFF800FFFFFFFFB2000FFFFFFD40F9
:10EA30000000FFFFF70000000FFFA1000000006AC8
:10EA40004000000000001444200144420DFFFF106C
:10EA5000DFFFF1FFFFF30FFFFF3FFFFF40FFFFF47A
:10EA6000FFFFF40FFFFF4FFFFF40FFFFF4FFFFF436
:10EA70000FFFFF4FFFFF40FFFFF4FFFFF40FFFFF0B
:10EA80004FFFFF40FFFFF4FFFFF40FFFFF4FFFFFBB
:10EA900030FFFFF39FFFC009FFFC001444444444CF
:10EAA000420DFFFFFFFFFFF1FFFFFFFFFFFF3FFFF3
:10EAB000FFFFFFFFF4FFFFFFFFFFFF4FFFFFFFFF21
:10EAC000FFF4FFFFFFFFFFFF4FFFFFFFFFFFF4FF1C
:10EAD000FFFFFFFFFF4FFFFFFFFFFFF4FFFFFFFF01
:10EAE000FFFF4FFFFFFFFFFFF39FFFFFFFFFFC0054
:10EAF00002100000420FE20003FB0FFE3004FB0F88
:10EB0000FFF404FB0FFFFF54FB0FFFFFFAFB0FFFA7
:10EB1000FFFFFB0FFFFFFFFB0FFFFFD6FB0FFFFD0C
:10EB200014FB0FFFC104FB0FFB0004FB0CA0000350
:10EB3000FA000000000000000012000000000003C6
:10EB4000FF60000000002EFFF500000001EFFFFF56
:10EB50004000001DFFFFFFF30000CFFFFFFFFE207E
:10EB60000AFFFFFFFFFFE00EFFFFFFFFFFF2039929
:10EB70009999999950058888888888700FFFFFFFB8
:10EB8000FFFFF30FFFFFFFFFFFF40BFFFFFFFFFF90
:10EB9000D1000000000000003F9000003FFC00009A
:10EBA0003FFD10003FFD10003FFD10001FFD100055
:10EBB00000CFF4000000CFF4000000CFF40000000C
:10EBC000CFF4000000CFE0000000A400000000002F
:10EBD00000CD1000001FFD1000003FFD1000003FA1
:10EBE000FD1000003FFD1000003FFD000008FF90F9
:10EBF0000008FF900008FF900008FF900002FF90BF
:10EC00000000078000000000000450000000000227
:10EC1000FF60000000003FF70000000003FF7000ED
:10EC20000000003FF7000006999AFFC99980FFFF96
:10EC3000FFFFFFFF3DFFFFFFFFFFF201113FF71155
:10EC400010000003FF70000000003FF7000000000C
:10EC500003FF70000000000CD3000000699999992F
:10EC600099980FFFFFFFFFFFF3DFFFFFFFFFFF207C
:10EC700000000000000000000156640000000003D6
:10EC8000BFFEEFF91000007FFA1003DFE40008FF79
:10EC9000A009B41EFF504FFF200BFF26FFE1EFFF3E
:10ECA00009CFFF63FFFABFFF09FFFF54FFF61EFF06
:10ECB00051DFFB09FFB003EFE204305FFC10002CD2
:10ECC000FF956AFF9000000049DFFD920000000000
:10ECD00000000000000000CD200000000000000047
:10ECE0008FF50014664000000004EFACFFEFFF91C9
:10ECF0000000001CFFA1004DFE300000009FF5AB9E
:10ED000031EFF40007B105FFFFE17FFE100FFE3089
:10ED10002DFFF54FFF900CFFE000AFF65FFF6002A4
:10ED2000FFF40006FFEFFB00004FFD10003EFFC0A8
:10ED3000000002DFE85401BFE300000005AEFF6001
:10ED400007FF60000000000000004EF60000000019
:10ED500000000001A1000000000000000000000011
:10ED6000003ED00000000000000CFF80000000000A
:10ED70000006FFFF200000000000EFFFFB00000086
:10ED800000008FFCCFF4000000002FFB00FFD0003C
:10ED900000000BFFC00FFF70000004FFFD01FFFF2C
:10EDA000100000DFFFE02FFFFA00007FFFFF9BFF56
:10EDB000FFF3001FFFFFB00EFFFFC00AFFFFFE249E
:10EDC000FFFFFF60FFFFFFFFFFFFFFFA06CCCCCC89
:10EDD000CCCCCCCB3000000000003600000000009E
:10EDE000007F80DDDB00008DEFF8FFFFB007FFFF45
:10EDF000FD556FF46FF8AFE2000574FF907E2000C0
:10EE0000003FFA0000000002EFB2504A00012EFD60
:10EE10001DF48FB0FFFFD10BFFFFFBFFFE2000CFE3
:10EE2000FFFB12210000029FC000000000005B00F9
:10EE3000000007A00000000008FFB000000008FF6D
:10EE4000FFB0000008FF95FFB00008FF9005FFB07D
:10EE500007FF900005FFB09F90000005FD004000F7
:10EE6000000003104C20000000B60BFE200000CF75
:10EE7000F02EFE2000CFF4002EFE20CFF400002E56
:10EE8000FECFF40000002EFFF4000000002EF4007E
:10EE90000000000013000000000830000000000027
:10EEA0000000BFF308BBBBBB90000BFFFF39FFFFA7
:10EEB000FFF1008FCFCFF000000AF100382F9480CF
:10EEC00000000AF100002F900000000AF100002F5E
:10EED000900000030AF130002F9000001FCBF8F8DB
:10EEE000002FEBBBBB39FFFFE2001FFFFFFFB09F0E
:10EEF000FD2000000000000008D1003788870000D6
:10EF00000000EFFFFFA0000000FFFFFFFDCCCCB62C
:10EF1000FFFFFFFFFFFFFFFFFFFFFFFFFFFFFFFF01
:10EF2000FFFFFFFFFFFFFFFFFFFFFFFFFFFFFFFFF1
:10EF3000FFFFFFFFFFFFFFFFFFFFFFFFFFFFFFFFE1
:10EF4000FFAFFFFFFFFFFFF900000000000000001F
:10EF50000001DD10000000001DFFD100000001DFF6
:10EF6000FFFD1000001DFFFFFFD100009FFFFFFF0E
:10EF7000F90000011CFFC1100000000CFFC00000E0
:10EF800000000CFFC0000000000CFFC000007999D9
:10EF90003BFFB39997FFFFB2442BFFFFFFFFFEDD5E
:10EFA000EFFFFFFFFFFFFFFAB3CFACCCCCCCCCCC54
:10EFB000CA00000000000200000000000004FFC7BB
:10EFC0000000000000AFFFF0000000001FFFFD0088
:10EFD00000000006FFFFC00000000008FFF700006F
:10EFE0000000000CFF300000000004FFC000000023
:10EFF0000001EFF300004A3002DFF80005DFFE15E4
:10F00000EFFB0000EFFFFFFFFA00000BFFFFFFF731
:10F010000000007FFFFFA200000002BA8500000090
:10F02000000004860000001006FFFA0002DFD1EFA6
:10F030003CF101DFFA0EE0AF21DFFA009FEFF6DFCF
:10F04000FA00008DFFFFFB00000006FFFD0000003E
:10F0500048EFFFF600006FFFFBFFF6000EF3CF2333
:10F06000FFF600EE0AF204FFF609FEFC0004FFF1D1
:10F0700008DA100002620000000000000000006FCB
:10F08000FFF987000008FFFF98F708A68FFFF959DE
:10F0900090FFA8FFFFFCCC0FFA8FFFFFFFF1FFA846
:10F0A000FFFFFFFF1FFA8FFFFFFFF1FFA8FFFFFF2A
:10F0B000FF1FFA8FFFFFFFF1FFA8FFFFFFFF1FFAFF
:10F0C0007FFFFFFFF0FFE3122222210FFFFFFFF976
:10F0D0000000ACCCCCCB5000004999999995000E1A
:10F0E000FFFFFFFFF600FD2222224FF60FC00000B7
:10F0F00001FFF3FC0000001FFF6FC0000002FFF6DD
:10F10000FFFFFFFFFFFF6FFFFFDCFFFFF6FFFFB01A
:10F1100005FFFF6FFFF6000FFFF6FFFFC006FFFFC2
:10F120006FFFFFEDFFFFF69FFFFFFFFFFD10CDDD3F
:10F13000DDDDDDDD2FFFFFFFFFFFF31222222222A4
:10F1400022000000000000000000000000000FFF8F
:10F15000FFFFFFFFF3DEEEEEEEEEEE20000000001C
:10F1600000000000000000000DEEEEEEEEEEE2FF0B
:10F17000FFFFFFFFFF300000000000003788888895
:10F18000888873EFFFFFFFFFFFFEEFFFFFFFFFFF2A
:10F19000FE1CFFFFFFFFFFC1D28FFFFFFFF82DFF17
:10F1A00064EFFFFE45FFFFFA2BFFB2AFFFFFFFD377
:10F1B000553DFFFFFFFFFFBBFFFFFFFFFFFFFFFF0F
:10F1C000FFFFAFFFFFFFFFFFF9000000000001FF9E
:10F1D000FFF00004FFFFD00006FFFF800008FFFFE4
:10F1E00030000AFFFFAAA60CFFFFFFF80EFFFFFF8B
:10F1F000E10BDDDFFF6000004FFD0000007FF3004A
:10F200000000BFA0000000FF10000003F800000095
:10F2100003C000000000200000000455EFB55200BC
:10F2200000FFFD1FFFB0000FFFFFFFFC0000FFFF0E
:10F23000533320000FFF97FFFB5700FFF8AFFFC6C7
:10F24000F80FFF8AFFFC4AA1FFF8AFFFE3220FFF90
:10F250008AFFFFFFF4FFF8AFFFFFFF4FFF8AFFFFBA
:10F26000FFF43552AFFFFFFF40000AFFFFFFF4003D
:10F27000007FFFFFFE20000001100000000000AF33
:10F2800000000000018FFA30000002EFFFFF500085
:10F2900000BFFFFFFF10001FFFFFFFF50003FFFF90
:10F2A000FFFF70005FFFFFFFF90008FFFFFFFFC0D7
:10F2B00000DFFFFFFFFF209FFFFFFFFFFD0EFFFFAF
:10F2C000FFFFFFF2022222222221000008FFC000DD
:10F2D00000000009A20000005BBBBBBBBBBBBBA323
:10F2E000FFFFFFFFFFFFFFFBFC0C30E11D0D11FCDA
:10F2F000FC0B30E01D0D10FCFFFEFFEFFEFEEFFCEF
:10F30000FFF15A0870A05FFCFFF37B2992C27FFCDB
:10F31000FFBFCBBBBBBFCBFCFC0B2000000D00FC38
:10F32000FFCFCCCCCCCFCCFB9FFFFFFFFFFFFFF686
:10F330000000000000000200000000000005DFB037
:10F340000000000007EFFFD000000018FFFFFF7073
:10F35000000029FFFFFFFF00003BFFFFFFFFF80059
:10F360000AFFFFFFFFFFF1000FFFFFFFFFFFA000FD
:10F37000049AAAAFFFFF20000000000EFFFB000070
:10F380000000000EFFF400000000000EFFC00000AF
:10F390000000000EFF5000000000000DFD00000006
:10F3A00000000004B300000035555502000FFFFFB8
:10F3B000F2F400FFFFFF2FF40FFFFFF2FFF3FFFF58
:10F3C000FF32221FFFFFFFFFF7FFFFFFFFFF8FFF4F
:10F3D000FFFFFFF8FFFFFFFFFF8FFFFFFFFFF8FFBB
:10F3E000FFFFFFFF8FFFFFFFFFF8FFFFFFFFFF8F14
:10F3F000FFFFFFFFF88AAAAAAAAA3000000024553E
:10F40000310000000003AFFFFFFFC7000002BFFF95
:10F41000FEDEFFFFF6005FFFB51000038EFFB0DFDA
:10F42000D300000000008FF5180005AEFEC81004E0
:10F43000600002DFFFFFFFF80000000CFF95347D45
:10F44000FF40000002A20000007700000000000260
:10F4500096000000000000000DFF500000000000BA
:10F46000000EFF6000000000000005DA0000000050
:10F470005BBBBBBBBBBBBBBA20FFFFFFFFFFFFFFFC
:10F48000FF90FC1222222222220FF7FC5FFFFFFFD7
:10F49000FFFF2CFAFC5FFFFFFFFFFF21FAFC5FFF7D
:10F4A000FFFFFFFF27FAFC2666666666661FFAFE08
:10F4B000BBBBBBBBBBBBBFB1AFFFFFFFFFFFFFFFD2
:10F4C000500000000000000000005BBBBBBBBBBBEA
:10F4D000BBBA20FFFFFFFFFFFFFFFF90FC122222BD
:10F4E0002221000FF7FC5FFFFFFFF8000CFAFC5F22
:10F4F000FFFFFFF80001FAFC5FFFFFFFF80007FACB
:10F50000FC2666666663000FFAFEBBBBBBBBBBBBDB
:10F51000BFB1AFFFFFFFFFFFFFFF50000000000083
:10F52000000000005BBBBBBBBBBBBBBA20FFFFFF47
:10F53000FFFFFFFFFF90FC1222221000000FF7FCDC
:10F540005FFFFFD000000CFAFC5FFFFFD00000015E
:10F55000FAFC5FFFFFD0000007FAFC266666500049
:10F56000000FFAFEBBBBBBBBBBBBBFB1AFFFFFFF16
:10F57000FFFFFFFF500000000000000000005BBB29
:10F58000BBBBBBBBBBBA20FFFFFFFFFFFFFFFF9072
:10F59000FC1222000000000FF7FC5FFF30000000AB
:10F5A0000CFAFC5FFF3000000001FAFC5FFF300046
:10F5B000000007FAFC2666100000000FFAFEBBBB35
:10F5C000BBBBBBBBBFB1AFFFFFFFFFFFFFFF5000E7
:10F5D00000000000000000005BBBBBBBBBBBBBBAB4
:10F5E00020FFFFFFFFFFFFFFFF90FC000000000077
:10F5F000000FF7FC0000000000000CFAFC00000007
:10F6000000000001FAFC00000000000007FAFC0006
:10F6100000000000000FFAFEBBBBBBBBBBBBBFB111
:10F62000AFFFFFFFFFFFFFFF5000000000000000E2
:10F6300000000000000007B20000000000000ADF28
:10F64000FA000000000000A93DF50000000440029F
:10F65000E00010000000AFF80B600000006C30FF0D
:10F66000FFFFFFFFFFFFFFF4AFF9000C5000006D3C
:10F670004005500004C00000100000000000C43E1F
:10F68000E80000000000002EEFFA0000000000007B
:10F69000004FFA0000000000000000000000000021
:10F6A000011000000007EFFFB30000AFFD8FFF2047
:10F6B00004FFFD09FFB00AFEFD12AFF00EF55D2C50
:10F6C0000EF30FFF33129FF50FFFF307FFF60FFF47
:10F6D000E206FFF60FFE24137FF50DF57D2C0DF3EA
:10F6E0000AFFFD11BFF003FFFE0BFFA0007FFEBF6E
:10F6F000FE100003ACDC810000003443000005660E
:10F700007FFFF96650FFFFFFFFFFFF356666666605
:10F7100066501CCCCCCCCCC402FFFFFFFFFF602F97
:10F72000F3FB7F6DF602FF2FB7F5DF602FF2FB7F53
:10F730005DF602FF2FB7F5DF602FF2FB7F5DF6026B
:10F74000FF2FB7F5DF602FF3FB7F6DF601FFFFFFA3
:10F75000FFFF5007BCCCCCCC9000000000000001A3
:10F7600020000000000004FF500000000002FFFF26
:10F77000500000000439FFFE00000004FF39FFA024
:10F78000000004FFFF39B0000004FFFFFF2000006D
:10F7900004FFFFFFB0000004FFFFFFB0000004FF04
:10F7A000FFFFB0000004FFFFFFB0000000BFFFFF3D
:10F7B000B00000000DFFFFB000000000FFFFB00030
:10F7C00000000009A8600000000000000017888801
:10F7D000888887400002EFFFFFFFFFFFF4003EFF35
:10F7E000FFCFFFCFFFF703EFFFF908F809FFF83E5F
:10F7F000FFFFFE20402EFFF8DFFFFFFFE101EFFFDC
:10F80000F89FFFFFFF80008FFFF809FFFFF902C29A
:10F8100009FFF8009FFFFE4EFE4EFFF80009FFFFB4
:10F82000FFFFFFFFF700008FFFFFFFFFFFC100009A
:10F830000000000003EFFFFFE203FBFBCEBFA4FFCD
:10F840001D03A1FAFFF1D03A1FAFFFFFFFFFFAFF40
:10F85000FFFFFFFFAFFFFFFFFFFAFFFFFFFFFFAF5D
:10F86000FFFFFFFFFAFFFFFFFFFFAFFFFFFFFFFA02
:10F87000FFFFFFFFFFADFFFFFFFFF829AAAAAAA81D
:10F88000000000000000000300000000000004F180
:10F89000000820000001FF100BF70000002FF10C02
:10F8A000FF94444445FF1BFFFFFFFFFFFFF18FFF65
:10F8B000FFFFFFFFFD007FF70000000000006F600A
:10F8C0000000000000003000000000000000000008
:10F8D000000000000000C003000000000000C003A2
:10F8E000030A00000F008005050500051C00D00973
:10F8F0000A0A00004E00B008090F00FE9200D00B6B
:10F900000C0A0000CE00A0090A0B00FF0501F0025E
:10F91000030500050D01B004040E01FD2901C0041A
:10F92000040E00FD4501A00506060005570120084C
:10F930000807000273013003030500FE7B01600528
:10F940000503000383013003030300008801F00472
:10F95000070EFFFFB9015009090A0000E601300552
:10F96000040A0000FA011008080A00002202000838
:10F97000080A00004A0260090A0A00007C02100816
:10F98000080A0000A402A008090A0000D1026008C9
:10F99000080A0000F9020009090A00002603A0086D
:10F9A000080A00004E033003030800005A03300326
:10F9B000030B00FD6B032008080800018B032008DF
:10F9C00008060002A303200808080001C30300087A
:10F9D000080A0000EB03800E0E0D00FD4604400AED
:10F9E0000C0AFF008204A00A090A0100AF04200AE1
:10F9F0000A0A0000E104900B0A0A010013056009DD
:10FA0000080A01003B05E008080A01006305D00A66
:10FA10000A0A00009505600B090A0100C20550049E
:10FA2000020A0100CC053007070AFF00EF05100AA3
:10FA30000A0A010021065008080A01004906600D63
:10FA40000B0A01008006600B090A0100AD06C00B1D
:10FA50000C0A0000E906200A090A01001607C00B7B
:10FA60000C0D00FD6407300A090A01009107B00877
:10FA7000090A0000BE073008090A0000EB07100B56
:10FA8000090A01001808F0090B0AFF004F08C00F0F
:10FA9000100A00009F0870090A0A0000D108100926
:10FAA0000B0AFF0008093009090A00003509B004F3
:10FAB000040E01FD5109F004070EFFFF8209B00496
:10FAC000040E00FD9E09300807060102B309000775
:10FAD000070100FFB709600805020109BC096008B9
:10FAE00008080000DC099009080B0100080A00085A
:10FAF00008080000280A9009090B00005A0A90081B
:10FB0000080800007A0AF004060B00009B0AB009FE
:10FB1000090B00FDCD0A9009080B0100F90AE0036A
:10FB2000020B0100040B0004050EFEFD270BA008CC
:10FB3000080B0100530BE003020B01005E0BD00E1B
:10FB40000D080100920B900908080100B20BE008B3
:10FB500009080000D60B9009080B01FD020C900962
:10FB6000090B00FD340CC00505080100480C000716
:10FB700007080000640CD005060A0000820C80090A
:10FB800008080100A20CD0070908FF00C60C900C61
:10FB90000D080000FA0CC007080800001A0DD00775
:10FBA000090BFFFD4C0D500707080000680DF0041D
:10FBB000050E00FD8B0D3004020E01FD990DF004C1
:10FBC000050E00FDBC0D200808030003C80DE0056C
:10FBD00006050006D70D600404030003DD0D000ECA
:10FBE0000F0FFFFE4E0E000E0E0B00009B0E000EC0
:10FBF0000E0D00FFF60E000E0E0B0000430FA009C5
:10FC00000A0B00007A0F000E0E0F00FEE30F000E2D
:10FC10000E0F00FE4C10C00F100D00FFB410000EB0
:10FC20000E0F00FE1D11C00F100B00007511000E0D
:10FC30000E0F00FEDE110007070C00FF0812800AFD
:10FC40000B0C00FF4A12C00F100E00FEBA12000E7D
:10FC50000E0B00000713A0090A0F00FE5213400C00
:10FC60000A0E01FE9813400C0D0F00FEFA13400C13
:10FC70000D0D00FF4F14400C0D0D00FFA414400C9F
:10FC80000A0E01FEEA14400C0E0DFFFF4515C008D8
:10FC9000090D00FF8015C008090D00FFBB15400CC1
:10FCA0000D0D00FF1016400C0D0400032A16C00FA6
:10FCB000100B000082168011120F00FE0917C00FF2
:10FCC000110FFFFE8917000E0E0D00FFE417400C08
:10FCD0000D0800011818400C0D0800014C18801187
:10FCE000120B0000AF18000E0E0B0000FC18000EE7
:10FCF0000E0F00FE6519000E0F0FFFFED619400C07
:10FD00000D0D00FF2B1A400C0D0F00FE8D1A400C3C
:10FD10000D0D00FFE21A400C0D0C00FF301B000E11
:10FD20000E0B00007D1BC0080A0FFFFEC81B400C15
:10FD30000D0F00FE2A1C400C0D0F00FE8C1CC00F86
:10FD4000100B0000E41C000E100FFFFE5C1D800A6B
:10FD50000B0F00FEAF1D8011120D00FF241E80113D
:10FD6000120A00007E1E8011120A0000D81E8011A7
:10FD7000120A0000321F8011120A00008C1F80112D
:10FD8000120A0000E61F8011120C00FF5220400CE6
:10FD90000C0F00FEAC20400C0D0F00FE0E21000EDB
:10FDA0000F0FFFFE7F218011120B0000E221800A5D
:10FDB0000B0F00FE3522100E0F0A00000000721F0C
:10FDC00051EF58EF5BEF5CEF5DEF61EF63EF65EFD5
:10FDD00069EF6CEF71EF76EF77EF78EF8EEF93EFDF
:10FDE00098EF9BEF9CEF9DEFA1EFA2EFA3EFA4EFA5
:10FDF000B7EFB8EFBEEFC0EFC1EFC4EFC7EFC8EF8A
:10FE0000C9EFCBEFE3EFE5EF14F015F017F019F0C1
:10FE100030F037F03AF043F06CF074F0ABF03BF1B7
:10FE200090F191F192F193F194F1D7F1E3F13DF278
:10FE300054F2AAF412F7F2F7200000005F0001006C
:10FE4000000000000000000000000200B000000000
:10FE5000F3F76000BCFD0308000000003E00030053
:10FE6000000001020003040502060708090A090A46
:10FE70000B0C000D0E0F101112130C1414000000C7
:10FE80001516171819161A1B1C1D1D1E1F201D1DC7
:10FE90001621222303241E2525262728292A2B0064
:10FEA0002C002D2E2F303132332D343435302D2D82
:10FEB0002E2E36373839333A3A3B3A3C290000097E
:10FEC0003D090000000000000000000000000000EC
:10FED0000000000000000000000000000000000022
:10FEE0000000000000000000000000000000000012
:10FEF0000000000000000000000000000000000002
:10FF000001020003040502060708090A090A0B0C8E
:10FF10000D0E0F10110C12131415150000001617FA
:10FF20001819171919191719191A19191919171947
:10FF30001719031B1C1D1D1E1F2021222300240036
:10FF40002526272727002726282926262A2A272A62
:10FF5000272A2B2C2D2E2E2F2E300000230931097D
:10FF60000000000000000000000000000000000091
:10FF70000000000000000000000000000000000081
:10FF80000000000000000000000000000000000071
:10FF90000000000000000000000000000001000060
:10FFA000000000000001000002000000000200004C
:10FFB0000000000000000000000000000000010040
:10FFC00000000000000000000000000000010A0026
:10FFD00006FB00000000F4F3020B0504F7020B011E
:10FFE00009020700000000000000000000000D02F0
:10FFF000FE0000000000000000000000000400F906
:020000040804EE
:100000000000000000FC04040000FE00FE0200FEF0
:1000100000FEFFFC00000000FE0000FDFD0000FEF1
:1000200000FC000000000000000000FEFE00FD00DB
:10003000FA00E50000FC0004070000FC02020704CF
:10004000FC040000F30000000000000000000000BD
:10005000F80000000000000000000000000000FAAE
:10006000FDF500F7FE00000000000900F9FEFF01A9
:1000700000FC0000FEEF0000000000000000000097
:1000800000EEFE090000000000000000000000007B
:10009000F700000000000000000000070002000060
:1000A000FC00000000000000000000000000000054
:1000B0000000090201000000000000000000000034
:1000C0000000000000000000000000000000000030
:1000D000000000000000000000000000F800000028
:1000E0000000000000000000000000000000000010
:1000F00000000002040207FE000004FEF9E102060F
:100100000400FD00080007000700EB00FD070007E2
:10011000FE0402000001FE0000FC120012000700B5
:1001200009030407000000F80000000001FE0002BF
:10013000FCFDFC0200FE000000F7000000000000D3
:100140000000000000F100000000000000000000BE
:10015000000000000001F400F200000000FE0016A4
:10016000FDFD0202FE00FD020000F40000000000A0
:10017000000000000000EA00020000000000000093
:100180000000000000F2000D0000F8000700F1EA96
:10019000F1FC070000F10003FB00FD00000000007F
:1001A000000000000000000607E50000000000005D
:1001B0000000000000000B0002000000000002022E
:1001C000FDFC00FFFFFE0000FE000000FC00FE0042
:1001D000FBFC00FAF9F9FC00FC00FC00000000FE4A
:1001E0000000020002FE000100000002FE0000000C
:1001F000FE0202FF000000FC00FF00000000000102
:100200000003FE00FD00FC0000FE00070000FE00F1
:1002100000000000FF01FEFE0000FE00FE000000E6
:10022000000000000000FFFF00FEFD0000000000D5
:10023000010000FE00FEFEFE0000000000000000C5
:1002400000FF00000000FEFD00FD00F9FEF90400C3
:1002500000FC02040600FAFFFD00FFF502FE02F4B6
:1002600002000001F400F4FEEDFE00F500040600BB
:1002700003000000000000FCFD00F9000000FE008B
:100280000000FE0000000000FFFF00FFFD00000076
:1002900000000000FEFE00FEFDFE0000FE0000006B
:1002A0000000000000000000FEFE00FD00FE00FC5B
:1002B000020000FD010202000000000000FE00003C
:1002C000000000020000FE00FEFEFD000000000035
:1002D00000000200FE00000000FEFD00FC0007FE22
:1002E00001F9000006F5F4F7FC0200FEF1FC00FC49
:1002F00000FC03FCF200FA000001FF02FE00020015
:10030000F9F700F5FBFBFBF9FDFA00FCFA0100012F
:1003100000FE0000000200020000000000000000DB
:10032000000000FE00FF00FFFE00FCFBFBFF00F9E9
:10033000000000000000FE0000000001FF000000BF
:100340000200000000000000000B000000000000A0
:1003500002000000FE00000000000000000000009D
:10036000FC0002000000000000000000000000008F
:10037000FE000000FC00000000F5F9000000FDF5A3
:100380000000FE0200FA0000000000000000000073
:10039000FC0000FC00000000000000000000000065
:1003A0000200FC00000000030002FCFC00FEFEFD59
:1003B000000000000000F900FE00FDFE00FBFAF95D
:1003C000FE00FC00F900000000120000010000FD2A
:1003D000000200F60000000000EBFC0707FEF7003B
:1003E00002FD00F5FFFD02F0FE030003F8FDF8F941
:1003F000F70000F3000D0000FF000000FFFFFEFA11
:10040000F900EB0000000000000000000100000007
:1004100000000000000000000000000000FE00FFDF
:10042000FEFD0000FC00FE000000000000000000D7
:10043000000000000000FF00FC000004FF0300FBC0
:1004400002FEFFFAFE00FDFEFE00FDFC0000FEFFC6
:10045000FEFCFD0000FE0002FE00FB000000FC00B0
:10046000FC00FCFC020000000000000000FC020098
:10047000FD00FEFDF9FEFEFEFFFEFDFF0000000098
:1004800000FEFEFE0000000003FE00FE000000FE75
:10049000FDFEFEFDFE000209FF00FA00FE0400FE64
:1004A000F7FD030000F5FC02FC0200FEFEF900FD72
:1004B000010000FC0000000202FCFC00FCFEFDFE4E
:1004C000FE00FC01FCFC0700000000000000000032
:1004D000020000000000000000000000000000001A
:1004E0000000000000000000FC0000000000000010
:1004F00000000000000000000000000000000000FC
:1005000000000000000000000000000000000000EB
:1005100000000000FE0000000000000000000000DD
:1005200000000000000000000000000000000000CB
:100530000000FEFE000000000000000000000000BF
:10054000FD0000FD0000FEFE00000000FE000000B7
:1005500000FF0000000000FE00000000FD00FC00A5
:100560000000F90002FB0400FEF50000FBFE00F7AE
:10057000FAFA0000F6FEF7F7F500FA00020FFD00A8
:10058000FBFEFFFEFCFAFCF8F7FBFE0000FE00019C
:100590000000F0FE0705FBF80001F900F5FEFE047F
:1005A000EBFD010000F1FDF4FEF00000F0000D0194
:1005B00000FE00000000FFFEF7FE00F1000000005A
:1005C000F900FE00FFFAF50000FFFDF9FE00FE0055
:1005D000000000F6FEF9F9FEFCFAFEFC00FCFEF954
:1005E000FD00FDFCFEFC000100FEF9000400FC0023
:1005F000000000030002FC0900FEFEFD00000000F8
:100600000000F900FE00FDFE00FBFAF9FE00FC020E
:100610000900000000120000010000FD00020000BF
:10062000000000000000000000000000FEFC0000D0
:10063000000000FF000000FEFE0000FCFE0000FCC9
:100640000004FF000000000000010000000003049F
:1006500002FE00F9FC0007F9F9FCFC090402EDFEBA
:1006600004FE00FE02FEF800FE02FDFEF9FE0000A0
:10067000070400FA00F4FD06FDF701FDF9F9FE0993
:100680000200FD00FA000207FBF8F7FA070001F08C
:10069000FE02FCFEFB00FBF8FDFDFE0000FBFBFE86
:1006A000000705FEF400F4FD00F8F3FFF9FCF9FA89
:1006B000060000FD00FCFE00FEFC0004F902000044
:1006C000F400FEFBFCFEF9FAF9FB00F9FEFBFCF975
:1006D000FE0000010BFC00F9FE00FEFCFBFAFAF73D
:1006E000FDFC0400FD00F5FD0104F9F8FCF907FE2E
:1006F00001EBFC04FBFCF800F9F7FDFEFEFEFBF944
:10070000FF00000706FEF100F3FB05F7F1FCF8F728
:10071000F5F90400000000FD000002FD0402FC04E5
:100720000000F9FF00FF000101FE000000000000D2
:10073000FE0000000002070000FD00000000FEFEB9
:10074000FD0000000102000000000200FE000900A0
:10075000040101FD00040000000200000000000090
:10076000000000000007000600000000000000007C
:10077000000000000000F300FE0400070000160364
:10078000FCFC0202FE01F500000BF300000000007B
:10079000000000000000F1091F0000000000000040
:1007A0000000000000F30000000000000000000056
:1007B0000000000000000000000000000000000039
:1007C000FC0000FCFE000000000000000000000033
:1007D0000000000000000000FE00FA000001000020
:1007E000021DFCFE0706FA0200000202FD000000E6
:1007F0000000000000000000E30600000000000010
:100800000000000000000000000000FA000000FAF4
:1008100000000000FBFF000000FB00FD00F50000F1
:10082000000000000000000000F1000000000100D6
:100830000000000000FE0000FC00FD00FA000000C7
:10084000FC02FD0000FAFEFB0000FA00FE00F500CD
:10085000FE0000EEFCF7FEF80000F100FAFF0000D9
:10086000000000000000FDFCFEFC00000000FB009A
:10087000FB03FE0400FEFBFEFCFC00FDFFFE02FA93
:10088000FF000000ECFEFD00FB00FEF5FE0000FE98
:10089000FE000000000200FEFCFE0400000000005C
:1008A0000000000000000000000000000000000048
:1008B0000000000000000000000000000000000038
:1008C00000000000000003000000000000FB00FE2C
:1008D000000000FC02000000FAFEFC0000FA00FE2E
:1008E00000F500000000EA00FCF8F50000F100FE51
:1008F000FD0000000000000000FEFDFFFD01000003
:1009000004FD00070BFEFEF9030B0405FA030903BF
:1009100006050600000000000000000000000E0BAD
:10092000FCFE00FE120A1200000002000008000097
:10093000FC000000000000000000FE0000000000BD
:100940000000000300000000EDFDFEF7F50000F1DF
:100950000000000000000000000000000000000097
:1009600000FC000000000000000000FE000000008D
:10097000000000000300000000EDFDFEF7F50000A0
:10098000F700000000000000000000000000000070
:1009900000000000FE000000FB0200FE020402F95D
:1009A0000000FE02000200000000FA00FEFEFC0053
:1009B000FEF7000EFE00FBFE00FEFC00FEFAFCFD52
:1009C000000000FC000000000000000000FE00002D
:1009D0000000000000000300000000EDFDFEF7F540
:1009E0000000F10000000000000B0000000000000B
:1009F00000000000FC00F9FDFE07FEFEF701FF010C
:100A0000FEFA000500020102FBF7FD00F7FCFAF711
:100A1000F700FCFCFDFDFEFEFDFE00FEFF030003F3
:100A2000FE0007000000000000000000000000FEC3
:100A3000FEFE0000FA00FF00FC00000000000000C5
:100A400000000000F30000000000000000000000B3
:100A5000FEFE00FD00000000FE0000FCFE0200FCA7
:100A6000FCFE00FAFEFBFEFD00FC000000000000A2
:100A70000000000000F100070000FC00000000FD85
:100A800000FE0000FF0000FE00FB000009FDF9F978
:100A900002020200FA020302070207FEFA0000F750
:100AA0000000F9FA0000FC00FDFC00FD00FD00FE66
:100AB0000300FEF9FE080000FE00FC000003FB003E
:100AC00002FE020000F900FEFF00FE02FE00000030
:100AD000F7FDFB00F90000F50008FE00FC00010036
:100AE000FE00FEF900FE0200000000FE000002FD14
:100AF000010000FDFE00FD000000000000000000FD
:100B00000000000000000000F200050000FE0000F0
:100B100000000000FEFE00000004000500000000D0
:100B200000F2F3010A0704F70209000800040000BC
:100B30000000000000000000000C000000000000A9
:100B40000000000000000000000000009CFF0308FF
:100B500060FE0308FEFE03083D3100004CD603088A
:100B6000CCF8030838FE03084C0B040810000228D8
:100B70004002002043450208ED4402081000030033
:100B800000FF01005C0B04080000000000000000F2
:100B900006F2ECE83699D661963ABE245E05FA056F
:100BA000B1046A4D098EE7CE47FF00FEC0FCA4FAEF
:100BB000A97AF163F39C8AEA8EE3D3EC7AFE5DFFB7
:100BC0000FEA12F376F4DAFD3DFF37AA59BB9BCC4E
:100BD000FCE53EF7B87AB993FBB43DD63EEF585BDF
:100BE000397C5B9D5DC65EEF3E45BE655F96FFBE90
:100BF0009FE7BE2D1E4EBF863FB7BFE73B269C4EEC
:100C0000FD865EB7BFE73325B54D5886FBB69EE738
:100C1000CD653086B4A639CFBDEF6C9EB0AE14C79B
:100C200079DFDDF70AD72EDF73E7B8F7DCFF6BFF5C
:100C30008EFFB3FFD8FFFCFF45FEA9FE10FF76FF35
:100C4000DCFF24FDA9FD70FE16FF9CFF88FB4CFC19
:100C500052FD77FE5CFF6C8B4FA454BD79D65DEFDF
:100C6000937C3595F8B5DBCE7EEFF7BD1CE77DEFC5
:100C7000BEF7DFFFC6E165D145C1E3B0CCD8CBC03C
:100C8000AAA869883589F478D368B148B6597551EE
:100C90003441D230553AF331B2290F195C1CBA1BDA
:100CA0003813340ADC045A04B703B3027805B404D9
:100CB00011040C034F04CD034B0368020845673C45
:100CC000E62BE41A887DE76C4554433346C6A5AD50
:100CD000E49CA283C6FE05FE44FDE2F380FD00FD18
:100CE00060FC60FB60FCE0F360EB80E283F243E2D7
:100CF00002DAA1B9686A065AA54924396F53CC4271
:100D000029328721AE730C630842042100003C02A3
:100D10007804B306EE08280B610D990FD011061464
:100D20003A166C189D1ACB1CF71E212148236C25FE
:100D30008E27AC29C72BDF2DF32F03321034183642
:100D40001C381C3A173C0E3EFF3FEC41D443B645DD
:100D500093476A493C4B084DCD4E8D504652F9534E
:100D6000A5554B57EA58825A135C9C5D1F5F9A60E9
:100D70000D627963DD6439668D67D9681D6A596BC8
:100D80008C6CB76DD96EF36F04710C720B730174B8
:100D9000EE74D275AD767F7747780679BB79677A3E
:100DA0000A7BA27B327CB77C337DA57D0D7E6C7E79
:100DB000C07E0B7F4B7F827FAF7FD27FEB7FFA7F3E
:100DC000FF7F000000000000000404040404040489
:100DD00004040400000000000606060606060500DE
:100DE0000000000000000000000000000000000003
:100DF00002000000000000000000040000020002E9
:100E000002000000000000000202020200020000D6
:100E100000020000000000000200000000010105C7
:100E20000505010500000000100101000000001090
:100E300002020C0C1212000028CF030805960208CB
:100E400000000000000000001F98020800000000E1
:100E50000104000028CF03086D9E0208B99E020815
:100E600000000000C3A3020804010D0000060000FA
:100E700028CF03080DA502080000000000000000B4
:100E800000000000D127D1274402000028CF03082A
:100E900053A902086FA90208000000009DAE0208D5
:100EA000040182008503000028CF030835B502083D
:100EB0005FB50208000000002BB70208D127D12738
:100EC000C402000028CF0308A3BE020805BF020821
:100ED0000000000013C202088200D12705040000B0
:100EE00028CF030827BF020859BF020800000000EE
:100EF000E7C40208000000008002000028CF0308B9
:100F000093CB0208F1CB02080000000085D0020854
:100F1000D127D127C003000028CF030881DF0208B2
:100F2000DBDF0208000000007FE20208D127D127A2
:100F3000C004000028CF030823E4020800000000DA
:100F40000000000035E40208D127D127C0020000CC
:100F500028CF030875E90208000000000000000027
:100F60006BED0208D1278200C5020000180F0408AB
:100F7000000000000000000000000000A9EF0208CF
:100F800000000000C0040000540E04086BF00208CA
:100F90000000000000000000DBF20208000000007A
:100FA0008507000028CF030851F8020879F80208E5
:100FB00000000000F3F9020834001E008402000063
:100FC00028CF0308CD02030809030308000000002E
:100FD000D3080308D127D1278503000028CF0308B1
:100FE0009F1603083717030800000000071A0308BC
:100FF000040182004406000028CF03080D220308E4
:10100000392303080000000000000000C3000401B1
:101010004006000028CF0308412303087523030876
:1010200000000000000000006420D12780020000C2
:1010300028CF0308892303080000000000000000F7
:10104000000000006420D1270000000028CF030822
:10105000AD230308000000000000000000000000B5
:101060006420D1270000000028CF03080000000002
:10107000000000000000000000000000D127D12780
:101080000000000028CF030800000000000000005E
:101090000000000000000000000000000000000050
:1010A00028CF03080000000000000000000000003E
:1010B00000000000000000000000000028CF03082E
:1010C0000000000000000000000000000000000020
:1010D000000000000000000028CF0308000000000E
:1010E0000000000000000000000000000000000000
:1010F000000000002E0000002E2E00002E2E2E00DC
:10110000564F52000000004F4B5200000000564F57
:10111000522B4F4B52000000564F5200000000006F
:101120004F4B520000000000564F522B4F4B5200C5
:10113000564F520000000000434F4E540000000084
:101140004F56415200000000FF0000000000000068
:101150000000000000000000000000006164640066
:10116000006D6F766500736176650064656C0000E4
:10117000C956030800000000935603080000000051
:10118000000000000000000032000000F2FF00003C
:101190000000000000000000000000004C190408DE
:1011A0008F55030800000000000000000000000050
:1011B0003200C4FFF8B901204819040800000000FB
:1011C000000000000000000032000000F2FF0000FC
:1011D0000000000000000000000000009419040856
:1011E000555703082D5B030800000000F75A030859
:1011F00000000000000000000000000032000000BD
:10120000F2FF0000000000000000000000000000ED
:10121000F0190408AF5903080000000000000000A6
:101220000000000032003C00E7FF0000000000006A
:1012300000000000000000004C190408AF5903082A
:101240000000000000000000000000003200C4FFA9
:10125000E4BA0120F81904088F5D030800000000BB
:10126000595D0308000000000000000000000000BD
:1012700032000000F2FF000000000000000000004B
:10128000000000004C190408275C0308000000005F
:10129000000000000000000032003C00F2FF0000EF
:1012A000000000000000000000000000081A040810
:1012B000275C0308000000000000000000000000A0
:1012C0003200C4FF58BB0120481904080000000088
:1012D0004C5555555555A53F7751C1166CC156BF54
:1012E0009015CB19A001FA3EAD529C804F7E92BE64
:1012F000C4B1B4BD9EEE213ED43888BEE9FAA8BD83
:1013000000004054FB21F93F3163621A61B4D03DC3
:101310000000601A61B4D03D7370032E8A19A33B9C
:101320000000002E8A19A33BC14920259A837B39EE
:1013300000000000000000006E83F9A22915444E51
:10134000D15727FCC0DD34F5999562DB4190433CD1
:10135000AB6351FE61C5BBDE3A6E24B7E0D24D42AD
:10136000EA2E49061C92D1091CEB1DFE3EA729B1AD
:10137000F53582E88444BB2E26709CE9417E5FB43B
:1013800039D69139F43953838B5F849C3B28F9BD5E
:10139000FF97F81F0F9805DE8B112FEF1F6D0A5A6C
:1013A000CF7E366DB709CB27663F464F2DEA5F9E4D
:1013B000C7BA27757BF1E5EBF739073DEA92528A08
:1013C000B15FFB6B085D8D1FA6F810111111813FF5
:1013D000D561C119A0012ABF7DFEB157E31DC73EEB
:1013E000EB9C2B8AE6E55ABE7CD5CF5A3AD9E53D2F
:1013F000DDDDDDDDDCBBBBDDDDDDDDDDDDDDDDDD62
:1014000098888888888888887777777777888888A1
:101410008555555666666666666666666668888839
:101420008333333222222222222222222228888D32
:101430005361000057650000546800004D6F0000C4
:101440004672000053750000547500004A756E65C1
:10145000000000004D617263680000004170726915
:101460006C000000446563656D62657200000000F9
:1014700053657074656D6265720000004E6F76652D
:101480006D626572000000004F63746F62657200E8
:1014900041756775737400004D6179004A756C7908
:1014A000000000004A616E756172790046656272E3
:1014B0007561727900000000323032330A32303206
:1014C000320A323032310A323032300A3230313977
:1014D0000A323031380A323031370A323031360A86
:1014E000323031350A323031340A323031330A3257
:1014F0003031320A323031310A323031300A323052
:1015000030390A323030380A323030370A3230302F
:10151000360A323030350A323030340A3230303325
:101520000A323030320A323030310A323030300A4A
:10153000313939390A313939380A313939370A31CB
:101540003939360A313939350A313939340A3139BC
:1015500039330A313939320A313939310A313939B5
:10156000300A313938390A313938380A313938379F
:101570000A313938360A313938350A313938340ABE
:10158000313938330A313938320A313938310A3190
:101590003938300A313937390A313937380A31396F
:1015A00037370A313937360A313937350A31393761
:1015B000340A313937330A313937320A3139373160
:1015C0000A313937300A313936390A313936380A71
:1015D000313936370A313936360A313936350A313A
:1015E0003936340A313936330A313936320A31392B
:1015F00036310A313936300A313935390A3139351F
:10160000380A313935370A313935360A3139353505
:101610000A313935340A313935330A313935320A2C
:10162000313935310A313935300A313934390A31F5
:101630003934380A313934370A313934360A3139D4
:1016400034350A313934340A313934330A313934D2
:10165000320A313934310A313934300A31393339C7
:101660000A313933380A313933370A313933360AD6
:10167000313933350A313933340A313933330A31A8
:101680003933320A313933310A313933300A313999
:1016900032390A313932380A313932370A3139327E
:1016A000360A313932350A313932340A3139323376
:1016B0000A313932320A313932310A313932300A9B
:1016C000313931390A313931380A313931370A3152
:1016D0003931360A313931350A313931340A313943
:1016E00031330A313931320A313931310A31393144
:1016F000300A313930390A313930380A3139303726
:101700000A313930360A313930350A313930340A44
:10171000313930330A313930320A31393031000051
:1017200030310A30320A30330A30340A30350A3068
:10173000360A30370A30380A30390A31300A313146
:101740000A3132000A0000002000000031230000AE
:101750002C0000002D0000002E0000003A000000C8
:10176000414243005F000000610000006200000091
:1017700063000000640000006500000066000000D7
:1017800067000000690000006A0000006B000000B4
:101790006D0000006E0000006F000000700000008F
:1017A000710000007200000073000000740000006F
:1017B000750000007600000077000000780000004F
:1017C000790000007A000000EF808C00EF81930028
:1017D000EF819400EF959A00EF849C00EFA2A200A5
:1017E0000000000041000000420000004300000033
:1017F00044000000450000004600000047000000D3
:1018000048000000490000004A0000004B000000B2
:101810004C0000004D0000004E0000004F00000092
:101820005000000051000000520000005300000072
:101830005400000055000000560000005700000052
:1018400058000000590000005A0000006162630067
:1018500021000000220000002300000024000000FE
:1018600025000000270000002800000029000000DB
:101870002A0000002B0000002F00000031000000B3
:10188000320000003300000034000000350000008A
:10189000360000003700000038000000390000006A
:1018A0003B0000003C0000003D0000003E00000046
:1018B0003F000000400000005B0000005C000000F2
:1018C0005D0000007B0000007D0000002B2F2D003C
:1018D00042746E310000000042746E32000000005D
:1018E00042746E330000000042746E340000000049
:1018F00042746E35000000005F31323334353637C4
:101900003839306162636465666768696A6B6C6DFB
:101910006E6F707172737475767778797A4142431D
:101920004445464748494A4B4C4D4E4F50515253FF
:101930005455565758595A21402324255E262A28A3
:10194000292D3D2B000000005365630056656C0097
:10195000352F730A31302F730A32302F730A333028
:101960002F730A34302F730A35302F730A36302F15
:10197000730A38302F730000564F520A4F4B520AE9
:10198000564F522B4F4B520A434F4E540A4F56411B
:10199000520A00006D6F646500000000302E31486F
:1019A0005A0A302E32485A0A302E33485A0A302EFC
:1019B00035485A0A302E36485A0A302E38485A0AC4
:1019C000312E30485A0A312E36485A0A332E3248C0
:1019D0005A0A352E30485A0A362E34485A0A372EBB
:1019E00032485A0A382E30485A0A3130485A0000D4
:1019F0004672657100000000436F756E7400000050
:101A000031370A3330000000496E63002C1A040895
:101A1000000000201405000000A30308001C0408B7
:101A200014050020CCCF010098AD0308111210124C
:101A300020847A030A200901020304060708090327
:101A40002EFFFF43E03FC5F5FF01202950895401D7
:101A50002E0233041AAA013978011702272D09161C
:101A60004001301E441404083C041A48041A34048B
:101A70001A38041A40041A30041AA4041AAC041ABE
:101A800054041A5C041A98041A4C041A9C041A9000
:101A9000041A70041A88041A7C041A64042E20178D
:101AA0000408B83C1ED1030830D2041AD3041AD457
:101AB0000429109904411AE0081AE0241AE0241AB3
:101AC000842439109904610270FF022080C009CD7E
:101AD000AB3412D4C3B2A1021B6F180E9B8C020848
:101AE000998D0208658E0208CD0C1A23081A9504F8
:101AF0001AB9041ED0180408D8041AE0041E4417AA
:101B00000408E8082AF010190C0130021701952981
:101B10005C0F3E3AFF051901011E1E50190408789A
:101B200004690C9A9C0C110A141A9C1E696803081B
:101B3000E7041ED369030851040C2F316A03C44122
:101B40001E41710308B904180AF9700308C572032D
:101B50000865041AA9041A93041AFD048B0B735820
:101B600013F0030214201E158D03081D041A3D04F2
:101B70001A27041A4D041A65041A75041704030978
:101B800004120123020216403C2E40572602010295
:101B900003011E0F8E030811041A13041A15041AE8
:101BA00017041A19041A210441F2FF1C0902433BCD
:101BB0001125C03209041B01020B13052416100164
:101BC000052401100901042402020524061D010751
:101BD00005823E1CFF090471320A2E0705010240EE
:101BE000072A8107111A315C1A71045A8F641E3753
:101BF0008F030853041A57041A6704819A6B0C4127
:040000050800018965
:00000001FF
